"번호","운영기관명","상품명","운영기관구분","상품구분","학자금유형구분","학교구분","학년구분","성적기준 상세내용","소득기준 상세내용","지원내역 상세내용","특정자격 상세내용","지역거주여부 상세내용","선발방법 상세내용","선발인원 상세내용","자격제한 상세내용","추천필요여부 상세내용","제출서류 상세내용","홈페이지주소","모집시작일","모집종료일"
"1 ","서울특별시 양천구청","일반장학금","지자체(출자출연기관)","장학금","지역연고","과학고국제고마이스터고영재고예술고외국어고일반고자율고제한없음체육고","1학년2학년3학년제한없음","해당없음","○ 중위소득이 100%이내인 자","○ 60만원","○ 고등학생","○ 공고일 기준 양천구 관내에 1년 이상 거주하고 있는 고등학생(주민등록 기준)","○ 전체 지급계획 고려해 선발○ 우선순위는 중위소득 낮은 순 >  한부모 > 다자녀 > 양천구 거주기간※ 접수 결과 예산 범위를 초과할 경우 2025년 양천구 장학금 수혜자는 우선순위에서 제외될 수 있음","○ 50명 (예정)","○ 2026년 국가 또는 타 지방자치단체/민간단체 등(교내 장학금 포함)으로부터 장학금을 받았거나 받을 예정인 자 (단 등록금에 미달하는 장학금을 받는 대학생의 경우는 예외)○ 장학금 종류 중 한가지 분야만 신청가능하며 장학생 신청은 1가구 당 1명에 한함※ 자세한 사항은 첨부파일 또는 홈페이지 참고","○ 주소 관할 동주민센터 동장 추천","○ 장학금 신청서 및 개인정보제공동의서○ 초본 (학생기준/주소이력 포함/주민등록 뒷자리 미포함)○ 동장 추천서※ 자세한 사항은 첨부파일 또는 홈페이지 참고","https://www.yangcheon.go.kr/site/yangcheon/ex/bbs/View.docbIdx=254&bcIdx=313158&mode=","2026-08-31","2026-09-18"
"2 ","서울특별시 양천구청","성적우수장학금","지자체(출자출연기관)","장학금","지역연고","과학고국제고마이스터고영재고예술고외국어고일반고자율고제한없음체육고","1학년2학년3학년제한없음","○ 직전학기 성적이 재적학년 정원의 100분의 20 이내인 자 ○ 고1·2 : 절대평가 과목의 80% 이상에서 A등급 취득·상대평가 과목의 평균 1.42등급 이내 취득자 (고교학점제 반영)○ 고3 : 직전학기 과목별 '석차등급'의 평균 2.75등급 이내 취득자 (9등급제 반영)","해당없음","○ 1인당 60만원","○ 고등학생","○ 공고일(2026. 8. 10.) 기준 양천구 관내에 1년 이상 거주하고 있는 고등학생(주민등록 기준)","○ 학교별 1명 우선 선정○ 나머지 인원은 수급자·차상위 > 한부모 > 다자녀 > 양천구 거주기간 순으로 전체 지급 계획 고려해 선발※ 접수 결과 예산 범위를 초과할 경우 2025년 양천구 장학금 수혜자는 우선순위에서 제외될 수 있음","○ 30명(예정)","○ 2026년 국가 또는 타 지방자치단체·민간단체 등(교내 장학금 포함)으로부터 장학금을 받았거나 받을 예정인 자○ 장학금 종류 중 한가지 분야만 신청 가능하며 장학생 신청은 1가구 당 1명에 한함※ 자세한 사항은 첨부파일 또는 홈페이지 참고","○ 재학중인 학교장 추천 (양천구 외 관외학교 재학생의 경우 학교장 추천서를 첨부하여 주소지 관할 동주민센터에 신청)","○ 장학금 신청서 및 개인정보제공동의서○ 초본 (학생기준/주소이력 포함/주민등록 뒷자리 미포함)○ 학교장 추천서○ 성적증명서○ 수급자·차상위·한부모 가족 증빙서류 (해당하는 경우만 제출)※ 자세한 사항은 첨부파일 또는 홈페이지 참고","https://www.yangcheon.go.kr/site/yangcheon/ex/bbs/View.docbIdx=254&bcIdx=313158&mode=","2026-08-31","2026-09-18"
"3 ","서울특별시 양천구청","특기장학금","지자체(출자출연기관)","장학금","특기자","과학고국제고마이스터고영재고예술고외국어고일반고자율고제한없음체육고","1학년2학년3학년제한없음","해당없음","해당없음","○ 60만원 ","○ 예술·체육·과학(수학 포함) 분야에서 정부/광역지방자치단체/시·도 교육청/법률에 따라 설립된 공공기관·특수법인·법정협회 등이 직접 주최·주관하는 정부/특별시·광역시·도 단위 이상 대회에서 3위 이내 입상한 자※ 입상실적은 공고일(2026.8.10.) 기준 2년 이내에 입상한 대회※ 단체분야 성적은 학교장의 추천을 받은 1명에 한하여 인정","○ 공고일(2026. 8. 10.) 기준 양천구 관내에 1년 이상 거주하고 있는고등학생(주민등록 기준)","○ 학교별 1명 우선 선정○ 나머지 인원은 수급자·차상위 > 한부모 > 다자녀 > 양천구 거주기간 순으로 전체 지급 계획 고려해 선발※ 접수 결과 예산 범위를 초과할 경우 2025년 양천구 장학금 수혜자는 우선순위에서 제외될 수 있음","○ 5명 (예정) ","○ 2026년 국가 또는 타 지방자치단체·민간단체 등(교내 장학금 포함)으로부터 장학금을 받았거나 받을 예정인 자○ 장학금 종류 중 한가지 분야만 신청 가능하며 장학생 신청은 1가구 당 1명에 한함※ 자세한 사항은 첨부파일 또는 홈페이지 참고","○ 재학중인 학교장 추천 (양천구 외 관외학교 재학생의 경우 학교장 추천서를 첨부하여 주소지 관할 동주민센터에 신청)","○ 장학금 신청서 및 개인정보제공동의서○ 초본 (학생기준/주소이력 포함/주민등록 뒷자리 미포함)○ 학교장 추천서○ 대회 수상 증빙서류(공고일(26.8.10.)로부터 2년 이내)○ 수급자·차상위·한부모 가족 증빙서류 (해당하는 경우만 제출)※ 자세한 사항은 첨부파일 또는 홈페이지 참고","https://www.yangcheon.go.kr/site/yangcheon/ex/bbs/View.docbIdx=254&bcIdx=313158&mode=","2026-08-31","2026-09-18"
"4 ","재단법인 대전청년내일재단","희망장학생","지자체(출자출연기관)","장학금","지역연고","과학고국제고마이스터고영재고예술고외국어고일반고체육고","1학년2학년3학년제한없음","○ 학업성적이 6등급 이내인 고등학생○ 고1의 경우 중학교 3학년 1·2학기 원점수가 기재된 과목들의 평균이 50점 이상인 학생","○ 국민기초생활보장법상 수급자 및 차상위 계층의 자녀(한부모 가정 자녀 포함)","○ 70만원","※ 기관확인필요","○ 현재 대전시에 소재한 고등학교에 재학 중인 학생","○ 직전 1년 학업성적 60%/ 가정형편 40%※ 자세한 사항은 첨부파일 또는 홈페이지 참고","○ 125명","○ 징계(출석정지 7일 이상)처분 및 타 도시로 전학하였을 때","○ 학교장 추천 필수","○ 장학금 지원 신청서○ 장학생 추천 및 타 장학금 수혜 확인서○ 주민등록등본○ 개인정보 수집이용 제공 및 조회 동의서○ 성적증명서○ 기초생활수급 증명서○ 보호자 통장 사본※ 자세한 사항은 첨부파일 또는 홈페이지 참고","http://www.dhrdf/or.kr/html/kr ","2025-04-07","2025-04-30"
"5 ","(재)옹진군인재육성재단","응원장학금","지자체(출자출연기관)","장학금","지역연고","과학고국제고마이스터고영재고예술고외국어고일반고자율고제한없음체육고","1학년2학년3학년제한없음","해당없음","해당없음","○ 연 1회 100만원/생활비성○ 중복 지급 가능※ 자세한 사항은 첨부파일 또는 홈페이지 참고","○ 옹진군 소재 초·중·고 통합 3년 이상 재학한 자○ 관내 고등학생(또는 보호자)이 질병·실직·폐업·화재·출소·재난 등 경제적 어려움으로 긴급지원이 필요한 자로 현재 긴급한 어려움을 증명할 자료를 제출한 자※ 자세한 사항은 첨부파일 또는 홈페이지 참고","○ 본인 또는 친권자가 선발 공고일 기준 옹진군에 주민등록을 두고 3년 이상 연속적으로 실거주 하고 있는 자","○ 분야별 성적 및 자격 등의 서류심사를 거쳐 재단 이사회에서 종합적인 심의 후 최종 의결 및 선발","○ 7명(초중고 포함 인원)","※ 기관확인필요","해당없음","○ 장학금 지원신청서○ 개인(신용)정보 수집이용제공 및 조회 동의서○ 실거주 확인서○ 서약서○ 주민등록초본○ 가족관계증명서○ 재학증명서○ 생활기록부○ 보통예금 통장사본○ 기타 추가 서류(해당자)○ 긴급지원 입증 관련 서류※ 자세한 사항은 첨부파일 또는 홈페이지 참고","http://www.ongjin.go.kr","2026-04-20","2026-05-15"
"6 ","(재)인제군장학회","장학생","지자체(출자출연기관)","장학금","지역연고","과학고국제고마이스터고영재고예술고외국어고일반고자율고제한없음체육고","1학년2학년3학년제한없음","○ (신입생)최종학력 성적 상위 5% 이내인 자○ (재학생)직전학년의 성적이 학년석차 상위 5% 범위에 해당하는 자(학교별 5명 이내)","해당없음","○ 50만원","○ 관내 고등학교 신입생 및 재학생","○ 신청일 현재 군 관내에 주소를 두고 2년 이상 거주하고 있는 자/ 보호자 중 한 명 이상이 신청일 기준 군 관내에 2년 이상 계속해서 거주※ 자세한 사항은 첨부파일 또는 홈페이지 참고","※ 기관확인필요","○ 예산의 범위 내에서 성적 순 선발※ 자세한 사항은 첨부파일 또는 홈페이지 참고","○ 인제군 인재육성기금 장학금과의 중복지원 불가○ 편입/ 재입학 등의 사유로 같은 학년을 중복하여 다니게 된 경우 지원받은 학년 중복지급 불가(학년별 1회만 지급)※ 자세한 사항은 첨부파일 또는 홈페이지 참고","○ 학교장 추천","○ 인제군에 2년 이상 거주한 부/모의 주민등록등본○ 통장사본○ 가족관계증명서○ (신입생)고등학교 입학(예정)증명서/성적 입증 가능 서류○ (재학생)재학증명서/성적증명서류○ 학교장 추천서○ 지원서 및 개인정보동의서※ 자세한 사항은 첨부파일 또는 홈페이지 참고","https://www.inje.go.kr/portal","2026-01-19","2026-02-27"
"7 ","(재)인제군장학회","저소득주민자녀 장학생(특별)","지자체(출자출연기관)","학자금","해당없음","과학고국제고마이스터고영재고예술고외국어고일반고자율고제한없음체육고","1학년2학년3학년제한없음","해당없음","○ 아래 중 하나에 해당*국민기초생활 보장법 제2조제2호의 수급자 및 제2조제10호의 차상위계층*주 소득원의 실업으로 생활이 어려워 긴급 지원을 받는 가구","○ 50만원","○ 전국규모의 예체능계 경연대회에서 3위 이내 입상자○ 군민 제안 채택 창안자로 선정된 사람○ 현저희 타의 모범이 될 만한 선행으로 상장을 수여 받은 자※ 자세한 사항은 첨부파일 또는 홈페이지 참고","○ 공고일 및 신청일 기준 현재 관내에 주소를 두고 본인 또는 부양의무자중 한 명 이상이 실제 거주하는 자","○ 신청자 중 생계/의료급여 수급 가구의 자녀를 우선선발 후 성적순으로 선발","※ 기관확인필요","※ 기관확인필요","해당없음","○ 장학금 신청서○ 개인정보제공 및 활용동의서○ 통장사본○ 기타 장학금 종류에 따른 증빙 서류 (성적증명서/재학증명서/추천서 등)※ 자세한 사항은 첨부파일 또는 홈페이지 참고","https://www.inje.go.kr","2026-04-29","2026-05-15"
"8 ","우리다문화장학재단","특기장학","기타","장학금","특기자","과학고국제고마이스터고영재고예술고외국어고일반고자율고제한없음체육고","1학년2학년3학년제한없음","해당없음","해당없음","○ 500만원","○ 특기 및 재능 보유 다문화가족 자녀(8세~34세 : 1993년생~2019년생)○ 예체능 및 어학 특기자/자격기술보유자/직업·진로 특기자 등○ 최근 3년 이내에 전국 규모 이상의 대회 입상실적 또는 이에 상응하는 특기 및 재능 관련 실적자료 제출이 가능해야함○ 학교 재학여부 관계없음(졸업생 및 학교 밖 청소년 신청가능)","해당없음","○ 서류평가 및 역량평가○ 면접 또는 전화 인터뷰(필요시)","○ 40명 ","○ 부모 모두 외국 국적을 가진 가족 및 북한이탈주민 지원불가○ 학업장학과 중복지원 불가능","○ 추천자격에 해당하는 자의 추천 필요○ 추천자격 : 소속학교 학교장/다문화 및 사회 복지기관장/지자체 및 주민센터장/특기재능 관련 전문기관장","○ 장학생 신청서 및 자기소개서○ 재학증명서 또는 재직증명서/졸업증명서 또는 경력증명서○ 장학생 추천서○ 주민등록등본○ 가족관계증명서○ 다문화 학생임을 입증할 수 있는 서류 1부○ 수상 실적 자료 또는 경력 관련 포트폴리오(수상확인서·상장 사본·관련기사 스크랩 등)○ 법정 저소득 증빙서류(해당자)○ 차상위 본인부담경감대상자 증명서(해당자)○ 건강보험자격확인서(해당자)○ 건강보험료 납부확인서(해당자)○ 자원봉사활동 실적확인서(해당자)※ 자세한 사항은 첨부파일 또는 홈페이지 참고","http://www.woorifoundation.or.kr","2026-03-23","2026-04-17"
"9 ","봉평태기장학회","일반장학생","기타","장학금","지역연고","과학고국제고마이스터고영재고예술고외국어고일반고자율고제한없음체육고","해당없음","○ 재학생 : 직전학년 성적순위 10% 이내○ 신입생 : 입학 성적순위 10% 이내","해당없음","○ 50만원","○ 2022년 7월 30일 현재까지 보호자의 본적 또는 주소가 봉평면내에 되어 있는 강원도내 고등학교 재학생 및 신입생","○ 본적을 봉평면내에 두고 기준일 현재 주소가 봉평면낸에 3년 이상 거주하고 있는 자○ 단 본적이 타 지역인 자는 5년 이상 거주","○ 예산범위 내 성적순 선발○ 장학이사회 심의 후 개별 통보 예정","※ 기관확인필요","○ 학자금 면제자○ 타장학금 100만원 이상 수혜대상 확정자","해당없음","○ 장학생 지원서 (소정양식/ 봉평면사무소 비치 / 반명함사진)○ 성적증명서 (학교장 발행)○ 장학금(미)수혜 확인서 (학교장 발행)○ 가족관계등록부○ 주민등록 등·초본※ 자세한 사항은 첨부파일 또는 홈페이지 참고","https://www.pc.go.kr/","2023-12-02","2023-12-11"
"10 ","봉평태기장학회","예체능특기생","기타","장학금","특기자","과학고국제고마이스터고영재고예술고외국어고일반고자율고제한없음체육고","해당없음","해당없음","해당없음","※ 기관확인필요","○ 봉평면내 초/중/고 재학생 중 예체능 특기자로서 前학년 도내 1위 및 전국대회 3위 이내 입상자","○ 본적을 봉평면내에 두고 기준일 현재 주소가 봉평면낸에 3년 이상 거주하고 있는 자○ 본적이 타 지역인 자는 5년 이상 거주","○ 예산범위 내 성적순 선발○ 장학이사회 심의 후 개별 통보 예정","○ 00명○ 체육특기생은 3명 이내 선발","○ 학자금 면제자○ 타장학금 일백만원 이상 수혜대상 확정자","해당없음","○ 장학생 지원서 (소정양식/ 봉평면사무소 비치 / 반명함사진)○ 성적증명서 (학교장 발행)○ 장학금(미)수혜 확인서 (학교장 발행)○ 가족관계등록부/ 주민등록 등·초본 각 1부※ 자세한 사항은 첨부파일 또는 홈페이지 참고","https://www.pc.go.kr/","2023-12-02","2023-12-11"
"11 ","양양군인재육성장학회","우등장학생","기타","장학금","지역연고","과학고국제고마이스터고영재고예술고외국어고일반고자율고제한없음체육고","1학년2학년3학년제한없음","○ 입학 또는 직전학년 재학중의 성적이 재적학년 정원의 100분의 30이내","해당없음","○ 이사회에서 결정(지급년한 : 1년/생활비 명목 장학금)","○ 국내 고등학교 진학 및 재학 중인 자","○ 공고일 현재 양양군에 주소를 두고 2년 이상 실제 거주한 주민 또는 그 주민의 자녀","※ 기관확인필요","○ 이사회에서 결정","※ 기관확인필요","해당없음","○ 장학생 신청서○ 재학증명서(신입생은 합격증명서)○ 주민등록등본 (10년 이상 주소변동사항 포함)○ 본인과 친권자의 주소가 상이할 경우 가족관계증명서 1부 추가○ 성적증명서○ (신입생) 중학교 3학년 성적증명서○ (재학생) 직전학년 성적증명서○ 전년도 세목별 과세증명서(부·모 모두 제출)○ 전/월세 계약서(해당자만 제출)○ 국민기초수급자 또는 차상위 계층 증명 등 기타 심사에 필요한 증빙서류※ 자세한 사항은 첨부파일 또는 홈페이지 참고","http://www.yysc.or.kr","2026-01-19","2026-02-20"
"12 ","양양군인재육성장학회","유공및저소득층자녀장학생","기타","장학금","지역연고","과학고국제고마이스터고영재고예술고외국어고일반고자율고제한없음체육고","1학년2학년3학년제한없음","○ 입학 또는 직전학년 재학중의 성적이 재적학년 정원의 100분의 30이내","○ 기초생활수급자 및 차상위계층","○ 이사회에서 결정(지급년한 : 1년/생활비 명목 장학금)","○ 국가유공자 또는 저소득층(기초생활수급자 및 차상위계층)의 자녀국내 고등학교 진학 및 재학 중인 자","○ 공고일 현재 양양군에 주소를 두고 2년 이상 실제 거주한 주민 또는 그의 자녀","※ 기관확인필요","○ 이사회에서 결정","※ 기관확인필요","해당없음","○ 장학생 신청서○ 재학증명서(신입생은 합격증명서)○ 주민등록등본 (10년 이상 주소변동사항 포함)○ 본인과 친권자의 주소가 상이할 경우 가족관계증명서 1부 추가○ 성적증명서○ (신입생) 중학교 3학년 성적증명서○ (재학생) 직전학년 성적증명서○ 전년도 세목별 과세증명서(부·모 모두 제출)○ 전/월세 계약서(해당자만 제출)○ 국민기초수급자 또는 차상위 계층 증명 등 기타 심사에 필요한 증빙서류※ 자세한 사항은 첨부파일 또는 홈페이지 참고","http://www.yysc.or.kr","2026-01-19","2026-02-20"
"13 ","양양군인재육성장학회","특기장학생","기타","장학금","특기자","과학고국제고마이스터고영재고예술고외국어고일반고자율고제한없음체육고","1학년2학년3학년제한없음","해당없음","해당없음","○ 이사회에서 결정(지급년한 : 1년/생활비 명목 장학금)","○ 예능/체육/기능에 소질과 재능이 뛰어난 학생으로 신청일 기준 1년 이내에 도 주관이상의 대회에서 입상하여 지역의 명예를 드높인 학생○ 국내 고등학교에 진학 및 재학 중인 자","○ 공고일 현재 양양군에 주소를 두고 2년 이상 실제 거주한 주민 또는 그의 자녀","※ 기관확인필요","○ 이사회에서 결정","○ 불인정 대회○ 각종 영리법인 기관 및 단체 주관 대회○ 부정기적인 대회○ 생활인 대회 / 동호인 대회○ 순위가 불명확한 대회 (우수 / 특선 / 입선 등)","해당없음","○ 장학생 신청서○ 재학증명서(신입생은 합격증명서)○ 주민등록등본 (10년 이상 주소변동사항 포함)○ 본인과 친권자의 주소가 상이할 경우 가족관계증명서 1부 추가○ 성적증명서○ (신입생) 중학교 3학년 성적증명서○ (재학생) 직전학년 성적증명서○ 전년도 세목별 과세증명서(부·모 모두 제출)○ 입상 증명서○ 전/월세 계약서(해당자만 제출)○ 국민기초수급자 또는 차상위 계층 증명 등 기타 심사에 필요한 증빙서류※ 자세한 사항은 첨부파일 또는 홈페이지 참고","http://www.yysc.or.kr","2026-01-19","2026-02-20"
"14 ","신용회복위원회","새희망힐링펀드 장학사업","공공기관","장학금","소득구분","과학고국제고마이스터고영재고예술고외국어고일반고자율고제한없음체육고","1학년2학년3학년제한없음","해당없음","○ 저소득 가정의 고등학생(기초생활수급자/법정차상위계층/한부모가족/장애인연금수급자)","○ 1인당 50만원","○ 신용회복위원회 채무조정 성실상환자 본인 혹은 그 자녀○ 아동양육시설 입소 중인 자○ 만 34세 이하○ 신청일 현재 재/휴학 중인 학생","해당없음","○ 신청접수/ 1차심사(적격여부 점검)/ 2차심사/ 최종선정※ 자세한 사항은 첨부파일 또는 홈페이지 참고","○ 채무조정 성실상환자 : 40명○ 아동양육시설 거주자 : 60명","○ 최근 3년 이내 새희망힐링펀드 장학금 기수혜자 지원 불가※ 자세한 사항은 첨부파일 또는 홈페이지 참고","해당없음","○ 장학금 지원 신청서○ 자기소개서○ 개인정보 수집 및 이용 동의서○ 가족관계증명서 또는 주민등록등본○ 재(휴)학증명서○ 기타 해당 서류※ 자세한 사항은 첨부파일 또는 홈페이지 참고","https://www.crrs.or.kr","2026-04-20","2026-06-26"
"15 ","횡성인재육성장학회","성적우수부문","지자체(출자출연기관)","장학금","성적우수","과학고국제고마이스터고영재고예술고외국어고일반고자율고제한없음체육고특성화고","1학년2학년3학년제한없음","○ 신입생 : 내신 성적 통지표상 석차백분율 5% 이내인 자○ 재학생 :  직전 두학기 내신등급이 평균 1.3등급 미만인 자(9등급제의 경우 내신등급 평균 2.0등급 미만인 자)○ 특성화고 등 : 성취도 5단계(ABCDE) 성적 산출 학교의 경우 '보통교과/ 전문교과Ⅰ/ 전문교과Ⅱ' 전년도 이수 과목 교과성적 A가  전체 90% 이상인 자※ 자세한 사항은 첨부파일 또는 홈페이지 참고","해당없음","○ 50만원","○ 신입생 : 면단위 중학교 졸업자는 학교장이 1명 추천 가능※ 자세한 사항은 첨부파일 또는 홈페이지 참고","○ 신청일 현재 본인 또는 보호자의 주민등록 주소지가 1년 이상 계속하여 횡성군에 등록되어 있는 자","○ 신청인원이 공고인원 보다 많은 경우 선발배점이 높은 순으로 선발※ 자세한 사항은 첨부파일 또는 홈페이지 참고","○ 24명","○ 2026 횡성인재육성장학회 장학금(향토장학금/ 예체능미래인재장학금) 수혜자○ 농업인자녀학자금/다자녀학자금 대상자○ 새마을지도자/의용소방대 장학금 대상자※ 자세한 사항은 첨부파일 또는 홈페이지 참고","○ 학교장 추천(해당자에 한함)","○ 장학금 지원신청서 ○ 개인정보동의서○ 자기소개서○ 주민등록초본 또는 등본○ 성적증명서○(신입생) 졸업중학교/내신성적통지표○ (재학생) 전년도 성적증명서○ 학교장추천서(해당자)※ 자세한 사항은 첨부파일 또는 홈페이지 참고","http://www.hssf.or.kr/","2026-02-04","2026-02-19"
"16 ","횡성인재육성장학회","예능특기부문","지자체(출자출연기관)","장학금","특기자","과학고국제고마이스터고영재고예술고외국어고일반고자율고제한없음체육고","1학년2학년3학년제한없음","해당없음","해당없음","○ 50만원","○ 최근 1년 이내 도교육감 주최 및 중앙단위(전국) 3위 이내 또는 도 단위 1위의 입상 경력이 있는 자","○ 신청일 현재 본인 또는 보호자의 주민등록 주소지가 1년 이상 계속하여 횡성군에 등록되어 있는 자","○ 선발기준에 따라 배점을 합산하여 점수가 높은 자 선발○ 단체로 입상한 경우 예산의 범위내에서 이사회에서 결정※ 자세한 사항은 첨부파일 또는 홈페이지 참고","○ 7명 (중·고등 총합)","○ 2026 횡성인재육성장학회 장학금(향토장학금/ 예체능미래인재장학금) 수혜자○ 농업인자녀학자금/다자녀학자금 대상자○ 새마을지도자/의용소방대 장학금 대상자※ 자세한 사항은 첨부파일 또는 홈페이지 참고","해당없음","○ 지원신청서○ 개인정보동의서○ 자기소개서○ 주민등록초본 또는 등본○ 상장사본 또는 관련 증명서 ※ 자세한 사항은 첨부파일 또는 홈페이지 참고","http://www.hssf.or.kr/","2026-02-04","2026-02-19"
"17 ","횡성인재육성장학회","희망장학부문","지자체(출자출연기관)","장학금","소득구분","과학고국제고마이스터고영재고예술고외국어고일반고자율고제한없음체육고특성화고","1학년2학년3학년제한없음","○ 성적우수 분야○ 신입생:내신성적 통지표상 석차백분율 30% 이내인 자○ 재학생:직전 두 학기 내신등급이 평균 3.5등급 미만인 자(9등급제의 경우 내신등급 평균 6.0등급 미만인 자)○ 특성화고 등 : 성취도 5단계(ABCDE)성적 산출 학교의 경우 보통교과/전문교과I 전문교과II 전년도 이수 교과 성적 평균이 D이상인 자","○ 저소득층:기초생활수급권자/차상위계층○ 취약계층:한부모/조부모/다문화 가정으로 부양의무자의 합산 월 소득이 기준중위소득70% 이하(예능분야 및 체육분야는 장애가정 포함)※ 자세한 사항은 첨부파일 또는 홈페이지 참고","○ 50만원","○ 예능/체육분야○ 예고/체고 입학 또는 재학생 ○ 일반고 재학생은 도단위 이상 포상실적 또는 이에 준하는 포상실적이 있는 자(저소득층 및 장애가정) / 전국 종목별 3위 이내 포상실적이 있는 자(한부모·조부모·다문화 가정)※ 자세한 사항은 첨부파일 또는 홈페이지 참고","○ 신청일 현재 본인 또는 보호자의 주민등록 주소지가 1년 이상 계속하여 횡성군에 등록되어 있는 자","○ 신청인원이 공고인원 보다 많은 경우 선발배점이 높은 순으로 선발※ 자세한 사항은 첨부파일 또는 홈페이지 참고","○ 성적우수:8명(저소득 4명 + 취약계층 4명)○ 예능특기:2명(중·고 총합)○ 체육특기:2명(중·고 총합)","○ 2026 횡성인재육성장학회 장학금(향토장학금/ 예체능미래인재장학금) 수혜자○ 농업인자녀학자금/다자녀학자금 대상자○ 새마을지도자/의용소방대 장학금 대상자※ 자세한 사항은 첨부파일 또는 홈페이지 참고","해당없음","○ 지원신청서○ 개인정보동의서○ 자기소개서○ 주민등록초본 또는 등본○ 수급자증명서/소득증빙서류/장애등급증명서(해당하는 서류제출)○ 성적증명서(성적우수부문)○ 상장사본 또는 관련 증명서(예술/체육 특기)○ 기타 해당자 제출 서류※ 자세한 사항은 첨부파일 또는 홈페이지 참고","http://www.hssf.or.kr/","2026-02-04","2026-02-19"
"18 ","한국연극인복지재단","연극인 자녀 장학금","기타","장학금","해당없음","과학고국제고마이스터고영재고예술고외국어고일반고자율고제한없음체육고","1학년2학년3학년제한없음","해당없음","해당없음","○ 최대 100만원","○ 데뷔 후 연극 활동 경력이 15년 이상인 연극인의 자녀○ 고등학교에 입학/재학 중인 자","해당없음","○ 우선대상 : 지속적인 창작활동으로 한국연극 발전에 기여한 연극인/한부모·다자녀 가정의 연극인/부 연극인","○ 10명 내외","○ 작년/올해 재단 사업 수혜내역이 있는 가구의 경우 지원 불가(건강검진사업 제외)○ 당해 연도 가구 당 자녀 한 명 지원(가구 당 중복지원 불가)○ 재단 장학금 기 지원받은 동일 자녀의 3년 이내 중복지원 불가○ 성폭력범죄 관련 형 또는 치료감호의 선고를 받은 자○ 성법죄 혐의와 관련하여 수사를 받거나 또는 기소되어 판결이 확정되지 않은 자","해당없음","○ 신청서○ 신분증 및 통장 사본○ 가족 구성원이 포함된 주민등록등본○ 재학증명서 또는 입학증명서※ 자세한 사항은 첨부파일 또는 홈페이지 참고","http://plays.or.kr/xe/news_notice/39677","2026-07-06","2026-07-26"
"19 ","한국노총장학문화재단","장학생","기타","장학금","기타","과학고국제고마이스터고영재고예술고외국어고일반고자율고제한없음체육고","1학년2학년3학년제한없음","해당없음","해당없음","○ 100만원","○ 노총산하 조합원 및 일반 근로자 중 직업병으로 인하여 재활교육을 받는학생○ 근로청소년으로서 야간 정규학교에 재학중인자와 순직조합원 및 근로자의 유자녀○ 조합원 및 일반 근로자와 그 자녀·형제·자매(조합원 및 그 형제·자매 중 체육특기자로서 시/도 단위이상의 체육대회에서 입상한 학생)○ 저소득 비정규직 근로자 자녀","해당없음","※ 자세한 사항은 첨부파일 또는 홈페이지 참고","※ 기관확인필요","※ 자세한 사항은 첨부파일 또는 홈페이지 참고","○ 소속학교장 및 회원조합위원장 추천 필요○ 저소득 비정규직 근로자 자녀로서 관련단체 대표자 추천한 학생","○ 본 재단 소정 양식에 해당 사항을 세밀히 작성 후 각 회원조합을 경유하여 재단 사업본부로 일괄 제출○ (재단 홈페이지 : https://jh.inochong.org)","http://jh.inochong.org/","2026-04-01","2026-04-28"
"20 ","연필장학재단","장학생","기타","장학금","기타","과학고국제고마이스터고영재고예술고외국어고일반고자율고제한없음체육고","1학년2학년3학년제한없음","해당없음","해당없음","○ 3년 간 연 2회 각 60만원 지급","○ 학교 교장선생님 추천학생을 원칙으로 국가장학금 및 다른 기관 장학금을 받지 않는 학생","해당없음","※ 기관확인필요","○ 00명","※ 기관확인필요","○ 학교장 추천","○ 학교장추천서○ 장학생동의서○ 재학증명서○ 성적증명서○ 생활기록부○ 자기소개서○ 통장사본○ 증명사진 2장※ 자세한 사항은 첨부파일 또는 홈페이지 참고","http://www.pensaf.dowebi.net/","2026-03-16","2026-04-06"
"21 ","원덕읍향토장학회","장학생","지자체(출자출연기관)","장학금","지역연고","일반고","1학년2학년3학년제한없음","해당없음","해당없음","○ 원덕읍향토장학회 이사회에서 심의 및 의결한 선발인원 및 확정금액 지급","○ 원덕읍 지역출신의 고등학생 혹은 원덕고등학교 재학생","○ 공고일 기준 본인 또는 부모 중 1인 이상 원덕읍 관내에 3년이상 주민등록상 거주한 자","○ 1차 서류심사 및 적격여부를 검토한 후 원덕읍향토장학회 이사회에서 심의 및 의결한 서발인원 및 확정금액 지급○ 원덕고등학교 재학생의 경우 학교장이 추천하여 선발(개인신청 불가)","※ 기관확인필요","○ 휴학중인 자○ 평생교육법에 의거 설립한 학교 재학생※ 자세한 사항은 첨부파일 또는 홈페이지 참고","○ 원덕고등학교 재학생은 출신 주소와 관계없이 학교장 추천에 의함","○ 주민등록등본 ○ 가족관계증명서○ 주민등록초본○ 재학증명서○ 통장사본○ 개인정보동의서○ 장학금신청서(원덕고 재학생)※ 자세한 사항은 첨부파일 또는 홈페이지 참고","http://www.samcheok.go.kr","2025-09-22","2025-10-10"
"22 ","삼성면장학회","특기장학","지자체(출자출연기관)","장학금","지역연고","과학고국제고마이스터고영재고예술고외국어고일반고자율고제한없음체육고","1학년2학년3학년제한없음","해당없음","해당없음","○ 100만원","○ 공공기관 및 민간단체가 주최·주관한 전국 규모 이상 대회에서 수상한 자 내지 국가대표로 선발된 고등학생○ 2025.1.1.~2025.12.31. 이내 수상실적이 있는 자○ 단체로 수상한 경우 학교장 추천을 받은 1명만 신청","○ 공고일 현재 1년 이상 충북 음성군 삼성면에 주소를 두고 계속 거주하고 있는 면민 또는 면민의 자녀","○ 대회규모별 수상실적 순으로 평가○ 전국대회 아시아대회 세계대회○ 3위 2위 1위※ 자세한 사항은 첨부파일 또는 홈페이지 참고","○ 1명","○ 음성군 내 타 장학회와 중복 수혜 받은 자※ 자세한 사항은 첨부파일 또는 홈페이지 참고","○ 학교장 추천 (단체 수상의 경우)","○ 신청서○ 주민등록등본○ 통장사본(본인 또는 부모)○ 상장사본○ 가족관계증명서(학생 주소가 음성군이 아닌 경우)○ (단체수상자) 학교장 추천서※ 자세한 사항은 첨부파일 또는 홈페이지 참고","삼성면장학회.kr","2026-03-09","2026-03-27"
"23 ","순천시인재육성장학회","성적우수장학금","지자체(출자출연기관)","장학금","지역연고","마이스터고일반고특성화고","1학년2학년3학년","○ 직전학기 성적이 환산평가 점수가 60(100만점) 이상","해당없음","○ 특성화고/일반계고 : 100만원○ 방송통신고 : 70만원","○ 순천시 관내 소재 학교의 재학생","○ 공고일 현재 보호자(부 또는 모/후견인) 또는 학생 본인이 순천시에 주민등록을 두고 6개월 이상 계속 거주 하고 있는 고등학생","○ 성적 500/ 소득 200 (700점 만점)","○ 총 28명○ 특성화고 : 10명○ 일반계고 : 17명○ 방송통신고 : 1명","○ 1가구 2명 이상 지급 불가※ 자세한 사항은 첨부파일 또는 홈페이지 참고","해당없음","○ 순천시인재육성장학금 신청서○ 개인정보 수집·이용 및 제공·조회 동의서○ 주민등록등본○ 가족관계증명서○ 재학증명서○ 통장사본○ 직전학기 성적증명서○ 건강보험료 납부확인서○ 건강보험료 자격확인서○ 장학금 수혜 확인서※ 자세한 사항은 첨부파일 또는 홈페이지 참고","http://www.scij.kr/","2025-09-29","2025-10-24"
"24 ","순천시인재육성장학회","학력신장장학금","지자체(출자출연기관)","장학금","지역연고","특성화고","해당없음","○ 직전학기 대비 성적이 20%이상 향상된 고등학교 재학 중인 학생(직전학기 환산평가 점수가 4.0이상인자)","해당없음","○ 100만원","○ 순천시 관내 소재 학교의 재학생","○ 공고일 현재 보호자(부 또는 모/후견인) 또는 학생 본인이 순천시에 주민등록을 두고 6개월 이상 계속 거주 하고 있는 고등학생","○ 신장율○ 과목별 석차 등급을 환산평가 후 비교※ 자세한 사항은 첨부파일 또는 홈페이지 참고","○ 14명(특성화고 4명 / 일반계고 10명)","○ 1가구 1인※ 자세한 사항은 첨부파일 또는 홈페이지 참고","○ 소속 학교장","○ 순천시인재육성장학금 신청서○ 개인정보 수집·이용 및 제공·조회 동의서○ 주민등록등본○ 가족관계증명서○ 재학증명서○ 통장사본○ 직전학기 성적증명서○ 추천서※ 자세한 사항은 첨부파일 또는 홈페이지 참고","http://www.scij.kr/","2024-10-07","2024-10-25"
"25 ","장흥군인재육성장학회","저소득고등학생","지자체(출자출연기관)","장학금","지역연고","과학고국제고마이스터고영재고예술고외국어고일반고자율고제한없음체육고","1학년2학년3학년제한없음","○ 신입생:입학성적이 학년 전체인원이 100분의 50이내인 자○ 재학생:2025년도 2학기 성적이 학년 전체인원의 100분의 50이내인 자","○ 국민기초생활보장법 상 수급자","※ 기관확인필요","○ 군내에 거주하고 주소를 둔 국민기초생활보장법 상 수급자 중 고등학교 신입생 또는 재학생","○ 신청일 현재 장흥군에 등록기준지 또는 1년 이상 계속해서 주민등록을 두고 군내 초·중 중 1개교 이상을 졸업한 자","※ 기관확인필요","※ 기관확인필요","○ 관내고 진학 성적우수 중학생 특별지원 대상자와 중복 지급 가능","해당없음","○ 장학금지원 추천 신청서○ 읍·면장 확인/추천서○ 주민등록등본○ 가족관계증명서○ 재학증명서○ 성적증명서○ 졸업증명서○ 장학금지급통장사본○ 국민기초생활수급대상자 증명서 등(읍면장 확인/추천서로 대체)※ 자세한 사항은 첨부파일 또는 홈페이지 참고","http://www.jangheung.go.kr","2026-02-12","2026-03-06"
"26 ","장흥군인재육성장학회","특별격려장학생","지자체(출자출연기관)","장학금","지역연고","과학고국제고마이스터고영재고예술고외국어고일반고자율고제한없음체육고","해당없음","해당없음","해당없음","※ 기관확인필요","○ 관내 초중고교 중 1개 이상을 졸업한 자로서 2026년 각 학교 신입생 또는 재학생○ 행정/사법/외무/기술고시 등 국가고시에 합격하여 임용된 자 (향우와 그 자손 포함)※ 자세한 사항은 첨부파일 또는 홈페이지 참고","○ 학생 또는 보호자가 신청 마감일 기준 장흥군에 1년 이상 주민등록 주소지를 두고 있는 자","○ 인재육성장학회 이사 심의 및 선발","○ 예산 범위 내","※ 기관확인필요","○ 읍·면장 추천","※ 기관확인필요","http://www.jangheung.go.kr","2026-02-12","2026-03-06"
"27 ","장흥군인재육성장학회","특별격려장학생(체육특기자)","지자체(출자출연기관)","장학금","지역연고","과학고국제고마이스터고영재고예술고외국어고일반고자율고제한없음체육고","1학년2학년3학년제한없음","해당없음","해당없음","※ 기관확인필요","○ 전국체전 또는 소년체전 이상 대회에서 3등 이상 입상자○ 중앙부처가 주최하는 전국 문화.예술 기능대회 등에서 3등 상당 이상 입상자○ 기타 전국단위 대회에서 대통령상 이상 수상자○ 국제대회에 국가대표 자격으로 출전 입상자○ 체육특기자 육성을 위해 장흥군체육회에서 추천한 자※ 자세한 사항은 첨부파일 또는 홈페이지 참고","○ 학생 또는 보호자가 신청 마감일 기준 장흥군에 1년 이상 주민등록 주소지를 두고 관내 초중고교 중 1개 이상을 졸업한 자로서 2026년 각 학교 신입생 또는 재학생","○ 인재육성장학회 이사 심의 및 선발","※ 기관확인필요","※ 기관확인필요","○ 장흥군 체육회장 추천","※ 기관확인필요","http://www.jangheung.go.kr","2026-02-12","2026-03-06"
"28 ","강원랜드사회공헌위원회","하이원SOS장학","기타","장학금","지역연고","과학고국제고마이스터고영재고예술고외국어고일반고자율고제한없음체육고","해당없음","해당없음","○ 모집 시작일 기준 1년 이내 발생한 갑작스러운 가정/ 경제 위기상황으로 학업에 심각한 어려움을 겪고 있는 학생※ 자세한 사항은 첨부파일 또는 홈페이지 참고","○ 100만원~300만원","○ 전국 폐광지역(7개 시/군) 소재 중·고등학교 재학생※ 자세한 사항은 첨부파일 또는 홈페이지 참고","해당없음","※ 자세한 사항은 첨부파일 또는 홈페이지 참고","○ 중/고/대학생 합하여 00명","○ 2024년도 강원랜드 멘토링 장학생(나눔/키움) 중복 지원 불가○ SOS 선발 이력이 있을 경우 동일 사유로 지원 불가○ 1가구당 연 1회 제한※ 자세한 사항은 첨부파일 또는 홈페이지 참고","○ 기관 추천 : 교육지원청/ 학교/ 시·군·구 주민자치센터(희망복지지원단)/ 청소년 센터/ 복지관※ 자세한 사항은 첨부파일 또는 홈페이지 참고","○ 장학생 추천서○ 장학금 신청서○ 재학증명서○ 개인정보 수집·이용 동의서○ 가족관계증명서○ 경제상황 및 위기상황 증빙서류※ 자세한 사항은 첨부파일 또는 홈페이지 참고","http://csr.high1.com","2024-09-02","2024-12-31"
"29 ","수도권매립지주민지원협의체","우수장학생","기타","장학금","성적우수","과학고국제고마이스터고영재고예술고외국어고일반고자율고제한없음체육고","2학년3학년","○ 2025년도 1·2학기 성적이 1~2등급 80% 이상인 자","해당없음","○ 100만원","○ 고등학생(신입생 제외)","○ 수도권매립지 주변영향지역에 공고일 기준 현재 2년 이상 거주한 주민 또는 주민의 자녀","※ 기관확인필요","※ 기관확인필요","○ 2025년도 검단장학재단 및 2025년도 드림파크 장학재단 장학금 수여자 제외○ 동일 세대 지원자 2인 이상일 경우 1인만 지급○ 외국 유학생 및 교환학생※ 자세한 사항은 첨부파일 또는 홈페이지 참고","해당없음","○ 장학생신청서○ 재학증명서○ 성적증명서○ 개인정보 수집 등 동의서○ 주민등록 등·초본 각 1통씩○ 장학금 지급 통장사본※ 자세한 사항은 첨부파일 또는 홈페이지 참고","https://www.slc.or.kr/","2026-01-07","2026-01-20"
"30 ","우덕재단","우(友) 장학금","지자체(출자출연기관)","장학금","해당없음","과학고국제고마이스터고영재고예술고외국어고일반고자율고제한없음체육고","1학년2학년","※ 자세한 사항은 첨부파일 또는 홈페이지 참고","※ 자세한 사항은 첨부파일 또는 홈페이지 참고","○ 합격자에 한하여 별도 공개","○ 국내 고등학교에 재학 중인 대한민국 국적의 학생○ 다문화 가정○ 장애가정 (본인 또는 부모)○ 기초생활수급 등 가정환경이 어려운 가정※ 자세한 사항은 첨부파일 또는 홈페이지 참고","※ 자세한 사항은 첨부파일 또는 홈페이지 참고","○ 1차 서류 합격자에 한해 2차 전화인터뷰 후 최종 선발","○ 00명","○ 타 재단 장학금과 우장학금은 중복 수혜 가능하나 타 재단 측에도 중복 수혜 가능 여부를 확인※ 자세한 사항은 첨부파일 또는 홈페이지 참고","※ 자세한 사항은 첨부파일 또는 홈페이지 참고","○ 직전학기 성적 증명서 (고등 신입생의 경우 중학교 3학년 성적증명서 첨부)○ 건강보험료 납입 증명서○ 기초생활수금 증명서※ 자세한 사항은 첨부파일 또는 홈페이지 참고","https://www.udeokfoundation.or.kr/business/uscholarship","2026-04-01","2026-04-08"
"31 ","사회복지공동모금회","6.25 참전용사 후손 장학","기타","장학금","해당없음","과학고국제고마이스터고영재고예술고외국어고일반고자율고제한없음체육고","1학년2학년3학년제한없음","○ 해당없음","○ 가구원 소득이 중위소득 100% 이하","○ 100만원","○ 6.25 참전유공자 후손(고손/증손/손자/자녀)","○ 공고일 이전부터 주민등록상 경상남도 진주시/사천시/산청군/고성군에서 생활하는 실 거주자","※ 자세한 사항은 첨부파일 또는 홈페이지 참고","○ 10명","○ 장학금 신청공고일 이후 선정 해당 지역 학교로 전학 예정자 또는 해당 지역 학교 외로 전학 예정인 학생은 지원 불가○ 실 거주지가 선정 해당 지역이 아닌 자 또는 장학금 신청공고일 이후 선정 해당 지역으로 주민등록을 변경한 자는 지원 불가※ 자세한 사항은 첨부파일 또는 홈페이지 참고","○ 해당없음","○ 장학금 지원신청서○ 개인정보 수집  이용 및 제공 동의서○ 경제상황 증빙서류○ 국가유공자(참전유공자) 확인원 ○ 제적등본(625참전유공자 기준)※ 자세한 사항은 첨부파일 또는 홈페이지 참고","www.mpva.go.kr","2026-04-14","2026-04-27"
"32 ","재단법인 대정장학재단","장학생","기타","장학금","기타","과학고국제고마이스터고영재고예술고외국어고일반고자율고제한없음체육고","2학년3학년","○ 고등학교 성적 평균점수 75점 이상","○ 가족합산 건강보험료 월평균 납입액이 20만원 이하인 자(2025년도 기준)","○ 연간 300만원 (생활비)○ 심사후 고교 졸업시까지 지급(대학교 진학시 4학년까지 지급)","○ 2026년도 현재 고등학교 2.3학년 재학생(한 학교당 지원자를 2명으로 제한함)○ 2026년도 제2학기 휴학예정자 지원 불가","해당없음","○ 서류심사","○ 00명","※ 기관확인필요","○ 담임 선생님 추천서","○ 장학생 선발 지원서○ 자기소개서○ 고등학교 생활기록부○ 가족관계증명원○ 보호자의 건강보험료 납부확인서(2025년도)○ 고등학교 재학 중 사회봉사활동 확인서○ 담임 선생님 추천서(자유양식)※ 자세한 사항은 첨부파일 또는 홈페이지 참고","http://www.daejungaf.com","2026-07-20","2026-08-21"
"33 ","당진발전본부장학회","성적장학금","기타","장학금","지역연고","과학고국제고마이스터고영재고예술고외국어고일반고자율고제한없음체육고","1학년2학년3학년제한없음","해당없음","해당없음","○ 성적 상위 30% 각 100만원○ 성적 상위 50% 각 80만원○ 성적 하위 50% 각 60만원","○ 해당년도 재학생 중 해당 학교장의 추천을 받은 학생","○ 현재 발전소 주변지역에 주민등록을 두고 거주하고 있으면서 모집 공고일을 포함하여 10년 이내 실거주기간이 연속 또는 합산 5년 이상 되는 주민 또는 그 자녀※ 자세한 사항은 첨부파일 또는 홈페이지 참고","※ 기관확인필요","※ 기관확인필요","○ 국가공무원 수당 등에 관한 규정 또는 지방공무원 수당 등에 관한 규정  제 11조의 규정에 따라 자녀의 학비보조수당을 지급받고 있는 공무원의 자녀 및 한국동서발전(주)의 직원 및 그 자녀는 장학생 선발대상에서 제외","○ 학교장 추천","○ 당진발전본부장학회 성적장학생(중·고등학생) 선발지원서※ 자세한 사항은 첨부파일 또는 홈페이지 참고","http://www.ewp.co.kr/kor/main/main.asp ","2026-09-01","2026-09-23"
"34 ","당진발전본부장학회","복지장학금","기타","장학금","지역연고","과학고국제고마이스터고영재고예술고외국어고일반고자율고제한없음체육고","1학년2학년3학년제한없음","해당없음","해당없음","○ 100만원","○ 신청일 현재 기준 다문화가정/다자녀가정(3자녀 이상)/기초수급자/차상위계층/장애(1~4등급)학생/한부모가정/새터민가정 중 어느 하나에 해당하는 재학생 중 해당 학교장의 추천을 받은 학생","○ 현재 발전소 주변지역에 주민등록을 두고 거주하고 있으면서 모집 공고일을 포함하여 10년 이내 실거주기간이 연속 또는 합산 5년 이상 되는 주민 또는 그 자녀※ 자세한 사항은 첨부파일 또는 홈페이지 참고","※ 기관확인필요","※ 기관확인필요","○ 국가공무원 수당 등에 관한 규정 또는 지방공무원 수당 등에 관한 규정 제 11조의 규정에 따라 자녀의 학비보조수당을 지급받고 있는 공무원의 자녀 및 한국동서발전(주)의 직원 및 그 자녀","○ 학교장 추천","○ 당진발전본부장학회 복지장학생(초·중·고·대학생) 선발지원서※ 자세한 사항은 첨부파일 또는 홈페이지 참고","http://www.ewp.co.kr/kor/main/main.asp ","2026-09-01","2026-09-23"
"35 ","당진발전본부장학회","특기장학금","기타","장학금","특기자","과학고국제고마이스터고영재고예술고외국어고일반고자율고제한없음체육고","1학년2학년3학년제한없음","해당없음","해당없음","○ 100만원","○ 신청일 현재 기준 최근 1년 이내 예·체능 분야에서 교육청 및 시/군단위 이상의 대회에서 입상한 학생 중 해당 학교장의 추천을 받은 학생","○ 현재 발전소 주변지역에 주민등록을 두고 거주하고 있으면서 모집 공고일을 포함하여 10년 이내 실거주기간이 연속 또는 합산 5년 이상 되는 주민 또는 그 자녀※ 자세한 사항은 첨부파일 또는 홈페이지 참고","※ 기관확인필요","※ 기관확인필요","○ 국가공무원 수당 등에 관한 규정 또는 지방공무원 수당 등에 관한 규정 제 11조의 규정에 따라 자녀의 학비보조수당을 지급받고 있는 공무원의 자녀 및 한국동서발전(주)의 직원 및 그 자녀","○ 학교장 추천","○ 당진발전본부장학회 특기장학생(초·중·고등학생) 선발지원서※ 자세한 사항은 첨부파일 또는 홈페이지 참고","http://www.ewp.co.kr/kor/main/main.asp ","2026-09-01","2026-09-23"
"36 ","통영시지속가능발전교육재단","인재육성장학금(우수)","지자체(출자출연기관)","장학금","특기자","과학고국제고마이스터고영재고예술고외국어고일반고자율고제한없음체육고","1학년2학년3학년제한없음","해당없음","해당없음","○ 1인 최대 1000만원","○ 우수장학생○ 예·체·능에 재능있는 고등학생으로 문학 예술 체육 등 특정분야에 재능이 우수하여 전국단위 공인대회 3위 이내 또는 도단위 공인대회 1위 이내에 입상한 사람○ 그 밖에 위원회에서 발전 가능성을 인정한 사람","○ 본인이 통영시 관할 학교를 6년 이상 재학하거나 주민등록상 6년 이상 통영시에 주소를 두고 직계존속이 공고일 현재 통영시에 주민등록이 되어있고 10년 이상 주소를 둔 자","※ 자세한 사항은 첨부파일 또는 홈페이지 참고","○ 00명","○ 기수혜자 중 3회 초과 선발된 자","○ 학교장추천서","○ 지원신청서(개인정보 수집/활용 동의서 포함)○ 장학금 지급대상 기준 충족 증빙 서류○ 학교장추천서○ 자기소개서○ 실적인정 기간 이내 수상 실적표 및 상장 사본○ 재학증명서○ 자신의 재능을 나타낼 수 있는 포트폴리오※ 자세한 사항은 첨부파일 또는 홈페이지 참고","http://tyrce.or.kr/main/main.php","2025-10-01","2025-10-31"
"37 ","심헌문화재단","예체능장학생","기타","장학금","특기자","과학고국제고마이스터고영재고예술고외국어고일반고자율고제한없음체육고","1학년2학년3학년제한없음","해당없음","○ 차상위계층/ 기초생활수급권 등 가정형편이 어려운 학생 우대","※ 기관확인필요","○ 문화/예술/체육 등 예체능 분야에 특별한 소질이 있는 관내 고등학생○ 대회 입상자 우대","해당없음","※ 기관확인필요","○ 1개교당 1명으로 추천제한(단 재단 장학생 선발위원회에서 인정한 경우 예외)","○ 1개교당 1명으로 추천 제한","해당없음","○ 장학금 신청서 1부○ 자기소개서 1부○ 학교생활기록부 1부○ 대회 입상 증명서 1부○ 경제적 상황 증빙 서류 1부※ 자세한 사항은 첨부파일 또는 홈페이지 참고","https://www.simhun.or.kr","2026-01-05","2026-01-23"
"38 ","인슐레이션코리아드림재단","장학생","기타","장학금","기타","과학고국제고마이스터고영재고예술고외국어고일반고자율고제한없음체육고","1학년2학년3학년제한없음","해당없음","해당없음","○ 100만원","○ 고등학생○ 학업성적이 우수한 자 또는 저소득층 자녀※ 자세한 사항은 첨부파일 또는 홈페이지 참고","해당없음","※ 기관확인필요","○ 60명","○ 학업의 연속성이 끊기는 휴학생 복학예정 재수생○ 수여식 행사 당일 참석하지 않으면 합격 취소 가능※ 자세한 사항은 첨부파일 또는 홈페이지 참고","○ 학교장/ 교사 등※ 자세한 사항은 첨부파일 또는 홈페이지 참고","○ 장학금 신청서○ 자기소개서○ 재학증명서○ 성적증명서○ 추천서○ 통장사본○ 신분증사본 앞면(미성년자의 경우 학생증 가능)○ 개인정보활용동의서○ 기초수급자 증명서(해당자)※ 자세한 사항은 첨부파일 또는 홈페이지 참고","http://www.ikdream.kr","2025-12-29","2026-01-05"
"39 ","사단법인한국장애인단체총연맹","성장 자립 지원금","기타","장학금","해당없음","과학고국제고마이스터고영재고예술고외국어고일반고자율고제한없음체육고","1학년2학년3학년제한없음","해당없음","해당없음","○ 과학기술정보통신부 ‘2026년 정보통신보조기기 보급 활성화 사업’ 선정자 대상 자부담금(개인부담금) 전액 지원","○ 과학기술정보통신부 ‘2026년 정보통신보조기기 보급 활성화 사업’에 신청하여 최종 선정된 장애학생","해당없음","※ 기관확인필요","※ 기관확인필요","※ 기관확인필요","해당없음","○ 2026년 정보통신보조기기 보급 활성화 사업 보급결정 통지문(지자체 발송)○ 재학증명서○ 자부담금 납부 증빙자료○ 통장사본(신청자 본인 통장)※ 자세한 사항은 첨부파일 또는 홈페이지 참고","https://kofdo.kr","2026-07-16","2026-08-13"
"40 ","포항공과대학교","POSTECH 총장장학생","기타","장학금","해당없음","과학고국제고마이스터고영재고예술고외국어고일반고자율고제한없음체육고","3학년","해당없음","해당없음","○ 1인당 5천만원 바우처 (특별 총장장학생 선정자 발생 시 1인당 최대 2억원 바우처 지원)","○ 2027학년도 POSTECH 입학전형에 지원 가능한 고등학교 졸업예정자○ 아래 기준을 모두 충족하는 자 학업 능력이 매우 우수하거나 탁월한 이공계 소양 및 재능을 보유한 학생 POSTECH에서 성장하고자 하는 의지를 갖춘 자 자기주도적으로 자신의 길을 탐색하고 개척해 나가는 진취적인 성향의 학생","해당없음","○ 서류 접수  후보자 인터뷰  OT 및 협약식  2027학년도 학부 입학전형  최종 대상자 확정※ 자세한 사항은 첨부파일 또는 홈페이지 참고","○ 최대 10명 이내 선발 예정","※ 기관확인필요","○ 교사 추천","○ 필수 제출 서류 지원서 1부(자기소개서 개인정보 수집 및 이용동의서) 학교생활기록부 1부 성적 입력표 교사추천서 1부○ 선택 제출 서류 우수성 입증 자료 목록(예: 대내외 수상 경력 연구 성과 등) 우수성 입증 자료 증빙자료(최대 10건)※ 자세한 사항은 첨부파일 또는 홈페이지 참고","https://admu.postech.ac.kr/entranceexam/postechpresidentfellowship/","2026-07-13","2026-07-27"
"41 ","포항공과대학교","POSTECH 반도체 리더 장학생(PSLF)","기타","장학금","해당없음","과학고국제고마이스터고영재고예술고외국어고일반고자율고제한없음체육고","3학년","해당없음","해당없음","○ 등록금·기숙사비 : 전액 지원○ 특별장학금 : 연간 1천만원○ 성적우수장학금 : 연간 3백만원○ 해외 연수비 : 재학중 6백만원○ 해외 교육 프로그램 : 재학중 최대 550만원+a○ 입학 장려금 : 입학시 230만원○ 국내 학회 등록비 : 재학중 실비 지원※ 자세한 사항은 첨부파일 또는 홈페이지 참고","○ 2027학년도 POSTECH 입학전형에 지원 가능한 고등학교 졸업예정자○ 아래 기준을 모두 충족하는 자  학업 능력이 매우 우수하거나 탁월한 이공계 소양 및 재능을 보유한 학생 POSTECH에서 성장하고자 하는 의지를 갖춘 자  반도체 분야 미래 글로벌 리더가 되고자 하는 도전 정신과 열정을 가진 학생","해당없음","○ 서류 접수  후보자 온라인 인터뷰  2027학년도 학부 입학전형  최종 대상자 확정※ 자세한 사항은 첨부파일 또는 홈페이지 참고","○ 10명 이내 선발 예정","※ 기관확인필요","○ 교사 추천","○ 필수 제출 서류 지원서 1부(자기소개서 개인정보 수집 및 이용동의서) 학교생활기록부 1부 성적 입력표 교사추천서 1부○ 선택 제출 서류 우수성 입증 자료 목록(예: 대내외 수상 경력 연구 성과 등) 우수성 입증 자료 증빙자료(최대 10건)※ 자세한 사항은 첨부파일 또는 홈페이지 참고","해당없음","2026-07-13","2026-07-27"
"42 ","계룡장학재단","장학생","기타","장학금","해당없음","과학고국제고마이스터고영재고예술고외국어고일반고자율고제한없음체육고","1학년2학년3학년제한없음","○ 학습능력이 우수한 학생","○ 기초생활수급/차상위계층/한부모가정/본인 또는 부모 장애","○ 고등학교 1년간 학습보조비 지원금 200만원 (학기별 100만원 지급)","○ 2026년도 고등학교 입학 예정자 또는 재학생○ 경제적 형편이 어려우나 학습능력이 우수한 사회배려층 자녀","해당없음","※ 기관확인필요","※ 기관확인필요","※ 기관확인필요","○ 담당교사 추천서","○ 장학생 추천서○ 고등학교 생활기록부○ 자기소개서○ 경제적 상황 증명 서류(기초생활수급자 증명서/한부모가족 증명서/차상위계층 증명서/보호자의 건강보험료 납부증명서)○ 주민등록등본○ 통장 사본○ 개인정보수집 및 이용동의내용※ 자세한 사항은 첨부파일 또는 홈페이지 참","https://krfoundation.krcon.co.kr","2026-03-05","2026-03-17"
"43 ","예향교회","장학금","기타","장학금","기타","과학고국제고마이스터고영재고예술고외국어고일반고자율고제한없음체육고","1학년2학년3학년제한없음","○ 신입생의 경우 중학교 성적 적용 ※ 자세한 사항은 첨부파일 또는 홈페이지 참고","○ 가정형편을 고려하여 선발","○ 50만원","○ 지급일 현재 세례교인 이상 (교회등록 1년 이상인 자)○ 교육부에서 인정한 고등학생","해당없음","○ 신청자 중 다음세대 교사는 가산점 부여※ 기관확인필요","※ 기관확인필요","○ 중고등학생 6년간 3회로 수혜 제한○ 수여식 미참석자○ 형제나 자매 동시 신청 시 중복지급 불가※ 자세한 사항은 첨부파일 또는 홈페이지 참고","○ 일반 장학생A : 담당교구 교역자/담당 부서의 교역자 추천○ 일반 장학생B : 다음세대 담당교역자 추천","○ 지원서○ 추천서 일반장학생A : 담당교구 교역자/담당 부서의 교역자 추천 일반장학생B : 다음세대 담당교역자 추천○ 재학증명서 (신입생의 경우 합격통지서)○ 장학금 수혜 자기평가설문○ 자기소개서○ 성적증명서※ 자세한 사항은 첨부파일 또는 홈페이지 참고","http://yeahyang.net/","2026-07-26","2026-08-09"
"44 ","녹색교통","장학생","기타","장학금","기타","과학고국제고마이스터고영재고예술고외국어고일반고자율고제한없음체육고","1학년2학년3학년제한없음","해당없음","○ 기초생활수급가정 / 한부모지원가정 / 차상위계층을 포함한 중위소득 70% 내외 가정","○ 장학금 50만원○ 문화체험 활동 등의 교육사업 ○ 기타 지원 사업○ 장학금은 불기별 지원(1/4/7/10월 지급)※ 자세한 사항은 첨부파일 또는 홈페이지 참고","○ 교통사고로 부모가 사망했거나 중증후유장애를 입은 가정의 자녀○ 교통안전공단에서 장학금을 받지 못하는 가정의 자녀○ 고등학교 재학생","해당없음","※ 기관확인필요","※ 기관확인필요","○ 교통사고 유자녀 가정 세대별 1명만 지원○ 장학금 지원 중에 자퇴할 경우 지원 중단 후 복학 시 지원 재개함","해당없음","○ 녹색교통운동 장학금 신청서○ 개인정보수집 동의서○ 장학금활용계획서○ 주민등록등본○ 재학증명서○ 신청학생 명의 통장사본○ 교통사고사실 확인을 증명할 수 있는 서류(교통사고사실확인원/보험금지급확인원/사망진단서/사고 당시 최조 진료 기록부/장애잔단서)○ 생활형편 증빙서류(국민기초생활수급자/근로소득원천징수영수증/건강보험료납부확인서/재산세납부증명)※ 자세한 사항은 첨부파일 또는 홈페이지 참고","http://www.greentransport.org","2024-09-01","2024-09-30"
"45 ","재단법인 인천동구장학재단","배움나래장학생","지자체(출자출연기관)","장학금","해당없음","과학고국제고마이스터고영재고예술고외국어고일반고자율고제한없음체육고","2학년","해당없음","해당없음","○ 20만원 이내","○ 고등학교 2학년 재학생 중 수학여행 경비 신청자","○ 공고일 기준 본인 또는 보호자가 인천광역시 동구에 2년이상 주민등록을 두고 있는 자","○ 거주조건 및 학년조건 확인 후 타 기관 및 단체에서 지원받는 금액이 있는 경우 우선 차감 후 발생하는 자부담금 지원","○ 00명","○ 신청자격 미충족자 및 수학여행 미실시자","해당없음","○ 배움나래 장학생 신청서○ 장학생 서약서○ 개인정보 수집이용제공 및 조회 동의서○ 주민등록초등본○ 가족관계증명서○ 수학여행 경비 납입영수증○ 통장사본○ 장학생 선발에 필요하다고 인정되는 기타 서류※ 자세한 사항은 첨부파일 또는 홈페이지 참고","https://www.icdonggu.go.kr/","2025-06-30","2025-07-11"
"46 ","재단법인 인천동구장학재단","희망드림장학생","지자체(출자출연기관)","장학금","해당없음","과학고국제고마이스터고영재고예술고외국어고일반고자율고제한없음체육고","1학년2학년3학년제한없음","해당없음","○ 가정형편이 어려운 아래 저소득층 기준을 충족하는 자○ 국민기초생활 보장법 상 기초생활수급자 차상위계층○ 한부모가족지원법 상 한부모가족○ 가정형편이 어려워 학교장 또는 동장 등이 추천한 중위소득 100% 이하 가구 학생※ 자세한 사항은 첨부파일 또는 홈페이지 참고","○ 100만원","해당없음","○ 공고일 기준 본인 또는 보호자가 인천광역시 동구에 2년 이상 주민등록을 두고 있는 자","○ 자격요건을 충족하는 신청자 중 배점이 높은 순으로 선발○ 가산점 부여: 장애인가구 5점○ 동점자 처리 기준 : 동구 거주기간이 오래된 자 장애인가구 순으로 선발 ","○ 초 중 고등학생 30명","○ 희망드림 장학생 기수혜자 (2024~)○ 동일 가구 내 1명만 신청 가능능","○ 중위소득 100% 이하 가구 해당자는 학교장 또는 동장 추천 필요","○ 장학생 신청서○ 장학생 서약서○ 개인정보 수집 이용 제공 및 조회 동의서○ 신청인의 주민등록초등본○ 저소득층 증명서○ 통장사본○ 보호자의 주민등록등본○ 가족관계증명서○ 건강보험료 납부 자격 확인서○ 장학생 추천서○ 해당자 서류 ※ 자세한 사항은 첨부파일 또는 홈페이지 참고","https://www.icdonggu.go.kr/","2026-06-08","2026-06-19"
"47 ","한국방정환재단","꿈이룸 가형 장학금","기타","장학금","소득구분","과학고국제고마이스터고영재고예술고외국어고일반고자율고제한없음체육고","1학년2학년3학년제한없음","해당없음","해당없음","○ 100만원 ~ 최대 200만원○ 수업료 및 기타(학교) 교육경비(학교운영비/ 방과후수강권/ 체험학습비/ 수학여행비 등) 용도로 사용가능","○ 웰컴금융그룹 고객 본인 또는 고객 자녀로서 가정·경제상황의 악화로 장학금이 필요한 고객 자녀 고등학생","해당없음","※ 기관확인필요","○ 000명(중·고·대학생 포함한 인원)","※ 기관확인필요","○ 담임교사 추천서(학생활기록부로 대체가능)","○ 장학금신청서○ 주민등록등본○ 개인정보제공 동의서○ 추천서○ 부모의 건강보험자격확인서 및 건강보험료 납부 확인서○ 소득/재산 입증서류(해당자)※ 자세한 사항은 첨부파일 또는 홈페이지 참고","http://www.welcomefg.co.kr","2026-06-26","2026-07-20"
"48 ","한국방정환재단","꿈이룸 나형 장학금","기타","장학금","성적우수","과학고국제고마이스터고영재고예술고외국어고일반고자율고제한없음체육고","2학년3학년","○ 최근 1년 학업성적 상위 15% 이내 (학년 석차 기준)○ 고교학점제 시행학교의 경우 보통교과 상위 15% 이내 및 진로선택과목 성취도 평균 B이상","해당없음","○ 100만원 ~ 최대 240만원(심사결과에 따라 차등지급)○ 수업료 및 기타(학교) 교육경비(학교운영비/ 급식비/ 방과후수강권/ 체험학습비/ 수학여행비 등)","○ 웰컴금융그룹 고객 자녀○ 2026년 기준 고등학교 2학년 이상인 학생","해당없음","○ 경제적 형편을 우선적으로 고려하여 선발","○ 000명(대학생 포함 인원)","※ 기관확인필요","○ 담임교사 추천","○ 장학금신청서○ 주민등록등본○ 개인정보제공 동의서○ 담임교사 추천서○ 부모의 건강보험자격확인서 및 건강보험료 납부 확인서○ 소득/재산 입증서류(해당자)○ 성적증명서※ 자세한 사항은 첨부파일 또는 홈페이지 참고","http://www.welcomefg.co.kr","2026-06-26","2026-07-20"
"49 ","(재)여객선안전진흥재단","장학생","기타","장학금","기타","과학고국제고마이스터고영재고예술고외국어고일반고자율고제한없음체육고","1학년2학년3학년제한없음","해당없음","해당없음","○ 인당 100만원","○ 아래사항에 해당하는 선원의 자녀로서 고등학교 재학생○ (취업선원) 내항여객선 승선경력이 1년 이상○ (장해선원) 재해발생당시 승선경력이 1년 이상인 자로서 장해판정을 받은 선원 중 실업기간이 2년이상○ (순직선원) 순직당시 승선경력이 1년 이상※ 자세한 사항은 첨부파일 또는 홈페이지 참고","해당없음","○ 학업성적/ 해당 선원의 승선/ 무사고 경력년수 및 근속년수 등을 고려해 선발※ 자세한 사항은 첨부파일 또는 홈페이지 참고","○ 2명 이내","○ 첨부서류 등이 허위로 작성되었을 경우○ 중복심사에서 중복지원 또는 지원불가로 구분되었을 경우","○ 아래 해당하는 자의 추천서 제출(택1)○ 해양수산부 연안해운과장○ 한국해운조합 지부장○ 여객선 사업주○ 학교장","○ 장학생선발지원서○ 추천서○ 개인정보 수집·이용·제공 동의서○ 신청선원의 주민등록등본 또는 가족관계증명서○ 성적증명서○ 전년도 해당선원의 근로소득원천징수영수증 사본○ 승무경력증명서○ 재학증명서○ 순직사실확인서(해당자)※ 자세한 사항은 첨부파일 또는 홈페이지 참고","https://www.theksa.or.kr","2024-08-05","2024-08-16"
"50 ","재단법인박승희장학재단","코스모스장학금","기타","장학금","기타","과학고국제고마이스터고영재고예술고외국어고일반고자율고제한없음체육고","1학년2학년3학년제한없음","해당없음","해당없음","※ 기관확인필요","○ 선발공고일 현재 대한민국에 주소를 두고 거주하는 자 또는 그 자녀○ 이 땅의 민주주의와 진보적인 사회 발전을 위하고 열사의 정신을 구현하기 위해 모범적으로 활동하는 자 또는 그 자녀","해당없음","※ 기관확인필요","※ 기관확인필요","○ 장학생 신청은 1세대 1명○ 다른 장학재단(장학회)에서 장학혜택을 수혜 받고 있는 자 제외(국가/교내 장학금은 중복 수혜 가능)○ 장학증서 수여식 필참※ 자세한 사항은 첨부파일 또는 홈페이지 참고","해당없음","○ 코스모스 장학금○ 코스모스 장학생 신청 및 추천서○ 개인(신용)정보 수집/이용/제공 및 조회 동의서 및 서약서○ 자기소개서○ 주민등록 등/초본○ 가족관계등록부(부모님과 주소가 다른 경우)○ 박승희 평전 서평※ 자세한 사항은 첨부파일 또는 홈페이지 참고","http://cafe.daum.net/cosmos91","2025-01-06","2025-01-14"
"51 ","재단법인박승희장학재단","복지장학금","기타","장학금","소득구분","과학고국제고마이스터고영재고예술고외국어고일반고자율고제한없음체육고","1학년2학년3학년제한없음","해당없음","해당없음","※ 기관확인필요","○ 선발 공고일 현재 대한민국에 주소를 두고 거주하는 자 또는 그 자녀○ 학업을 계속하기 위하여 사회적 배려가 필요한 자","해당없음","※ 기관확인필요","※ 기관확인필요","○ 장학생 신청은 1세대 1명○ 다른 장학재단(장학회)에서 장학혜택을 수혜받고 있는 자 제외(국가/교내 장학금은 중복 수혜 가능)○ 장학증서 수여식 필참※ 자세한 사항은 첨부파일 또는 홈페이지 참고","해당없음","○ 복지장학금 자녀 장학생 신청 및 추천서○ 개인(신용)정보 수집/이용/제공 및 조회 동의서 및 서약서○ 자기소개서○ 학교생활기록부○ 주민등록 등/초본○ 가족관계증명서 (부모님과 주소가 다른 경우)○ 기초생활수급자 및 차상위계층 확인서 (해당자)○ 박승희 평전 서평※ 자세한 사항은 첨부파일 또는 홈페이지 참고","http://cafe.daum.net/cosmos91","2025-01-06","2025-01-14"
"52 ","(재)전남광주통합특별시 서구 장학재단","다자녀장학금","지자체(출자출연기관)","장학금","지역연고","과학고국제고마이스터고영재고예술고외국어고일반고자율고제한없음체육고","1학년2학년3학년제한없음","○ 2025년 1학기 전과목 평균 5등급 이내","해당없음","○ 70만원","○ 3자녀 이상의 가정","○ 공고일 현재 광주광역시 서구에 주민등록 상 1년 이상 주소를 둔 주민과 그 자녀","※ 기관확인필요","○ 10명","○ 2024년 서구 장학재단 장학생으로 선발되어 장학금을 지원받은 학생○ 2024년 다자녀 유형 선발 학생 가정은 다자녀 유형으로 재신청 불가○ 1가구 1인 선발○ 선발유형별 1개 분야만 신청 가능","해당없음","○ 장학금 지원신청서○ 개인정보 수집·이용·제공 및 조회 동의서○ 주민등록 등본○ 재학증명서○ 성적증명서○ 통장사본○ 장학신청 확인서○ 부모 기준의 가족관계증명서※ 자세한 사항은 첨부파일 또는 홈페이지 참고","http://seogu.gwangju.kr","2025-09-01","2025-10-01"
"53 ","(재)전남광주통합특별시 서구 장학재단","예체능특기장학금","지자체(출자출연기관)","장학금","해당없음","과학고국제고마이스터고영재고예술고외국어고일반고자율고제한없음체육고","1학년2학년3학년제한없음","해당없음","해당없음","○ 200만원※ 고등학교 졸업시까지 최대 3년 장학금 지급","○ 예체능(음악/미술/체육) 분야의 특기를 보유한 자로서 학교장의 추천을 받은 자○ 24~26년 전남광주통합특별시 광주지역 주관 대회 또는 그 이상 규모의 대회에서 3위 이상 입상자(단체 스포츠 종목의 경우 대회 우승자)※ 자세한 사항은 첨부파일 또는 홈페이지 참고","○ 공고일 현재 전남광주통합특별시 서구에 주민등록 상 1년 이상 주소를 둔 주민과 그 자녀","※ 기관확인필요","○ 1명","○ 서구장학재단으로 선발되어 장학금을 지원받은 학생○ 예체능 특기 장학생으로 선정되었으나 예체능 특기생 활동을 중도 포기한 경우※ 자세한 사항은 첨부파일 또는 홈페이지 참고","○ 학교장 추천","○ 장학금 지원 신청서○ 개인정보 수집·이용·제공 및 조회 동의서○ 주민등록등본○ 재학증명서○ 성적증명서○ 통장사본○ 장학신청 확인서○ 학교장 추천서○ 입상 증빙자료※ 자세한 사항은 첨부파일 또는 홈페이지 참고","http://seogu.gwangju.kr","2026-08-03","2026-09-30"
"54 ","(재)전남광주통합특별시 서구 장학재단","학교밖청소년(기관추천)장학금","지자체(출자출연기관)","장학금","해당없음","과학고국제고마이스터고영재고예술고외국어고일반고자율고제한없음체육고","1학년2학년3학년제한없음","해당없음","해당없음","○ 70만원","○ 2026년도 초중고졸 검정고시에 응시 또는 합격한 학교 밖 청소년으로서 학교 밖 청소년 지원시설장의 추천을 받은 자","○ 공고일 현재 전남광주통합특별시 서구에 주민등록 상 1년 이상 주소를 둔 주민과 그 자녀","※ 기관확인필요","○ 4명","○ 서구장학재단으로 선발되어 장학금을 지원받은 학생※ 자세한 사항은 첨부파일 또는 홈페이지 참고","○ 학교 밖 청소년 지원시설장 추천","○ 장학금 지원 신청서○ 개인정보 수집·이용·제공 및 조회 동의서○ 주민등록등본○ 통장사본○ 장학생 추천서※ 자세한 사항은 첨부파일 또는 홈페이지 참고","http://seogu.gwangju.kr","2026-08-03","2026-09-30"
"55 ","엔젤스헤이븐타조장학회","꿈더하기장학생","기타","장학금","기타","과학고국제고마이스터고영재고예술고외국어고일반고자율고제한없음체육고","1학년2학년3학년제한없음","해당없음","해당없음","○ 1인당 최대 100만원","○ 기존 장학생(재심사를 통해 최대 5년 지원)","해당없음","※ 기관확인필요","○ 0명","○ 한 가정에 한 자녀만 장학 신청 가능※ 자세한 사항은 첨부파일 또는 홈페이지 참고","※ 기관확인필요","○ 장학금 신청서○ 자기소개서○ 추천서○ 개인정보 수집.이용 및 제3자 제공 동의서○ 재학증명서○ 성적증명서○ 주민등록등본○ 경제상황 증빙서류: 기초생활수급자/차상위계층/기타저소득층(해당자에 한함)※ 자세한 사항은 첨부파일 또는 홈페이지 참고","http://www.angelshaven.or.kr/","2024-03-04","2025-03-14"
"56 ","강화군산림조합","조합원자녀장학금","기타","장학금","기타","일반고","1학년2학년3학년제한없음","해당없음","해당없음","○ 50만원","○ 조합원 자녀 및 직계 손자손녀중 현재 고등학교에 재학중인 자○ 조합원 신분을 3년 이상 보유한 조합원○ 출자금 200만원 이상 납입한 조합원○ 1가구 1자녀 지원","해당없음","○ 조합원 자녀 신청서 작성 및 접수 장학생 심의의원회 심사기준으로 결정","○ 6명","○ 조합원 자녀기준 총 2회에 한하여 지급하되 매년 연속지급은 불가하며 고등학교 1회 지원","해당없음","○ 장학생 신청서 1부○ 재학증명서 1부○ 2023년도 성적증명서○ 고등학교 1학년생은 중학교 3학년 성적증명서○ 조합원의 가족임을 증명할 수 있는 서류※ 자세한 사항은 첨부파일 또는 홈페이지 참고","http://kanghwa.nfcf.or.kr","2024-05-13","2024-05-24"
"57 ","재단법인민들레장학회","드림 장학금","기타","장학금","성적우수","과학고국제고마이스터고영재고예술고외국어고일반고자율고제한없음체육고","해당없음","○ 성적 우수자로 장학금 신청 기준 직전 학기 성적이 상위 30% 이내인 자","해당없음","※ 기관확인필요","○ 국내 고등학교 재학생○ 본인의 계획 및 비전을 구체적으로 밝힐 수 있는 자○ 올바른 인성과 배려·비전을 품고 있는 자","해당없음","※ 기관확인필요","※ 기관확인필요","○ 타 장학금과 중복혜택 불가능※ 자세한 사항은 첨부파일 또는 홈페이지 참고","○ 지도 교사 및 학교장 추천","○ 지원신청서○ 주민등록등본○ 성적증명서○ 재학증명서○ 추천서○ 통장사본※ 자세한 사항은 첨부파일 또는 홈페이지 참고","http://www.m.mdrsf.kr/","2026-07-16","2026-08-06"
"58 ","백곡장학회","장학생","기타","장학금","지역연고","과학고국제고마이스터고영재고예술고외국어고일반고자율고제한없음체육고","1학년2학년3학년제한없음","해당없음","해당없음","○ 50만원","○ 성적우수장학생○ 예체능장학생:도 단위 이상 대회에서 3위 이내 입상자○ 효행장학생","○ 공고일 현재 친권자 또는 본인이 주민등록상 주소를 계속해서 2년 이상 백곡면 내에 둔 자○ 백곡면에 거주하는 고등학생 또는 부모의 고등학생 자녀","○ 선발순위: 성적우수/ 예체능/ 효행","○ 5명","○ 퇴학 또는 징계(제적/정학)을 받았을 때○ 사회적 물의를 야기했을 때※ 자세한 사항은 첨부파일 또는 홈페이지 참고","○ 효행장학생:학교장/읍면장의 추천을 받은 자","○ 장학생 신청서○ 장학생 추천서○ 장학생 신상카드○ 개인정보 수집/이용/제공 동의서○ 재학증명서○ 성적증명서(2025년 1학기)○ 주민등록등본○ 가족관계증명서○ 친권자의 재산세과세증명서○ 생활보호대상자증명서(해당자)※ 자세한 사항은 첨부파일 또는 홈페이지 참고","http://www.jincheon.go.kr/village04/main.do","2025-11-24","2025-12-12"
"59 ","수협재단","수협 장학금","기타","장학금","소득구분","과학고국제고마이스터고영재고예술고외국어고일반고자율고제한없음체육고","1학년2학년3학년제한없음","해당없음","○ 법정사회보장대상자 또는 중위소득 100%이내에 해당하는 가구","○ 100만원(생활비 보조 성격 장학)","○ 국내 고등학교에 재학 중인 가정형편이 어려운 어업인 자녀○ 고등학교 및 고등학교 학력이 인정되는 평생교육시설과 이와 동등한 학력이 인정되는 각종 학교 재학생","해당없음","○ 가정형편이 어려운 순으로 선발","○ 00명","○ 수협 (상근) 임직원의 배우자 및 (손)자녀 지원불가○ 2025년 장학관 입사예정자 지원 불가(법정사회보장대상자는 제한 없음)○ 1가구당 최대 1명 지원○  동일 자녀(어업인) 중복지원 불가※ 자세한 사항은 첨부파일 또는 홈페이지 참고","○ 회원조합을 통해 신청/ 회원조합이 재단으로 추천","○ 추천서(조합작성)○ 지원서○ 자기소개서○ 개인정보 수집·이용 동의서○ 수협과의 특수관계 부존재 확인서○ 조합원 증명서○ 주민등록등본○ 가족관계증명서○ 재학증명서 또는 합격증명서○ 장학금 입금 통장사본○ 기타 해당 서류※ 자세한 사항은 첨부파일 또는 홈페이지 참고","http://www.shfoundation.or.kr","2026-01-05","2026-01-23"
"60 ","굿패밀리복지재단","굿패밀리장학생","기타","장학금","소득구분","과학고국제고마이스터고영재고예술고외국어고일반고자율고제한없음체육고","1학년2학년3학년제한없음","해당없음","해당없음","○ 30만원","○ 학업성적이 우수하고 성실하며 타의 모범이 되는 학생○ 가정 사정으로 인해 학비조달이 어려운 학생","해당없음","○ 서류심사","○ 20명","○ 최근 1년 내 기수혜자","○ 아래 추천인 중 택1하여 추천서 제출 대원교회 담당목회자 또는 교사 지역학생은 교회목회자(연회/노회 소속) 고등학교 교사","○ 장학금 신청서○ 자기소개서○ 추천서※ 자세한 사항은 첨부파일 또는 홈페이지 참고","http://goodfamily.or.kr/","2026-06-22","2026-07-27"
"61 ","서대문구청","카페폭포행복장학생","지자체(출자출연기관)","장학금","해당없음","과학고국제고마이스터고영재고예술고외국어고일반고자율고제한없음체육고","1학년2학년3학년제한없음","해당없음","○ 25년 가구원수별 기준 중위소득 100%이하의 생활이 곤란한 저소득 가구의 학생","○ 서대문구 청년희망드림기금운용심의위원회 결정","○ 공고일 포함 서대문구 소재 고등학교 재학생○ 서대문구 출생자 또는 관내 학교를 졸업한 자 중 문화 예술 체육 등의 분야에서 서대문구의 명에와 위상을 드높인 고등학생 ○ 초중등 교육법 제2조에 해당되는 학교를 재학 중인 학생 ○ 팀 카페로 필수 활동","○ 공고일 포함 서대문구에 1년 이상 주민등록을 둔 관외 소재 고등학생","※ 기관확인필요","○ 서대문구 청년희망드림기금운용심의위원회 결정","해당없음","해당없음","○ 장학금 신청서○ 장학생 추천의견서○ 주민등록등초본○ 재학증명서○ 개인정보수집이용제공동의서○ 통장사본○ 해당되는 서류 ※ 자세한 사항은 첨부파일 또는 홈페이지 참고","https://sdm.go.kr","2025-09-01","2025-09-15"
"62 ","서대문구청","고등학교 입학생 입학준비금","지자체(출자출연기관)","장학금","해당없음","과학고국제고마이스터고영재고예술고외국어고일반고자율고제한없음체육고","1학년","해당없음","해당없음","○ 30만원","○ 타 지역(서울시 외) 소재 초·중·고등학교에 입학한 2026학년도 1학년 신입생○2026년도에 1학년으로 신규 입학한 신입생만 지원 가능","○ 신청일 기준 서대문구에 주민등록이 되어 있는 학생","○ 서류심사","○ 00명","○ 서울시 및 타 지자체·교육청 등에서 입학준비금(교복지원금·무상교복비 등 유사지원금 포함)을 지원받지 않은 학생","해당없음","○ 입학준비금 지원신청서○ 입학준비에 필요한 물품 구매 확인 가능한 증빙서류 (현금영수증/ 신용카드매출전표/전자세금계산서 등)※ 신청인과 학생의 주소가 다를 경우 가족관계증명서 추가 제출※ 자세한 사항은 첨부파일 또는 홈페이지 참고","https://www.sdm.go.kr/index.do","2026-03-03","2026-11-30"
"63 ","관악구청","신입생 입학준비금","지자체(출자출연기관)","장학금","해당없음","과학고국제고마이스터고영재고예술고외국어고일반고자율고제한없음체육고","1학년","해당없음","해당없음","○ 30만원(지급방법: 제로페이 모바일 포인트)","○ 타 시·도(서울시 외)소재 초·중·고 1학년에 입학한 2026년 신입생","○ 신청일 현재 관악구에 주민등록이 되어있는 학생","○ 서류심사","○ 00명","○ 타 시·도에서 입학준비금(교복지원/무상교복지원 등)에 준하는 유사지원을 받지 않은 학생","해당없음","○ 입학준비금 신청서○ 주민등록등본(발급 1주 내)○ 재학증명서(발급 1주 내)※ 자세한 사항은 첨부파일 또는 홈페이지 참고","https://www.gov.kr/portal/rcvfvrSvc/dtlEx/320000000317","2026-03-09","2026-10-30"
"64 ","강남구청","성적우수장학금","지자체(출자출연기관)","장학금","해당없음","과학고국제고마이스터고영재고예술고외국어고일반고자율고제한없음체육고","1학년2학년3학년제한없음","○ 직전 학기 성적이 재적 학년 정원의 100분의 10 이내에 해당","해당없음","○ 100만원","※ 자세한 사항은 첨부파일 또는 홈페이지 참고","○ 공고일(2025.09.04)을 포함하여 연속 1년 이상 강남구에 주민등록이 되어 있는 고등학생","※ 자세한 사항은 첨부파일 또는 홈페이지 참고","○ 44명(특기장학생 포함)","○ 장학생 신청은 1가구(세대)당 1명만 신청 가능하며 정규 학기 내 재학생에 한함○ 2025년 국가 또는 타 지방자치단체 민간단체 등(교내장학금 포함) 타기관 장학금 또는 우리구 장학금(지역인재 양성 장학지원 사업 새마을지도자 자녀 통장자녀 등) 수혜를 받았거나 받을 예정인 자는 선발 제외함함","○ 학교장 추천 필요","※ 자세한 사항은 첨부파일 또는 홈페이지 참고","https://www.gangnam.go.kr","2025-09-11","2025-09-23"
"65 ","강남구청","특기장학금","지자체(출자출연기관)","장학금","해당없음","과학고국제고마이스터고영재고예술고외국어고일반고자율고제한없음체육고","1학년2학년3학년제한없음","해당없음","해당없음","○ 100만원","○ 강남구 소재 고등학교에 재학중인 학생으로서 예술체육기능인문수리과학(수학 포함) 등 특정 분야에서 국가 광역시/도단위 이상 자치 단체 등이 주관하는 광역시/도단위 이상 대회(또는 교내 대회)에서 3위권 이내 입상한 자","○ 공고일(2025.09.04) 포함 강남구 관내 연속 1년 이상 거주하고 있는 고등학생","※ 자세한 사항은 첨부파일 또는 홈페이지 참고","○ 44명(성적우수 장학금 포함)","○ 입상 실적은 공고일(2025.09.04) 기준 2년 이내에 입상한 대회를 말함 (단 교내 대회 입상한 자는 고등학교 재학 중 입상한 대회를 말함)○ 단체분야 성적은 학교장의 추천을 받은 1명에 한하여 인정함","※ 자세한 사항은 첨부파일 또는 홈페이지 참고","※ 자세한 사항은 첨부파일 또는 홈페이지 참고","https://www.gangnam.go.kr","2025-09-11","2025-09-23"
"66 ","강남구청","입학준비금","지자체(출자출연기관)","장학금","해당없음","과학고국제고마이스터고영재고예술고외국어고일반고자율고제한없음체육고","1학년","해당없음","해당없음","○ 30만원※ 제로페이 모바일 포인트 지급","○ 서울 외 타지역 고등학교에 입학하는 신입생","○ 신청일 기준 강남구에 주민등록이 되어있는 자","※ 기관확인필요","※ 기관확인필요","○ 타 시·도 입학준비금 등 이에 준하는 입학준비 지원을 받은 경우 중복지원 불가※ 자세한 사항은 첨부파일 또는 홈페이지 참고","해당없음","※ 기관확인필요","https://www.gangnam.go.kr/apply/entrance_school/newest/view.domid=ID04_041116","2026-02-09","2026-10-31"
"67 ","(재)한국장학재단","드림장학금","한국장학재단","장학금","지역연고","과학고국제고마이스터고영재고예술고외국어고일반고자율고체육고특성화고","2학년3학년","○ 신청 시작일을 기준으로 고교 재학 중 직전학기까지 전체 학기 동안 이수한 국어·영어·수학·과학·한국사·사회·제2외국어·전문교과 과목 중 학년별 성적기준을 충족하는 과목들의 이수단위 합계가 24단위 이상(3학년) 또는 12단위 이상(2학년)○ 영어교과는 1과목 이상 필수로 포함해야 하며 학년별 영어교과 성적기준을 충족해야 함","○ 대한민국 국적을 소지한 국내 고교 2·3학년 재학자 중 해외대학 입학을 희망하는 기초생활수급자 또는 차상위계층인 학생","○ 해외대학 진학을 위한 학업장려비○ 월 50만원(2학년)○ 월 70만원(3학년)","○ 국내 고교 2·3학년 재학(예정)자 중 해외대학 입학을 희망하는 저소득층(기초생활수급자·차상위계층) 우수고등학생○ 2026년 2월 또는 2027년 2월 졸업 예정자","해당없음","○ 학업실적(40점) · 자기소개서(40점) · 교사의견서(20점)","○ 30명 내외 선발","○ 2년 이상 외국학교에 재학하거나 거주한 자는 제외","해당없음","○ 개인정보 동의서(증명서 명의자용)○ 학교생활기록부○ 자기소개서○ 교사의견서○ 지원자 서약서※ 자세한 사항은 첨부파일 또는 홈페이지 참고","https://www.kosaf.go.kr","2026-03-18","2026-04-15"
"68 ","(재)한국장학재단","복권기금 꿈사다리 우수 장학금(꿈)","한국장학재단","장학금","해당없음","과학고마이스터고영재고예술고외국어고일반고자율고체육고특성화고","1학년2학년3학년제한없음","○ (고1) 직전 학년 평균 C등급 이상○ (고2) 직전 학년 평균 4등급 이내 또는 C등급 이상○ (고3) 직전 학년 평균 7등급 이내 또는 C등급 이상","○ 학교 추천일(신청일) 기준 기초생활수급자·법정 차상위계층·한부모 가족지원대상자 중 하나에 해당하는 가정","○ 월 35만원 장학금(카드포인트) 지급○ 멘토링활동 등 교육 프로그램","○ 대한민국 국적을 가지고 고등학교에 재학 중인 만 24세 이하인 자○ 직전 학년 생활기록부 내 봉사활동 실적 5시간 이상","해당없음","○ 1단계 : 학교(학생) 추천○ 2단계 : 서류 심사○ 3단계 : 심층 평가(장학생 선발관리위원회 심의 후 최종 선발)","○ 1800명(중·고등학생 총 선발인원으로서 서류심사 통과 인원 비율에 따라 변동)※ 자세한 사항은 첨부파일 또는 홈페이지 참고","○ 학교 폭력 가해 이력 등 사회적 물의를 일으킨 학생○ 복권기금을 재원으로 하거나 한국장학재단에서 지급하는 저소득층 대상 학업장려비성 장학금을 계속 수혜 중인 학생","○ 학교장 추천 필요","○ 나의 꿈 도전계획서○ 개인정보동의서 및 신청인 동의서○ 개인정보동의서 및 학부모 동의서○ 가족관계증명서(상세)○ 기본증명서(상세)○ 멘토링 활동 계획서 및 멘토 개인정보 동의서○ 기초생활수급자·한부모·법정차상위대상자 증명서 중 해당서류※ 자세한 사항은 첨부파일 또는 홈페이지 참고","https://www.kosaf.go.kr/ko/scholar.dopg=scholarship05_17_01&naviParam=JH100101","2026-04-06","2026-04-30"
"69 ","(재)한국장학재단","복권기금 꿈사다리 우수 장학금(다문화)","한국장학재단","장학금","해당없음","과학고마이스터고영재고예술고외국어고일반고자율고체육고특성화고","1학년2학년3학년제한없음","○ (고1) 직전 학년 평균 C등급 이상○ (고2) 직전 학년 평균 4등급 이내 또는 C등급 이상○ (고3) 직전 학년 평균 7등급 이내 또는 C등급 이상","○ 학교 추천일(신청일) 기준 기초생활수급자·법정 차상위계층·한부모 가족지원대상자 중 하나에 해당하는 가정","○ 월 35만원 장학금(카드포인트) 지급○ 멘토링활동 등 교육 프로그램","○ 대한민국 국적을 가지고 고등학교에 재학 중인 만 24세 이하인 자 중 다문화가족의 구성원인 학생○ 직전 학년 생활기록부 내 봉사활동 실적 5시간 이상","해당없음","○ 1단계 : 학교(학생) 추천○ 2단계 : 서류 심사○ 3단계 : 심층 평가(장학생 선발관리위원회 심의 후 최종 선발)","○ 200명(중·고등학생 총 선발인원으로서 서류심사 통과 인원 비율에 따라 변동)","○ 학교 폭력 가해 이력 등 사회적 물의를 일으킨 학생○ 복권기금을 재원으로 하거나 한국장학재단에서 지급하는 저소득층 대상 학업장려비성 장학금을 계속 수혜 중인 학생","○ 학교장 추천 필요","○ 나의 꿈 도전계획서○ 개인정보동의서 및 신청인 동의서○ 개인정보동의서 및 학부모 동의서○ 가족관계증명서(상세)○ 기본증명서(상세)○ 멘토링 활동 계획서 및 멘토 개인정보 동의서○ 기초생활수급자·한부모·법정차상위대상자 증명서 중 해당서류※ 자세한 사항은 첨부파일 또는 홈페이지 참고","https://www.kosaf.go.kr/ko/scholar.dopg=scholarship05_17_01&naviParam=JH100101","2026-04-06","2026-04-30"
"70 ","(재)한국장학재단","고교 취업연계 장려금","한국장학재단","장학금","해당없음","마이스터고일반고특성화고","3학년","해당없음","해당없음","○ 총 500만원 분할지급* 재직인정기간 내 3개월 재직 시 200만원 지급* 재직인정기간 내 추가 9개월 재직 시 300만원 지급","○ 대한민국 국적자로 취업연계 장려금을 신청한 자○ 직업계고 3학년 또는 일반고 3학년 중 직업교육 위탁과정 6개월 이상 참여 학생○ 재단이 인정하는 중소중견기업에 재직이 확인된 자로 근무시간이 주 15시간 이상인 자※ 재직인정기간 내 고용보험 가입이력 정보로만 심사","해당없음","○ 장려금 신청완료자 대상으로 심사요건 충족여부 확인○ 기업규모/재직기간/제한기업 여부/정규학기 졸업 여부/중복참여 여부/대학진학 및 일학습 병행 여부 등※ 자세한 사항은 2026년 고교 취업연계 장려금 업무처리기준 참고","※ 기관확인필요","※ 기관확인필요","해당없음","○ 일반고 직업교육 위탁과정(6개월) 교육 증명서","https://www.kosaf.go.kr/ko/scholar.dopg=scholarship05_18_01&naviParam=JH030400","2026-06-22","2026-12-31"
"71 ","서울특별시 도봉구청","귀뚜라미 문화재단 장학생(성취)","지자체(출자출연기관)","장학금","해당없음","과학고국제고마이스터고영재고예술고외국어고일반고자율고제한없음체육고","1학년2학년3학년제한없음","○ 관내 학교 재학생 중 학년 석차 5% 이내","※ 자세한 사항은 첨부파일 또는 홈페이지 참고","○ 학업 장려 및 생활 보조 장학금성 100만원","○ 각 부문별 추천 인원보다 신청 인원이 많을 경우 도봉구 거주 기간 직전학기 석차(평점) 순 등으로 검토","○ 장학생 선발 공고일(2025.07.02) 기준 주민등록상 도봉구 거주 기간 1년 이상","※ 자세한 사항은 첨부파일 또는 홈페이지 참고","○ 5명","○ 최근 3년(2023~공고일) 도봉구 장학금 받은 학생은 중복 지원 불가○ 동일 세대 신청자 2명 이상 시 1명에 한해 추천","해당없음","○ 장학생 지원 신청서○ 재학증명서○ 개인정보 동의서○ 성적증명서※ 자세한 사항은 첨부파일 또는 홈페이지 참고","https://www.dobong.go.kr/","2025-07-10","2025-07-17"
"72 ","서울특별시 도봉구청","귀뚜라미 문화재단 장학생(재능)","지자체(출자출연기관)","장학금","해당없음","과학고국제고마이스터고영재고예술고외국어고일반고자율고제한없음체육고","1학년2학년3학년제한없음","※ 자세한 사항은 첨부파일 또는 홈페이지 참고","※ 자세한 사항은 첨부파일 또는 홈페이지 참고","○ 학업 장려 및 생활 보조 장학금성 100만원","○ 예술 병역법시행령 제 68조의 11의 국내국제 예술경연대회 본선 참가자○ 체육 대한체육회 산하 종목별 협회 인정 광역시 및 도단위 1위 입상자 및 전국(국제)대회 3위 이내 입상자○ 기술 기능경기대회 중 광역시 및 도단위 이상 대회 1위 입상자 또는 전국(국제)대회 3위 이내 입상자○ 입상실적 인정(2024년 1월부터 공고일까지)","○ 장학생 선발 공고일(2025.07.02) 기준 주민등록상 도봉구 거주 기간 1년 이상","※ 자세한 사항은 첨부파일 또는 홈페이지 참고","○ 3명","○ 개인종목만 신청가능 (단체종목 신청 불가)○ 최근 3년(2023년~공고일) 도봉구 장학금 받은 학생은 중복 지원 불가○ 동일 세대 신청자 2명 이상 시 1명에 한해 추천","해당없음","○ 장학생 지원 신청서○ 재학증명서○ 개인정보 동의서○ 입상실적 상장 사본○ 수상실적확인서○ 참가대회 안내문※ 자세한 사항은 첨부파일 또는 홈페이지 참고","https://www.dobong.go.kr/","2025-07-10","2025-07-17"
"73 ","서울특별시 도봉구청","귀뚜라미 문화재단 장학생(희망)","지자체(출자출연기관)","장학금","해당없음","과학고국제고마이스터고영재고예술고외국어고일반고자율고제한없음체육고","1학년2학년3학년제한없음","※ 자세한 사항은 첨부파일 또는 홈페이지 참고","○ 국민기초생활보장법 상의 수급자 및 차상위계층 학생","○ 학업 장려 및 생활 보조 장학금성 100만원","※ 자세한 사항은 첨부파일 또는 홈페이지 참고","○ 장학생 선발 공고일(2025.07.02) 기준 주민등록상 도봉구 거주 기간 1년 이상","※ 자세한 사항은 첨부파일 또는 홈페이지 참고","○ 5명","○ 최근 3년(2023년~공고일) 도봉구 장학금 받은 학생은 중복 지원 불가○ 동일 세대 신청자 2명 이상 시 1명에 한해 추천","해당없음","○ 장학생 지원 신청서○ 재학증명서○ 개인정보 동의서○ 수급자 증명서 또는 차상위계층확인서※ 자세한 사항은 첨부파일 또는 홈페이지 참고","https://www.dobong.go.kr/","2025-07-10","2025-07-17"
"74 ","서울특별시 도봉구청","귀뚜라미 문화재단 장학생(모범)","지자체(출자출연기관)","장학금","해당없음","과학고국제고마이스터고영재고예술고외국어고일반고자율고제한없음체육고","1학년2학년3학년제한없음","※ 자세한 사항은 첨부파일 또는 홈페이지 참고","※ 자세한 사항은 첨부파일 또는 홈페이지 참고","○ 학업 장려 및 생활 보조 장학금성 100만원","○ 학교발전 공헌도 지역봉사활동참여도 등에 따라 각 학교장 추천 받은 학생","○ 장학생 선발 공고일(2025.07.02) 기준 주민등록상 도봉구 거주 기간 1년 이상","※ 자세한 사항은 첨부파일 또는 홈페이지 참고","○ 11명","○ 최근 3년(2023년~공고일) 도봉구 장학금 받은 학생은 중복 지원 불가○ 동일 세대 신청자 2명 이상 시 1명에 한해 추천","○ 학교장 추천 필요","○ 장학생 지원 신청서○ 재학증명서○ 개인정보 동의서○ 장학생 추천서○ 추천내용 증빙자료※ 자세한 사항은 첨부파일 또는 홈페이지 참고","https://www.dobong.go.kr/","2025-07-10","2025-07-17"
"75 ","서울특별시 광진구청","일반장학생","지자체(출자출연기관)","장학금","지역연고","과학고국제고마이스터고영재고예술고외국어고일반고자율고제한없음체육고","1학년2학년3학년제한없음","○ 1·2학년 : 2026학년도 1학기 내신 등급 4등급 이내 (내신 5등급제)○ 3학년 : 2026학년도 1힉기 내신 등급 6등급 이내 (내신 9등급제)","○ 생활이 곤란한 학생","○ 100만원","해당없음","○ 추천일 현재 계속하여 1년 이상(주민등록 기준) 광진구에 주소를 두고 있는 학생","○ 배점기준에 의한 장학생 심사선발 소위원회 최종 선발○ 배점항목 : 성적/재산 소유현황/월 소득/광진구 거주기간/동주민센터 및 학교 추천의견 등","○ 32명","○ 2025년 광진구 장학금 수혜자○ 2026년 타 기관으로부터 장학금을 받은 자※ 자세한 사항은 첨부파일 또는 홈페이지 참고","○ 동장 및 학교장 추천 필요","○ 장학생 신청서○ 재학증명서○ 2026년 1학기 성적증명서○ 2025년 세목별 과세증명서○ 주민등록 초본○ 주민등록 등본○ 2026년 건강보험납부확인서○ 개인정보제공 동의서 ※ 자세한 사항은 첨부파일 또는 홈페이지 참고","https://gwangjin.go.kr","2026-07-13","2026-07-31"
"76 ","서울특별시 광진구청","성적우수장학생","지자체(출자출연기관)","장학금","지역연고","과학고국제고마이스터고영재고예술고외국어고일반고자율고제한없음체육고","1학년2학년3학년제한없음","○ 24학년도 1학기 내신성적 2등급 이내","해당없음","○ 100만원","○ 추천일 현재 계속하여 1년 이상(주민등록 기준) 광진구에 주소를 두고 있는 학생","○ 추천일 현재 계속하여 1년 이상(주민등록 기준) 광진구에 주소를 두고 있는 학생","○ 서류 접수 및 추천 부적격자 조사심사 및 선정 장학금 지급 및 수여식","○ 7명","○ 2023년 광진구 장학금 수혜자○ 2024년 다른 지자체. 민간단체로부터 장학금(학업장려금)을 받은 자","○ 학교장 추천 필요","○ 장학생 신청서○ 재학증명서○ 2024년 1학기 성적증명서○ 2023년 세목별 과세증명서○ 주민등록 초본○ 주민등록 등본○ 건강보험납부확인서○ 개인정보제공 동의서※ 자세한 사항은 첨부파일 또는 홈페이지 참고","https://gwangjin.go.kr","2024-07-12","2024-07-26"
"77 ","서울특별시 광진구청","특기장학생","지자체(출자출연기관)","장학금","특기자","과학고국제고마이스터고영재고예술고외국어고일반고자율고제한없음체육고","해당없음","해당없음","해당없음","○ 200만원","○ 예체능 분야에 소질과 재능이 뛰어난 학생으로○ 문화·예술·체육 분야 전국·시·군·구 규모 이상의 대회에서 입상한 고등학생○ 입상 성적은 2024년~2026년 개최된 대회로 한정","○ 추천일 현재 계속하여 1년이상(주민등록 기준) 광진구에 주소를 두고 있는 학생","○ 배점기준에 의한 장학생 심사선발 소위원회 최종 선발○ 배점항목 : 성적/재산 소유현황/월 소득/광진구 거주기간/동주민센터 및 학교 추천의견 등","○ 30명(초·중·고 특기장학생 모두 포함)","○ 2025년 광진구 장학금 수혜자○ 2026년 타 기관으로부터 장학금을 받은 자※ 자세한 사항은 첨부파일 또는 홈페이지 참고","○ 동장 및 학교장 추천 필요","○ 장학생 신청서○ 재학증명서○ 2026년 1학기 성적증명서○ 2025년 세목별 과세증명서○ 주민등록 초본○ 주민등록 등본○ 건강보험납부확인서○ 개인정보제공동의서○ 입상증명서※ 자세한 사항은 첨부파일 또는 홈페이지 참고","https://gwangjin.go.kr","2026-07-13","2026-07-31"
"78 ","재단법인 강서구장학회(서울)","모범장학생","지자체(출자출연기관)","장학금","지역연고","과학고국제고마이스터고영재고예술고외국어고일반고자율고제한없음체육고","1학년2학년3학년제한없음","○ 과목 평균 등급이 9등급 기준 4.0등급 이내인 자","해당없음","○ 100만원","○ 품행이 단정하고 모범적인 고등학교 재학생","○ 장학생 선발 공고일 현재 강서구에 1년 이상 계속 거주한 자 (주민등록표 상 2026.8. 17. 이전 전입자)","○ 소득>성적>자녀수 순 (서류심사와 장학생심의위원회 심의를 거쳐 선발)","○ 15명","○ 2025년 이후 (재)강서구장학회 장학생으로 선발된 학생(지역사회기여 장학생 제외)○ 2025년~2026년 귀뚜라미 장학생으로 선발된 학생","○ 학교장 추천","○ 개인정보제공 동의서 1부○ 서약서 1부○ 자기소개서 1부○ 장학생 추천서 (학교장) 1부○ 체크리스트 1부○ 장학생 신청서 1부○ 주민등록등본(동거인 포함) 1부○ 부 또는 모 기준 가족관계증명서(상세) 1부○ 학생 주민등록초본 1부○ 재학증명서 1부○ 2026년 1학기 성적증명서 1부○ 학생 기본증명서(상세) 1부○ 건강보험 납부확인서 및 건강보험 자격확인서 각 1부※ 자세한 사항은 첨부파일 또는 홈페이지 참고","http://janghak.gangseo.seoul.kr","2026-09-02","2026-09-11"
"79 ","재단법인 강서구장학회(서울)","행복장학생","지자체(출자출연기관)","장학금","지역연고","과학고국제고마이스터고영재고예술고외국어고일반고자율고제한없음체육고","1학년2학년3학년제한없음","○ 과목 평균 등급 9등급 기준 5.0 등급 이내","○ 장학금 지원이 필요한 사회적 배려 대상 가구(기초생활수급자/차상위계층/한부모 가정) 및 저소득 가정(중위소득 100%이하)","○ 100만원(학업장려금)","○ 장학금 지원이 필요한 사회적 배려 대상 가구(기초생활수급자/차상위계층/한부모 가정) 및 저소득 가정(중위소득 100%이하)","○ 장학생 선발 공고일 현재 강서구에 1년 이상 계속 거주한 자","○ 선발기준 : 소득/성적/자녀수","○ 50명(대학생 포함)","○ 2025년이후 (재)강서구장학회 장학생으로 선발된 학생○ 2025~2026년 귀뚜라미 장학생으로 선발된 학생※ 자세한 사항은 첨부파일 또는 홈페이지 참고","○ 학교장 추천","○ 체크리스트○ 장학생 신청서○ 개인정보제공 동의서○ 서약서○ 자기소개서○ 장학생 추천서(학교장)○ 2026년 1학기 성적증명서○ 주민등록등본○ 부 또는 모 기준 가족관계증명서○ 학생 주민등록초본○ 재학증명서○ 전/월세 계약서 또는 무상임대차 계약서 사본○ 건강보험 자격확인서 및 건강보험료 납부확인서※ 자세한 사항은 첨부파일 또는 홈페이지 참고","http://janghk.gangseo.seoul.kr","2026-09-02","2026-09-11"
"80 ","재단법인 강서구장학회(서울)","디딤장학생","지자체(출자출연기관)","장학금","해당없음","특성화고","해당없음","해당없음","해당없음","○ 1인당 10만원","○ 공고일 기준 지난 2년간 자격증 2개이상 취득자 (국가전문자격 국가기술자격 국가공인 민간자격 등)※ 자세한 사항은 첨부파일 또는 홈페이지 참고","○ 공고일 기준 강서구 1년 이상 계속 거주 중인 관내 특성화고등학교 재학생","○ 심사","○ 90명(학교별 15명 6개교)","○ 제출된 서류는 반환하지 않으며 신청서에 기재된 사항이 허위 정보 잘못된 사실에 근거하여 작성된 내용으로 밝혀질 경우 합격이 취소되며 장학금은 즉시 반환해야 함○ 2024년 디딤장학생은 선정 제외※ 자세한 사항은 첨부파일 또는 홈페이지 참고","○ 학교장","○ 디딤장학생 지원신청서○ 자격증 사본○ 통장사본○ 학생 주민등록 초본○ 개인정보 제공 동의서※ 자세한 사항은 첨부파일 또는 홈페이지 참고","https://janghak.gangseo.seoul.kr","2025-11-17","2025-11-21"
"81 ","서울특별시 서초구청","고등 입학준비금","지자체(출자출연기관)","장학금","해당없음","과학고국제고마이스터고영재고예술고외국어고일반고자율고제한없음체육고","1학년","해당없음","해당없음","○1인당 30만원 (제로페이 입학준비금 포인트 지급)","○ 타지역(서울시 외) 소재 중·고등학교에 입학한 2026학년도 신입생※초ㆍ중등교육법 제2조 각 호에 해당하는 중·고등학교만 해당됨○ 해당 학교 소재지에서 입학준비금(또는 교복지원금·무상교복 등)을 지원받지 못한 학생","○ 신청일 현재 서초구에 주민등록 되어 있는 주민","○ 서류심사(중복지원 여부 확인 후 지급)","○ 00명","해당없음","해당없음","○ 주민등록등본○ 학교 재적증명서 또는 재학증명서○ 입학준비금 신청서※ 자세한 사항은 첨부파일 또는 홈페이지 참고","https://www.seocho.go.kr/site/seocho/main.do","2026-03-30","2026-10-30"
"82 ","서울특별시 성동구청","성적우수장학생","지자체(출자출연기관)","장학금","지역연고","과학고국제고마이스터고영재고예술고외국어고일반고자율고제한없음체육고","1학년","○ 직전 중학교 졸업성적 상위 5% 이내인 학생","해당없음","○ 학업장려금 100만원","○ 성동광진교육지원청 학교군 중학교를 졸업하고 2026학년도 성동구 소재 고등학교에 입학한 학생","○ 공고일 현재 부·모 또는 본인이 1년 이상 성동구에 주민등록이 되어 있는 가구의 고등학교 입학생(신입생)","○ 선발 기준에 의한 서류심사○ 우선순위 없음(자격요건 해당자 전원 선발)","○ 30명","※ 기관확인필요","○ 학교장 추천","○ 장학생 신청서○ 학교장 추천서○ 자기소개서○ 개인정보제공동의서○ 성적증명서(중학교 3학년)○ 주민등록등본※ 자세한 사항은 첨부파일 또는 홈페이지 참고","https://www.sd.go.kr","2026-04-27","2026-05-15"
"83 ","서울특별시 성동구청","특기장학생","지자체(출자출연기관)","장학금","지역연고","예술고일반고체육고","1학년2학년3학년제한없음","해당없음","해당없음","○ 학업장려금 100만원","○ 체육/문화예술/기능/수학·과학분야에 입상 성적이 있는 고등학교 재학생으로 학교장 또는 동장의 추천을 받은 학생※ 자세한 사항은 첨부파일 또는 홈페이지 참고","○ 공고일 현재 부·모 또는 본인이 1년 이상 성동구에 주민등록이 되어 있는 가구의 관내·외 고등학교 재학생","○ 선발 기준에 의한 서류심사○ 우선순위 : 상위 대회 순 / 입상 성적 높은 순※ 자세한 사항은 첨부파일 또는 홈페이지 참고","○ 8명","※ 기관확인필요","○ 학교장 또는 거주지 동장 추천","○ 장학생 신청서○ 학교장 또는 동장 추천서○ 자기소개서○ 개인정보제공동의서○ 주민등록등본○ 입상성적 증빙(2025년 이후)※ 자세한 사항은 첨부파일 또는 홈페이지 참고","http://www.sd.go.kr","2026-04-27","2026-05-15"
"84 ","서울특별시 성동구청","복지장학생","지자체(출자출연기관)","장학금","지역연고","과학고국제고마이스터고영재고예술고외국어고일반고체육고","1학년2학년3학년제한없음","해당없음","○ 복지1:건강보험료 기준 중위소득 81~100% 이내○ 복지2:건강보험료 기준 중위소득 80% 이내","○ 100만원","○ 학교장 또는 동장 추천을 받은 학생※ 자세한 사항은 첨부파일 또는 홈페이지 참고","○ 공고일 현재 부·모 또는 본인이 1년 이상 성동구에 주민등록이 되어 있는 가구의 고등학교 재학생※ 자세한 사항은 첨부파일 또는 홈페이지 참고","○ 복지1 : 자격기준 충족 학생 학교별 균등 선발○ 복지2 : 삼연 장학재단 자체 심의","○ 복지1:7명○ 복지2:80명","※ 기관확인필요","○ 학교장(동장) 추천","○ 장학생 신청서○ 학교장 추천서○ 자기소개서○ 개인정보제공동의서○ 건강보험료 납부확인서○ 주민등록등본○ 기타 가점 증빙 서류○ 부모재산세 납세증명서○ 성적증명서※ 자세한 사항은 첨부파일 또는 홈페이지 참고","http://www.sd.go.kr","2026-04-27","2026-05-15"
"85 ","용산구청","꿈나무(성적우수장학생)","지자체(출자출연기관)","장학금","지역연고","과학고국제고마이스터고영재고예술고외국어고일반고자율고제한없음체육고","1학년2학년3학년제한없음","○ 입학성적 또는 직전학기 성적이 재적학년 정원의 10% 이내인 자","해당없음","○ 70만원","○ 25학년도 1학기 성적이 재적 학년 정원의 100분의 10이내에 해당하는 학생 중 학교장 추천을 받은 학생","○ 공고일을 포함하여 1년 이상 용산구에 주민등록이 되어 있는 학생","※ 기관확인필요","○ 50명","○ 당해연도 타기관 등에서 장학금 수혜를 받았거나 받을 예정인 자○ 용산구 관외로 거주지를 이전하였을 때○ 장학생이 퇴학 정학 휴학 또는 그 밖의 사유로 학업을 중단하였을 때※ 자세한 사항은 첨부파일 또는 홈페이지 참고","○ 학교장 추천","○ 장학생 신청서○ 장학기금 장학생 지급 신청서○ 서약서○ 주민등록표 등본○ 2025학년도 1학기 성적 증명서※ 자세한 사항은 첨부파일 또는 홈페이지 참고","http://www.yongsan.go.kr","2025-09-01","2025-09-12"
"86 ","용산구청","꿈나무(예체능특기)","지자체(출자출연기관)","장학금","특기자","과학고국제고마이스터고영재고예술고외국어고일반고자율고제한없음체육고","1학년2학년3학년제한없음","해당없음","해당없음","○ 70만원","○ 공고일 기준 2년 이내에 예술체육기능/인문수리과학 등 특정 분야의 대회의 상장 및 표창 등을 수상한 경력을 통해 입증가능한 학생 중 학교장 추천을 받은 학생","○ 공고일을 포함하여 1년 이상 용산구에 주민등록이 되어 있는 학생","※ 기관확인필요","○ 10명","○ 당해연도 타 기관 등에서 장학금 수혜를 받았거나 받을 예정인 자○ 용산구 관외로 거주지를 이전하였을 때○ 학교장 또는 추천권자의 정지 신청이 있을 때※ 자세한 사항은 첨부파일 또는 홈페이지 참고","○ 학교장 추천","○ 장학생 신청서○ 장학기금 장학생 지급 신청서○ 서약서○ 주민등록표 등본○ 특정 분야 대회의 상장 또는 표창장 등의 입증 서류※ 자세한 사항은 첨부파일 또는 홈페이지 참고","http://www.yongsan.go.kr","2025-09-01","2025-09-12"
"87 ","부산광역시 기장군청","특기장학금","지자체(출자출연기관)","장학금","특기자","과학고국제고마이스터고영재고예술고외국어고일반고자율고제한없음체육고","1학년2학년3학년제한없음","해당없음","해당없음","○ 50만원","○ 문화/ 예술/ 체육/ 과학/ 수학/ 영어/ 전산/ 기능 등 분야에서 시·도 단위 이상의 대회 및 경진대회에서 3위(단 전국대회 이상은 5위) 이상 입상한 고등학생(2024·2025년도 수상) ※ 자세한 사항은 첨부파일 또는 홈페이지 참고","○ 공고일 기준 부모 또는 학생 본인이 주민등록상 연속하여 1년 이상 기장군에 계속 거주하고 있는 자","○ 기장군 장학기금 설치 및 운용 조례 제 17조 및 시행규칙 제 5조에 의거 실태조사 결과에 따라 산정한 득점순으로 선발","○ 30명","○ 2024년 ~ 2025년 (최근 2년간) 기장군 장학금을 받은 자※ 자세한 사항은 첨부파일 또는 홈페이지 참고","해당없음","○ 장학생 신청서(개인정보이용동의서 포함)○ 재학증명서○ 입상증명서(상장/ 대회요강 등)○ 부모 또는 본인의 통장사본※ 자세한 사항은 첨부파일 또는 홈페이지 참고","http://www.gijang.go.kr","2026-05-04","2026-05-29"
"88 ","부산광역시 해운대구청","해운대장학금","지자체(출자출연기관)","장학금","지역연고","과학고국제고마이스터고영재고예술고외국어고일반고자율고제한없음체육고","해당없음","해당없음","해당없음","○ 50만원","○ 저소득층 자녀 또는 본인으로서 품행이 단정하고 다른 학생의 모범이 되는 고등학생○ 실직과 사고 등 일시적 소득의 상실로 학업을 계속하기가 곤란하다고 인정되는 자○학교 밖 청소년 지원에 관한 법률 제2조제2호에 해당하는 생활이 어려운 학교 밖 청소년","○ 해운대구에 계속하여 1년 이상 거주하고 주민등록이 되어 있는 사람","※ 기관확인필요","○ 해당 연도 기금 운용이자 수익금 범위에서 장학금 지급인원 및 지급금액 정함","※ 기관확인필요","○ 동장 및 학교장/청소년보기관련 기관장 추천","※ 자세한 사항은 첨부파일 또는 홈페이지 참고","https://www.haeundae.go.kr/","2024-04-16","2024-04-30"
"89 ","부평구청","저소득고등학생장학금","지자체(출자출연기관)","장학금","지역연고","과학고국제고마이스터고영재고예술고외국어고일반고자율고제한없음체육고","1학년2학년3학년제한없음","○ 일반장학금 : 2025년 학기말 성적 중 과목 원점수가 70점 이상인 과목이 전체 과목수의 50% 이상인 자","○ 생계/ 의료급여 수급자","○ 60만원","○ 특별장학금 : 2025년 및 2026년 기능/체육/예능 대회에서 입상한 자※ 자세한 사항은 첨부파일 또는 홈페이지 참고","○ 부평구에 거주하는 저소득주민의 자녀","※ 기관확인필요","○ 70명","○ 2026년 국가나 다른 기관 및 단체 장학금 수혜자 제외○ 2025년 부평구 저소득주민자녀 장학금 수혜자 제외","○ 해당없음","○ 장학금신청서○ 재학증명서○ 주민등록초본○ 성적증명서(일반)○ 봉사활동확인서(일반)○ 입상증명서류(특별)※ 자세한 사항은 첨부파일 또는 홈페이지 참고","https://www.icbp.go.kr","2026-03-16","2026-04-15"
"90 ","울산광역시 울주군청","저소득자녀장학금","지자체(출자출연기관)","장학금","소득구분","과학고국제고마이스터고영재고예술고외국어고일반고자율고제한없음체육고","해당없음","○ 재적 학년 정원의 50/100 이내인 자○ ○성적석차를 산출하지 않는 학교는 학업성적이 평균 50점 이상인 자","○ 수급자/차상위계층/기준중위소득 65% 이내","○ 60만원~80만원","※ 기관확인필요","○ 울주군에 주소를 둔 저소득 주민 자녀","○ 학교장이 장학생 추천서를 행정복지센터에 제출하면 읍면장이 추천 학생들의 가정사항을 확인 후 울주군 생활보장위원회의 심의/ 의결을 거쳐 선발","○ 30명","○ 국가/ 지방자치단체 등 타 기관에서 장학금을 받은 경우 중복수혜 불가","○ 읍면장 또는 학교장 추천","○ 장학생추천서○ 성적증명서○ 통장사본○ 해당자 서류※ 자세한 사항은 첨부파일 또는 홈페이지 참고","https://www.ulju.ulsan.kr/","2026-05-26","2026-06-10"
"91 ","경기도 동두천시청","다자녀장학생","지자체(출자출연기관)","장학금","지역연고","과학고국제고마이스터고영재고예술고외국어고일반고체육고","1학년2학년3학년제한없음","해당없음","해당없음","○ 50만원","○ 관내 고등학교 신입생○ 학생본인이 둘째아 이상","○ 2024.3.27부터 신청일 현재까지 주민등록상 동두천시에 주소를 두고 계속 거주하는 학생","※ 기관확인필요","○ 100명","○ 위 선발기준에 적합하지 않은 학생","○ 재학 중인 학교에서 일괄 추천","○ 장학생 신청서○ 개인정보이용동의서○ 가족관계증명서※ 자세한 사항은 첨부파일 또는 홈페이지 참고","https://www.ddc.go.kr/ddc/index.do","2025-04-07","2025-04-21"
"92 ","광명시청","입학축하장학금","지자체(출자출연기관)","장학금","해당없음","과학고국제고마이스터고영재고예술고외국어고일반고자율고제한없음체육고","1학년","해당없음","해당없음","○ 30만원○ 광명사랑화폐 지급(1회/1인)","○ 관내·외 초·중·고등학교(학교와 유사한 교육기관) 1학년 신입생 또는 해당 연령의 학교 밖 청소년","○ 입학일부터 신청일까지 광명시에 주민등록이 되어있는 관내·외 초·중·고등학교(학교와 유사한 교육기관) 1학년 신입생 또는 해당 연령의 학교 밖 청소년","※ 자세한 사항은 첨부파일 또는 홈페이지 참고","○ 00명","※ 기관확인필요","해당없음","○ 신청서(관외학교일 경우 입학확인서 첨부/외국인일 경우 체류지 등록확인서 첨부)※ 자세한 사항은 첨부파일 또는 홈페이지 참고","https://www.gm.go.kr/pt/enterSchool/enterSchoolView.doprogramSn=2026","2026-03-03","2026-12-11"
"93 ","경기도 가평군청","으뜸장학생","지자체(출자출연기관)","장학금","지역연고","과학고국제고마이스터고영재고외국어고일반고","1학년2학년3학년제한없음","○ 직전 학년도 학업성적 평균 점수가 70점 이상인 학생(예체능 점수 제외)","해당없음","○ 90만원","해당없음","○ 공고일 현재 군 관내에 3년 이상 주소를 두고 계속 거주한 군민 또는 그 자녀","○ 학업성적 95점 소득수준 5점※ 자세한 사항은 첨부파일 또는 홈페이지 참고","○ 33명","○ 경기도로부터 장학금을 지급받고 있는 학생 제외○ 해당 연도 군에서 선발·추천하는 서울 지역 장학관 입사생 제외※ 자세한 사항은 첨부파일 또는 홈페이지 참고","해당없음","○ 장학생 신청서○ 성적증명서○ (해당자) 가족관계증명서○ 부모의 건강보험료 납부확인서 각 1부○ 주민등록 등·초본(주소이력 포함)※ 자세한 사항은 첨부파일 또는 홈페이지 참고","http://www.gp.go.kr/portal/index.do","2026-03-04","2026-03-26"
"94 ","경기도 가평군청","복지장학생","지자체(출자출연기관)","장학금","지역연고","과학고국제고마이스터고영재고외국어고일반고","1학년2학년3학년제한없음","해당없음","○ 국민기초생활보장법에 따른 수급권자와 차상위계층/ 소년소녀가장/ 한부모 가정으로 책정되어 보호받고 있는 군민 또는 자녀","○ 90만원","○ 국민기초생활보장법에 따른 수급권자와 차상위계층/ 소년소녀가장/ 한부모 가정으로 책정되어 보호받고 있는 군민 또는 자녀","○ 공고일 현재 군 관내에 3년 이상 주소를 두고 계속 거주한 군민 또는 그 자녀","○ 보호대상 50점 학업성적 50점※ 자세한 사항은 첨부파일 또는 홈페이지 참고","○ 17명","○ 경기도로부터 장학금을 지급받고 있는 학생 제외○ 해당 연도 군에서 선발·추천하는 서울 지역 장학관 입사생 제외※ 자세한 사항은 첨부파일 또는 홈페이지 참고","해당없음","○ 장학생 신청서○ 성적증명서○ (해당자) 가족관계증명서○ 보호대상자 법정증명서○ 주민등록 등·초본(주소이력 포함)※ 자세한 사항은 첨부파일 또는 홈페이지 참고","http://www.gp.go.kr/portal/index.do","2026-03-04","2026-03-26"
"95 ","경기도 가평군청","환경장학생","지자체(출자출연기관)","장학금","지역연고","과학고국제고마이스터고영재고외국어고일반고","해당없음","해당없음","해당없음","○ 90만원","○ 공고일 현재 상수원관리지역 내 토지 또는 건축물을 소유하거나 3년 이상 주소를 두고 계속 거주한 군민 또는 그 자녀※ 자세한 사항은 첨부파일 또는 홈페이지 참고","○ 공고일 현재 군 관내에 3년 이상 주소를 두고 계속 거주한 군민 또는 그 자녀","○ 상수원관리지역 거주기간 50점 학업성적 45점 소득수준 5점※ 자세한 사항은 첨부파일 또는 홈페이지 참고","○ 22명","○ 경기도로부터 장학금을 지급받고 있는 학생 제외○ 해당 연도 군에서 선발·추천하는 서울 지역 장학관 입사생 제외※ 자세한 사항은 첨부파일 또는 홈페이지 참고","해당없음","○ 장학생 신청서○ 성적증명서○ (해당자) 가족관계증명서○ 상수원관리지역 내 거주 또는 토지(건축물)를 소유하고 있음을 증명하는 서류○ 부모의 건강보험료 납부확인서 각 1부○ 주민등록 등·초본(주소이력 포함)※ 자세한 사항은 첨부파일 또는 홈페이지 참고","http://www.gp.go.kr/portal/index.do","2026-03-04","2026-03-26"
"96 ","경기도 연천군청","향토장학생(선/효행)","지자체(출자출연기관)","장학금","지역연고","과학고국제고마이스터고영재고예술고외국어고일반고체육고","1학년2학년3학년제한없음","해당없음","해당없음","○ 80만원","○ 관내/ 관외 고등학생 ○ 효행이나 선행으로 군 단위 이상 기관에서 표창을 받거나 언론 등에 보도된 학생","○ 공고일 현재 군 관내에 주소를 두고 1년 이상 거주하고 있는 군민 또는 그 자녀","○ 위원회 심의로 선발","○ 1명(대학생 포함 인원)","○ 산업체 위탁교육생","해당없음","○ 장학생 신청서○ 주민등록 등본 또는 초본(1년간 주소이력포함)○ 2025년 1학기분 등록금 납부 영수증○ 선행 및 효행 관련 상장 및 신문보도※ 자세한 사항은 첨부파일 또는 홈페이지 참고","https://www.yeoncheon.go.kr/index.yeoncheon","2025-04-07","2025-04-25"
"97 ","경기도 연천군청","향토장학생(우수)","지자체(출자출연기관)","장학금","지역연고","과학고국제고마이스터고영재고예술고외국어고일반고자율고제한없음체육고","1학년2학년3학년제한없음","○ 직전학년 성적이 평균 70점 이상인 학생※ 자세한 사항은 첨부파일 또는 홈페이지 참고","해당없음","○ 80만원","○ 관내/ 관외 고등학생※ 자세한 사항은 첨부파일 또는 홈페이지 참고","○ 공고일 현재 군 관내에 주소를 두고 1년 이상 거주하고 있는 군민 또는 그 자녀","○ 학업성적(소수점 둘째자리) 70% 생활정도 20% 위원회 평가 10%를 합산한 점수로 선발○ 동점자는 자녀 수/보험료 납부액/타 장학금 수혜 정도 등 순으로 처리※ 자세한 사항은 첨부파일 또는 홈페이지 참고","○ 16명","○ 고등학교 학생 중 장학금 등을 지원받는 학생○ 산업체 위탁교육생","해당없음","○ 장학생 신청서○ 주민등록 등본 또는 초본(1년간 주소이력포함)○ 직전학년 성적이 기재된 성적증명서○ 2026년도 1학기분 등록금 납부 영수증○ 2025년도 부·모 각각 건강보험료 납부 확인서※ 자세한 사항은 첨부파일 또는 홈페이지 참고","https://www.yeoncheon.go.kr/index.yeoncheon","2026-04-16","2026-05-06"
"98 ","경기도 연천군청","향토장학생(일반)","지자체(출자출연기관)","장학금","지역연고","과학고국제고마이스터고영재고예술고외국어고일반고자율고제한없음체육고","1학년2학년3학년제한없음","○ 직전학년 성적이 평균 60점 이상인 학생","○ 가정형편이 어려운 학생","○ 80만원","○ 관내/관외 고등학생","○ 공고일 현재 군 관내에 주소를 두고 1년 이상 거주하고 있는 군민 또는 그 자녀","○ 생활정도 70% 학업성적 20% 위원회 평가 10%를 합산한 점수로 선발○ 동점자는 자녀 수/보험료 납부액/타 장학금 수혜 정도 등 순으로 처리※ 자세한 사항은 첨부파일 또는 홈페이지 참고","○ 10명","○ 퇴학·정학이상의 징계처분 받은 자/타 시·군으로 주소 전출한 자","해당없음","○ 장학생 신청서○ 주민등록 등본 또는 초본(1년간 주소이력포함)○ 직전학년 성적이 기재된 성적증명서○ 2026년도 1학기분 등록금 납부 영수증○ 2025년도 부·모 각각 건강보험료 납부 확인서※ 자세한 사항은 첨부파일 또는 홈페이지 참고","https://www.yeoncheon.go.kr/index.yeoncheon","2026-04-16","2026-05-06"
"99 ","경기도 연천군청","향토장학생(특기)","지자체(출자출연기관)","장학금","지역연고","과학고국제고마이스터고영재고예술고외국어고일반고자율고제한없음체육고","1학년2학년3학년제한없음","해당없음","해당없음","○ 80만원","○ 예체능/과학·기술 분야에 소질과 재능이 뛰어나 도 단위 이상 대회에서 입상한 경력이 있는 학생○ 관내/관외 고등학생※ 자세한 사항은 첨부파일 또는 홈페이지 참고","○ 공고일 현재 군 관내에 주소를 두고 1년 이상 거주하고 있는 군민 또는 그 자녀","○ 위원회 심의로 선발","○ 2명","○ 고등학교 학생 중 장학금 등을 지원받는 학생○ 2025년도 경기도민회 장학생○ 퇴학/정학이상의 징계처분 받은 자/타 시·군으로 주소 전출한 자","해당없음","○ 장학생 신청서○ 주민등록 등본 또는 초본(1년간 주소이력포함)○ 2026년도 1학기분 등록금 납부 영수증○ 예능/체육대회 입상 상장 사본※ 자세한 사항은 첨부파일 또는 홈페이지 참고","https://www.yeoncheon.go.kr/index.yeoncheon","2026-04-16","2026-05-06"
"100 ","여주시 인재육성장학회","성적우수","지자체(출자출연기관)","장학금","지역연고","과학고국제고마이스터고영재고외국어고일반고","해당없음","해당없음","해당없음","○ 100만원","○ 관내 학교별 배정인원에 따라 고등학교장이 추천(개인 접수 불가)","○ 보호자나 본인이 계속하여 공고일 현재 여주에 거주하고 있으며 거주 기간 합산이 총 3년 이상인 학생","※ 기관확인필요","○ 40명","○ 1세대 1명에 한하여 지급○ 장학금을 지급받는 동안 주소요건을 유지해야 함※ 자세한 사항은 첨부파일 또는 홈페이지 참고","○ 학교장 추천","○ 장학금지원신청서 및 개인정보동의서○ 주민등록초본○ 가족관계증명서○ 재학증명서○ 성적증명서○ 통장사본○ 기타 생계곤란 관련 증명서※ 자세한 사항은 첨부파일 또는 홈페이지 참고","https://www.yeojulove.or.kr/","2026-03-09","2026-03-31"
"101 ","강원도 홍천군청","저소득주민자녀장학금 (일반)","지자체(출자출연기관)","장학금","소득구분","과학고국제고마이스터고영재고예술고외국어고일반고자율고제한없음체육고","1학년2학년3학년제한없음","○ 국어/ 영어/ 수학을 포함한 직전학기 성적이 평균 3등급 이상인 자","○ 국민기초생활 보장법에 따른 생계/ 주거/ 의료/ 교육급여 중 하나 이상의 급여를 받는 관내 수급자의 자녀(학생 본인이 수급자인 경우 포함)※ 자세한 사항은 첨부파일 또는 홈페이지 참고","○ 50만원","해당없음","○ 추천일 현재 부모 또는 자녀가 홍천군에 주소지를 두고 1년 이상 거주한 사람","※ 자세한 사항은 첨부파일 또는 홈페이지 참고","○ 12명(일반장학생 및 특별장학생 합산 인원)","※ 기관확인필요","해당없음","○ 장학금 신청서○ 재학증명서○ 성작증명서○ 주민등록초본○ 개인정보동의서※ 자세한 사항은 첨부파일 또는 홈페이지 참고","https://www.hongcheon.go.kr/www/index.do  ","2025-11-03","2025-11-21"
"102 ","강원도 홍천군청","저소득주민자녀장학금 (특별)","지자체(출자출연기관)","장학금","특기자","과학고국제고마이스터고영재고예술고외국어고일반고자율고제한없음체육고","1학년2학년3학년제한없음","○ 국어/ 영어/ 수학을 포함한 직전학기 성적이 평균 4등급 이상인 사람","○ 국민기초생활 보장법에 따른 생계/ 주거/ 의료/ 교육급여 중 하나 이상의 급여를 받는 관내 수급자의 자녀(학생 본인이 수급자인 경우 포함)","○ 50만원","○ 최근 1년 이내 전국 규모의 예체능계 및 기능경연에서 3위 이내 입상자○ 현저히 타의 모범이 될 만한 선행을 한 사람※ 자세한 사항은 첨부파일 또는 홈페이지 참고","○ 신청일 현재 부모 또는 자녀가 홍천군에 주소지를 두고있는 자","※ 자세한 사항은 첨부파일 또는 홈페이지 참고","○ 12명(일반장학생 및 특별장학생 합산 인원)","※ 기관확인필요","해당없음","○ 장학금 신청서○ 재학증명서○ 성작증명서○ 주민등록초본○ 개인정보동의서○ 전국대회 입상증명서류○ 직전학기 성적증명서○ 학교장 추천서※ 자세한 사항은 첨부파일 또는 홈페이지 참고","https://www.hongcheon.go.kr/www/index.do  ","2025-11-03","2025-11-21"
"103 ","강원도 평창군청","드림장학생","지자체(출자출연기관)","장학금","지역연고","과학고국제고마이스터고영재고예술고외국어고일반고체육고","해당없음","○ 해당없음","○ 해당없음","○ 60만원","○ 학업성적이 우수하고 품행이 단정한 학생 ","○ 강원도내 고등학교 재학생 및 신입생/ 평창군 내 중학교 재학생○ 공고일 현재 보호자가 3년 이상 계속해서 평창군에 주민등록을 두고 거주하고 있어야함","※ 기관확인필요","○ 30명 (학교별 학생 수 반영하여 인원 배정)","※ 기관확인필요","○ 학교장 추천","○ 장학금 지원신청서○ 개인정보 수집/제공 동의서○ 장학금 신청인 서약서○ 통장사본○ 보호자 주민등록초본○ 가족관계증명서○ 장학생 추천서※ 자세한 사항은 첨부파일 또는 홈페이지 참고","https://www.pc.go.kr/portal","2026-03-04","2026-03-31"
"104 ","강원도 평창군청","눈동이장학생","지자체(출자출연기관)","장학금","지역연고","과학고국제고마이스터고영재고예술고외국어고일반고체육고","해당없음","○ 해당없음","○ 해당없음","○ 60만원 ","○ 직전학년 전국대회 개인전 3위 이내 입상자 ","○ 강원도내 고등학교 재학생 및 신입생○ 공고일 현재 보호자가 3년 이상 계속해서 평창군에 주민등록을 두고 거주하고 있어야함 ","※ 기관확인필요","○ 15명","※ 기관확인필요","○ 해당없음","○ 장학생 지원서○ 개인정보 수집/ 이용/ 제공 및 조회 동의서○ 장학금 신청인 서약서○ 통장사본○ 보호자 주민등록 초본○ 가족관계 증명서○ 직전 학년 전국대회 입상증명서 사본○ 재학증명서※ 자세한 사항은 첨부파일 또는 홈페이지 참고","https://www.pc.go.kr/portal","2026-03-04","2026-03-31"
"105 ","강원도 평창군청","레벨업장학금","지자체(출자출연기관)","장학금","해당없음","과학고국제고마이스터고영재고예술고외국어고일반고자율고제한없음체육고","1학년2학년","○ 직전학기 전체 과목 평균 점수가 60점 이상인 자","해당없음","○ 200만원 (기숙형 학원 학습비 지원 장학금 학습비는 수업료 숙식비만 지원)","○ 기숙형 학원 학생","○ 공고일 기준 보호자가 평창군 내 3년 이상 계속 거주 중인 자","○ 모집인원 초과 시 선발기준○ 직전학기 성적(60점) 직전학년 1학기 대비 2학기 성적증가(최대 40점) 합산한 점수가 높은 순위로 선발","○ 215명","해당없음","해당없음","○ 지원신청서○ 개인정보 수집 제공 동의서○ 신청인 서약서○ 사전점검사항 및 동의서○ 통장 사본○ 보호자 중 1인 주민등록초본○ 가족관계증명서○ 24년도 성적증명서○ 재학증명서○ 완료시 해당 서류 ※ 자세한 사항은 첨부파일 또는 홈페이지 참고","https://pc.go.kr","2025-05-19","2025-06-13"
"106 ","강원도 원주시청","학업성적우수인재","지자체(출자출연기관)","장학금","지역연고","과학고국제고마이스터고영재고예술고외국어고일반고자율고제한없음체육고","1학년2학년3학년제한없음","○ 2026년 1학기 3월과 6월 전국연합학력평가(모의고사) 성적 반영○ 2개~5개 영역 1등급 이내인 자※ 자세한 사항은 첨부파일 또는 홈페이지 참고","해당없음","○ 100만원※ 학습지원비 명목의 장학금으로 타 장학금과 중복 수혜 가능","○ 고등학생","○ 공고일 현재 원주시 관내에서 주소를 두고 1년 이상 거주하고 있는 원주시민 또는 그 자녀","○ 성적 85% 거주기간 15%※ 자세한 사항은 첨부파일 또는 홈페이지 참고","○ 7명","○ 형제/자매 등 1세대 2인 이상 신청 시 최고점자 1인만 선발○ 원주시 인재육성기금 장학금 및 우수인재 학습지원비 기수혜자 신청 불가※ 자세한 사항은 첨부파일 또는 홈페이지 참고","해당없음","○ 원주시 우수인재 학습지원 신청서○ 자기소개서○ 서약서○ 개인정보제공동의서○ 학생의 가족관계증명서○ 주민등록초본○ 재학증명서 및 성적증명서○ 2025년도 부모 건강보험납부확인서○ 자원봉사실적(해당자)※ 자세한 사항은 첨부파일 또는 홈페이지 참고","http://www.wonju.go.kr","2026-08-13","2026-08-28"
"107 ","강원도 원주시청","특정분야우수인재","지자체(출자출연기관)","장학금","지역연고","과학고국제고마이스터고영재고예술고외국어고일반고자율고제한없음체육고","해당없음","해당없음","해당없음","○ 100만원※ 학습지원비 명목의 장학금으로 타 장학금과의 중복 수혜 가능","○ 공고일 전일부터 1년 이내 개인 종목으로 도 단위 1위 또는 전국·국제 단위 과학/수학/언어/예체능 분야 공인대회 3위 이내 입상","○ 공고일 현재 원주시 관내에 주소를 두고 1년 이상 거주하고 있는 원주시민 또는 그 자녀","○ 수상경력 80% 거주기간 15% 학교장 추천 5%※ 자세한 사항은 첨부파일 또는 홈페이지 참고","○ 예술 및 기능 : 2명○ 체육 : 1명","○ 형제/자매 등 1세대 2인 이상 신청 시 최고점자 1인만 선발○ 원주시 인재육성기금 장학금 및 우수인재 학습지원비 기수혜자 신청 불가※ 자세한 사항은 첨부파일 또는 홈페이지 참고","○ 학교장 추천","○ 원주시 우수인재 학습지원 신청서○ 자기소개서○ 서약서○ 개인정보제공동의서○ 학생의 가족관계증명서○ 주민등록초본○ 재학증명서 및 성적증명서○ 2025년도 부모 건강보험납부확인서○ 입상증명서※ 자세한 사항은 첨부파일 또는 홈페이지 참고","http://www.wonju.go.kr","2026-08-13","2026-08-28"
"108 ","충청북도 보은군청","입학축하금","지자체(출자출연기관)","장학금","해당없음","과학고국제고마이스터고영재고예술고외국어고일반고자율고제한없음체육고","1학년","해당없음","해당없음","○ 50만원","○  2026년 1월 1일 이후 초·중·고등학교에 입학한 경우","○  부 또는 모와 자녀가 입학일로부터 신청일까지 계속해서군내에 주소를 두고 있는 경우","○ 서류심사","○ 00명","○ 타 지자체에서 동일 목적의 지원금을 수령한 경우○ 자퇴/퇴학 등 학업을 중단 후 재입학 하는 경우","해당없음","○ 필수서류 : 입학축하금 지원 신청서 1부(별지 서식) 및 주민등록등·초본 각 1부○추가서류 가족관계증명서/한부모가족증명서/외국인등록 사실증명서(해당자에 한함) 기타 지원대상자를 사실상 보호·양육하고 있음을 증명하는 서류(해당자에 한함)","https://www.boeun.go.kr/www/index.do","2026-03-03","2026-11-27"
"109 ","재단법인 부여군굿뜨래장학회","재능장학생 ","지자체(출자출연기관)","장학금","특기자","과학고국제고마이스터고영재고예술고외국어고일반고체육고","1학년2학년3학년제한없음","해당없음","해당없음","○ 50만원(생활비 장학금)","○ 공고일 1년 전부터 예체능/과학수학·전산 등의 전국규모 대회 3위 이내 입상 (개인전 종목)","○ 공고일 1년 전부터 부여군에 주소를 둔 군민 또는 군민의 자녀로 고등학교 진학·재학 학생","○ 상위등수(개인전/3위 이내) 경제적 여건 다자녀","○ 2명(고등학생 전 학년)","○ 국가/학교 장학금 외 부여군 장학금 중복지원자○ 한 세대 한 명/하나의 분야만 신청 가능○ 재학기간 중 1번만 선발※ 자세한 사항은 첨부파일 또는 홈페이지 참고","해당없음","○ 신청서○ 주민등록등본 또는 초본(주소이력 포함)○ 가족관계증명서(신청자 본인 기준 발급)○ 다자녀 가산점 필요시 부 또는 모 기준 가족관계증명서 추가 제출○ 재학증명서○ 직전학기 성적증명서○ 2024년 건강보험료 납부확인서 2통(부·모 각 1통)○ 공고일 1년 전 예·체능/과학·수학·전산 등의 전국규모 대회 3위 이내 성적 증명서 (개인전)※ 자세한 사항은 첨부파일 또는 홈페이지 참고","http://buyeo.go.kr","2025-01-31","2025-02-14"
"110 ","재단법인 천안사랑장학재단","천안사랑 장학금","지자체(출자출연기관)","장학금","특기자","과학고국제고마이스터고영재고예술고외국어고일반고자율고제한없음체육고","1학년2학년3학년제한없음","해당없음","해당없음","○ 70만원","○ 다문화/다자녀(자녀 3인 이상)/새터민 가정의 학생으로 성실하고 모범적인 학생으로 학교장의 추천을 받은 학생","○ 장학생 선발 공고일 현재 본인이나 부 또는 모/보호자가 천안시에 1년 이상 계속해서 주민등록을 두고 거주하는 관내 고등학교 재학생","※ 기관확인필요","○ 타 장학금 포함 총 130명 (학교마다 추천 인원 상이하며 타 분야 선발인원 포함 인원임)","○ 1세대 1명 신청 가능○ 학교에 재학 상태가 아닌 경우○ 허위로 기재하여 신청서를 제출 하였을 경우○ 관련 서류를 장학생 선발일정에 따라 제출하지 않은 경우※ 자세한 사항은 첨부파일 또는 홈페이지 참고","○ 학교장에 의한 신청(개별신청 불가)","○ 학교장 공문○ 고등학생 장학금 추천·신청서○ 학생 주민등록초본○ 개인(신용)정보 수집·이용·제공 및 조회 동의서○ 통장사본○ 가족관계증명서○ 북한이탈주민 등록확인서(해당자)※ 자세한 사항은 첨부파일 또는 홈페이지 참고","http://cheonan.go.kr ","2026-08-27","2026-09-04"
"111 ","재단법인 천안사랑장학재단","기능 장학금","지자체(출자출연기관)","장학금","지역연고","마이스터고특성화고","1학년2학년3학년제한없음","해당없음","해당없음","○ 90만원","○ 관내 특성화고 재학생 중 각종 기능경기대회 및 이와 준하는 대회에서 수상한 학생으로 학교장의 추천을 받은 학생","○ 공고일 현재 본인이나 부 또는 모/보호자가 천안시에 1년 이상 계속해서 주민등록을 두고 거주하는 관내 고등학교 재학생","※ 기관확인필요","○ 14명","○ 1세대 1명 신청 가능○ 학교에 재학 상태가 아닌 경우○ 허위로 기재하여 신청서를 제출 하였을 경우○ 관련 서류를 장학생 선발일정에 따라 제출하지 않은 경우※ 자세한 사항은 첨부파일 또는 홈페이지 참고","○ 학교장 추천으로 선발되는 장학금","○ 학교장 공문○ 고등학생 장학금 추천·신청서○ 주민등록초본○ 개인(신용)정보 수집·이용·제공 및 조회 동의서○ 통장사본○ 수상 관련 증빙 서류※ 자세한 사항은 첨부파일 또는 홈페이지 참고","http://cheonan.go.kr ","2026-08-27","2026-09-04"
"112 ","재단법인 천안사랑장학재단","우수장학금","지자체(출자출연기관)","장학금","지역연고","과학고국제고마이스터고영재고예술고외국어고일반고자율고제한없음체육고","1학년2학년3학년제한없음","해당없음","해당없음","○ 70만원","○ 학업성적이 우수한 모범 학생으로 학교장의 추천을 받은 학생","○ 장학생 선발 공고일 현재 본인이나 부 또는 모/보호자가 천안시에 1년 이상 계속해서 주민등록을 두고 거주하는 관내 고등학교 재학생","※ 기관확인필요","○ 총 130명 (학교마다 추천 인원 상이하며 타 분야 선발인원 포함 인원임)","○ 1세대 1명 신청 가능※ 자세한 사항은 첨부파일 또는 홈페이지 참고","○ 학교장 추천에 의한 신청(개별신청 불가)","○ 학교장 공문○ 고등학생 장학금 추천·신청서○ 학생 주민등록초본○ 개인(신용)정보 수집·이용·제공 및 조회 동의서○ 통장사본○ 성적 증빙 서류※ 자세한 사항은 첨부파일 또는 홈페이지 참고","https://www.cheonan.go.kr ","2026-08-27","2026-09-04"
"113 ","재단법인 천안사랑장학재단","재능장학금","지자체(출자출연기관)","장학금","특기자","과학고국제고마이스터고영재고예술고외국어고일반고자율고제한없음체육고","해당없음","해당없음","해당없음","○ 70만원","○ 도 단위 이상의 예·체능대회에서 3위 이내로 입상한 학생※ 자세한 사항은 첨부파일 또는 홈페이지 참고","○ 장학생 선발 공고일 현재 본인이나 부 또는 모/보호자가 천안시에 1년 이상 계속해서 주민등록을 두고 거주하는 관내 고등학교 재학생","※ 기관확인필요","○ 총 130명 (학교마다 추천 인원 상이하며 타 분야 선발인원 포함 인원임)","○ 1세대 1명 신청 가능※ 자세한 사항은 첨부파일 또는 홈페이지 참고","○ 학교장 추천에 의한 신청(개별신청 불가)","○ 학교장 공문○ 장학금 추천·신청서○ 학생 주민등록초본○ 개인(신용)정보 수집·이용·제공 및 조회 동의서○ 통장사본○ 입상 및 수상 관련 증빙 서류※ 자세한 사항은 첨부파일 또는 홈페이지 참고","https://www.cheonan.go.kr ","2026-08-27","2026-09-04"
"114 ","재단법인 천안사랑장학재단","천안꿈장학금","지자체(출자출연기관)","장학금","지역연고","과학고국제고마이스터고영재고예술고외국어고일반고자율고제한없음체육고","해당없음","해당없음","○ 기초생활수급자/차상위/기타 생계곤란자/장애학생","○ 70만원","○ 저소득층 가정의 학생이나 장애가 있는 학생으로 학교장의 추천을 받은 학생","○ 장학생 선발 공고일 현재 본인이나 부 또는 모/보호자가 천안시에 1년 이상 계속해서 주민등록을 두고 거주하는 관내 고등학교 재학생","※ 기관확인필요","○ 총 130명 (학교마다 추천 인원 상이하며 타 분야 선발인원 포함 인원임)","○ 1세대 1명 신청 가능※ 자세한 사항은 첨부파일 또는 홈페이지 참고","○ 학교장 추천에 의한 신청(개별신청 불가)","○ 학교장 공문○ 고등학생 장학금 추천·신청서(증빙서류가 없는 기타 생계곤란 가정의 학생의 경우 추천 사유 상세기재 요망)○ 학생 주민등록초본○ 개인(신용)정보 수집·이용·제공 및 조회 동의서○ 통장사본○ 기초생활수급자/차상위/장애인 증명서(해당자)○ 기타 해당 장학금 신청 자격 증빙 서류※ 자세한 사항은 첨부파일 또는 홈페이지 참고","https://www.cheonan.go.kr ","2026-08-27","2026-09-04"
"115 ","재단법인 천안사랑장학재단","인재육성장학금","지자체(출자출연기관)","장학금","지역연고","과학고국제고마이스터고영재고예술고외국어고일반고자율고제한없음체육고","해당없음","해당없음","해당없음","○ 150만원","○ 우선 추천 : 관내 고등학교 재학생 중 인공지능/소프트웨어/과학·기술/발명/창업 등 미래 핵심 분야에서 우수한 역량과 서장 가능서이 있다고 학교장이 인정하여 추천하는 학생○ 관내 고등학교 재학생 중 학업 및 재능이 출중하여 천안의 인재로 발전 가능성이 있는 학생으로 학교장이 인정하여 추천하는 학생※ 자세한 사항은 첨부파일 또는 홈페이지 참고","○ 장학생 선발 공고일 현재 본인이나 부 또는 모/보호자가 천안시에 1년 이상 계속해서 주민등록을 두고 거주하는 관내 고등학교 재학생","※ 기관확인필요","○ 23명","○ 1세대 1명 신청 가능※ 자세한 사항은 첨부파일 또는 홈페이지 참고","○ 학교장 추천에 의한 신청(개별신청 불가)","○ 학교장 공문○ 고등학생 장학금 추천·신청서○ 인재육성장학금 추천서○ 학생 주민등록초본○ 개인(신용)정보 수집·이용·제공 및 조회 동의서○ 통장사본○ 기타 증빙서류※ 자세한 사항은 첨부파일 또는 홈페이지 참고","https://www.cheonan.go.kr ","2026-08-27","2026-09-04"
"116 ","전라남도 해남군청","희망 장학금","지자체(출자출연기관)","장학금","지역연고","과학고국제고마이스터고영재고예술고외국어고일반고자율고제한없음체육고","1학년2학년3학년제한없음","○ 직전 학기 성적이 상위 50% 이내인 자","○ 보호자의 재산세 10만원 이하","○ 60만원","○ 해남고등학교/해남공업고등학교에 재학중인 학생","○ 학생 본인 및 보호자(부 또는 모/후견인)의 주민등록이 장학생 선발 공고일 현재 해남군에 등재되어 있는 자","○ 우선순위 : 수급증명서 발급 대상자○ 장학사업 심의위원회 심의※ 자세한 사항은 첨부파일 또는 홈페이지 참고","○ 60명(학교별 30명)","※ 기관확인필요","○ 학교장 추천","○ 해남군장학생 추천서(학교장 추천서)○ 개인정보 수집·이용 및 제공·조회 동의서○ 신청인 서약서○ 주민등록등본 및 가족관계증명서○ 통장 사본○ 재학증명서○ 직전학기 성적증명서○ 지방세 세목별 과세증명서○ 수급자 증명서(해당자)※ 자세한 사항은 첨부파일 또는 홈페이지 참고","https://www.haenam.go.kr","2026-08-18","2026-09-04"
"117 ","전라남도 해남군청","미래희망 장학금","지자체(출자출연기관)","장학금","지역연고","과학고국제고마이스터고영재고예술고외국어고일반고자율고제한없음체육고","1학년2학년3학년제한없음","○ 직전 학기 성적이 상위 50% 이내인 자","○ 보호자(부 또는 모/후견인)의 재산세 10만원 이하○ 어려운 환경에서 학업에 정진하고 있는 학생","○ 60만원","○ 송지고등학교/화원고등학교 재학생","○ 학생 본인 및 보호자(부 또는 모/후견인)의 주민등록이 장학생 선발 공고일 현재 해남군에 등재되어 있는 자","○ 학교장 추천자 중 수급증명서 발급 대상자 우선선발","○ 12명(학교별 6명)","※ 기관확인필요","○ 학교장 추천","○ 해남군장학생 추천서(학교장 추천서)○ 개인정보 수집·이용 및 제공·조회 동의서○ 신청인 서약서○ 주민등록등본 및 가족관계증명서○ 통장 사본○ 재학증명서○ 직전학기 성적증명서○ 지방세 세목별 과세증명서○ 수급자 증명서(해당자)※ 자세한 사항은 첨부파일 또는 홈페이지 참고","https://www.haenam.go.kr","2026-08-18","2026-09-04"
"118 ","전라남도 해남군청","예체능 등 예능 특기자 장학금","지자체(출자출연기관)","장학금","특기자","과학고국제고마이스터고영재고예술고외국어고일반고자율고제한없음체육고","해당없음","해당없음","해당없음","○ 100만원","○ 공고일 기준 최근 1년간 군 단위 이상의 기관이나 단체에서 주관한 전국대회 및 도·군대회 입상자 또는 이와 동등한 경력의 수상자※ 자세한 사항은 첨부파일 또는 홈페이지 참고","○ 학생 본인 및 보호자(부 또는 모/후견인)의 주민등록이 장학생 선발 공고일 현재 해남군에 등재","○ 전국대회/상위입상자/다회 수상자 우선 선발","○ 50명 (중학생 포함)","○ 분야별 중복 신청 제한※ 자세한 사항은 첨부파일 또는 홈페이지 참고","○ 학교장 추천","○ 해남군장학금 신청서 또는 해남군장학생 추천서○ 주민등록등본 및 가족관계증명서○ 개인정보 수집·이용 및 제공·조회 동의서○ 신청인서약서○ 통장 사본○ 수상실적 증명서(상장 등)※ 자세한 사항은 첨부파일 또는 홈페이지 참고","https://www.haenam.go.kr","2026-08-18","2026-09-04"
"119 ","전라남도 해남군청","지역사회공헌 장학금","지자체(출자출연기관)","장학금","지역연고","과학고국제고마이스터고영재고예술고외국어고일반고자율고제한없음체육고","1학년2학년3학년제한없음","해당없음","해당없음","○ 50만원","○ 공고일 기준 최근 1년간 봉사활동 10시간 또는 지자체 행사지원 등 지역사회 공헌활동 실적이 있는 학생○ 관내 고등학교에 재학 중인 학생","○ 학생 본인 및 보호자(부 또는 모/후견인)의 주민등록이 장학생 선발 공고일 현재 해남군에 등재","○ 학교장 추천자 중 공헌활동 실적 우수 학생 순","○ 10명 (초·중 인원 포함)","○ 분야별 중복 신청 제한※ 자세한 사항은 첨부파일 또는 홈페이지 참고","○ 학교장 추천","○ 해남군장학생 추천서(학교장 추천서)○ 주민등록등본 및 가족관계증명서○ 개인정보 수집·이용 및 제공·조회 동의서○ 신청인서약서○ 통장 사본○ 자원봉사 실적 증명서(1365 자원봉사 포털·VMS 등)※ 자세한 사항은 첨부파일 또는 홈페이지 참고","https://www.haenam.go.kr","2026-08-18","2026-09-04"
"120 ","전라남도 해남군청","꿈드림 장학금","지자체(출자출연기관)","장학금","지역연고","과학고국제고마이스터고영재고예술고외국어고일반고자율고제한없음체육고","1학년2학년3학년제한없음","해당없음","해당없음","○ 60만원","○ 최근 1년 이내 초·중·고등학교 졸업 학력 검정고시에 합격한 청소년○ 학교 밖 청소년 지원에 관한 법률 제2조의 학교 밖 청소년","○ 학생 또는 청소년 본인 및 보호자(부 또는 모/후견인)의 주민등록이 장학생 선발 공고일 현재 해남군에 등재","※ 기관확인필요","○ 20명","○ 분야별 중복 신청 제한※ 자세한 사항은 첨부파일 또는 홈페이지 참고","해당없음","○ 해남군장학금 신청서○ 주민등록등본 및 가족관계증명서○ 지방세 세목별과세증명서○ 건강보험료 납부확인서○ 건강보험 자격확인서○ 개인정보 수집·이용 및 제공·조회 동의서○ 신청인서약서○ 통장 사본○ 검정고시 성적증명서※ 자세한 사항은 첨부파일 또는 홈페이지 참고 ","https://www.haenam.go.kr","2026-08-18","2026-09-04"
"121 ","전라남도 해남군청","농어업인 육성 장학금","지자체(출자출연기관)","장학금","지역연고","특성화고","1학년2학년3학년제한없음","해당없음","해당없음","○ 50만원","○ 농수산 관련 특성화고 또는 특수목적고에 재학 중이며 품행이 단정하고 봉사·선행 실적이 우수한 학생","○ 학생 또는 청소년 본인 및 보호자(부 또는 모/후견인)의 주민등록이 장학생 선발 공고일 현재 해남군에 등재","○ 지원요건에 부합하는 학교장 추천자","○ 10명","○ 분야별 중복 신청 제한※ 자세한 사항은 첨부파일 또는 홈페이지 참고","○ 학교장 추천","○ 해남군장학생 추천서(학교장 추천서)○ 주민등록등본 및 가족관계증명서○ 직전학기 성적증명서○ 지방세 세목별과세증명서○ 건강보험료 납부확인서○ 건강보험 자격확인서○ 개인정보 수집·이용 및 제공·조회 동의서○ 신청인서약서○ 통장 사본※ 자세한 사항은 첨부파일 또는 홈페이지 참고","https://www.haenam.go.kr","2026-08-18","2026-09-04"
"122 ","전라남도 해남군청","타지역 전학 장학금","지자체(출자출연기관)","장학금","지역연고","과학고국제고마이스터고영재고예술고외국어고일반고자율고제한없음체육고","1학년2학년3학년제한없음","해당없음","해당없음","○ 50만원","○ 타 지역에서 관내 초·중·고등학교로 전학 온 후 공고일 기준 1년 이상 재학 중인 학생","○ 학생 또는 청소년 본인 및 보호자(부 또는 모/후견인)의 주민등록이 장학생 선발 공고일 현재 해남군에 등재","○ 자격요건에 부합하는 학교장 추천자","○ 20명","○ 귀농어·귀촌인 자녀 학자금 지원자 및 동종 장학금을 받은 내력이 있는 자○ 분야별 중복 신청 제한※ 자세한 사항은 첨부파일 또는 홈페이지 참고","○ 학교장 추천","○ 해남군장학생 추천서(학교장 추천서)○ 주민등록등본 및 가족관계증명서○ 개인정보 수집·이용 및 제공·조회 동의서○ 신청인서약서○ 통장 사본※ 자세한 사항은 첨부파일 또는 홈페이지 참고","https://www.haenam.go.kr","2026-08-18","2026-09-04"
"123 ","전라남도 함평군청","함평군인재양성기금(신입생 성적우수)","지자체(출자출연기관)","장학금","성적우수","과학고국제고마이스터고영재고예술고외국어고일반고자율고제한없음체육고","1학년","○ 함평군 내 고등학교에 재학하는 신입생으로서 전년도 성적 평균 90점 이상","○ 해당없음","○ 50만원","○ 함평군 내 고등학교에 입학하는 신입생","○ 해당없음","○ 성적평가 100% 가산점(최대 10점)※ 자세한 사항은 첨부파일 또는 홈페이지 참고","○ 25명","○ 외국 소재 학교 또는 외국 학교의 국내 분교에 재학하는 학생","○ 학교장 추천","○ 인재양성기금 지원 신청서○ 인재양성기금 지원대상자 추천서○ 인재양성기금 신청자 실태조사 확인서○ 개인정보이용 동의서○ 서약서○ 통장사본○ 성적증명서 ※ 자세한 사항은 첨부파일 또는 홈페이지 참고","https://www.hampyeng.go.kr/","2026-03-03","2026-03-27"
"124 ","진도군청","입학축하금","지자체(출자출연기관)","장학금","해당없음","과학고국제고마이스터고영재고예술고외국어고일반고자율고제한없음체육고","1학년","해당없음","해당없음","○  50만원(진도아리랑 상품권)※ 자세한 사항은 첨부파일 또는 홈페이지 참고","해당없음","○ 관내: 신청일 기준 진도군에 주소를 두고 고등학교에 최초 입학하는 1학년 학생※ 자세한 사항은 첨부파일 또는 홈페이지 참고","○ 서류심사","○ 00명","해당없음","해당없음","○ 신청서○ 신청인(보호자) 신분증○ 주민등록등본(학생기준)○ 입학생과 보호자의 주소지가 다른 경우 가족관계증명서※ 자세한 사항은 첨부파일 또는 홈페이지 참고","https://www.jindo.go.kr/home/main.cs","2026-03-16","2026-11-30"
"125 ","전라남도 무안군청","귀뚜라미 문화재단 장학생","지자체(출자출연기관)","장학금","해당없음","과학고국제고마이스터고영재고예술고외국어고일반고자율고제한없음체육고","1학년2학년3학년제한없음","해당없음","해당없음","○ 50만원","○  무안고/남악고/백제고/전남체육고/전남예술고 학생","○ 주민등록상 장학금 수혜대상자(학생) 또는 보호자(부/모 등 1인)가 무안군에 1년 이상 계속하여 거주하는 자","○ 서류심사","○ 25명","해당없음","○  저소득/학력우수/예체능 및 기술 우수/학교발전 공헌도 및 지역봉사활동참여도로 학교장(학장)의 추천을 받은 자","○ 장학생 지원 신청서 1부(붙임1)○ 재학증명서 1부○ 주민등록등본 1부(학생 본인 기준/학생 주민등록번호 포함)○ 주민등록초본 1부(학생 또는 보호자의 출생등록부터 기재된 초본)  보호자 초본 제출시 보호자와 학생의 관계를 확인할 수 있는 가족관계증명서 추가 제출○ 개인정보 수집·이용·제공 및 조회 동의서 1부(붙임2)○ 장학생 추천서 1부(붙임3)","https://www.muan.go.kr/main=true","2026-07-20","2026-07-31"
"126 ","영암군미래교육재단","종합학력우수학생장학금","지자체(출자출연기관)","장학금","지역연고","과학고국제고마이스터고영재고예술고외국어고일반고자율고제한없음체육고","1학년2학년3학년제한없음","○ 관내 고등학교 재학 중인 학생으로 학교별 성적 우수 학생","해당없음","○ 80만원","○ 관내 고등학교 재학 중인 학생","해당없음","○ 선발 심사는 서류심사 원칙(분야별 심사요건·선정기준 등)으로 함○ 지원대상자 선발은 (재)영암군민장학회 이사회 심의를 거쳐 최종 결정후 확정함","○ 25명(학교별)※ 관내 학교별 학생 수 기준 차등 선발","○ 국가 또는 지방자치단체·공공단체 및 민간단체의 장학금·직장 학자금 등 타장학금을 받은 자는 제외함 (본 장학회 지급 기준액 이하를 받은 자는 이사회 의결에 의해 자격을 득할 수 있으며 차액을 지급함)○ 각 학교 교칙에 의하여 징계 전력이 있는 자는 지원 제외","○ 학교장 추천","○ 장학금 신청서○ 개인정보 수집·이용 동의서○ 신청인 서약서○ 통장계좌 사본○ 학교장(총장) 추천서○ 성적증명서※ 자세한 사항은 첨부파일 또는 홈페이지 참고","https://yeongam.go.kr ","2026-04-13","2026-05-12"
"127 ","영암군미래교육재단","문화예술체육진흥장학금","지자체(출자출연기관)","장학금","지역연고","과학고국제고마이스터고영재고예술고외국어고일반고자율고제한없음체육고","1학년2학년3학년제한없음","해당없음","해당없음","○ 80만원 (학업장려금)","○ 공고일 기준 영암군에 주소지를 둔 관내 학교 학생으로서 2025년 수상실적이 있는 자○ 왕인학생예술대회 장원※ 자세한 사항은 첨부파일 또는 홈페이지 참고","해당없음","○ 선발 심사는 서류심사 원칙(분야별 심사요건·선정기준 등)으로 함○ 지원대상자 선발은 (재)영암군민장학회 이사회 심의를 거쳐 최종 결정후 확정함","○ 1명","○ 국가 또는 지방자치단체·공공단체 및 민간단체의 장학금·직장 학자금 등 타장학금을 받은 자는 제외함 (본 장학회 지급 기준액 이하를 받은 자는 이사회 의결에 의해 자격을 득할 수 있으며 차액을 지급함)○ 각 학교 교칙에 의하여 징계 전력이 있는 자는 지원 제외","○ 학교장 추천","○ 장학금 신청서○ 개인정보 수집·이용 동의서○ 신청인 서약서○ 통장계좌 사본○ 주민등록초본○ 가족관계증명서○ 수상증서○ 학교장(총장) 추천서○ 자기계발계획서※ 자세한 사항은 첨부파일 또는 홈페이지 참고","https://yeongam.go.kr","2026-04-13","2026-05-12"
"128 ","영암군미래교육재단","모범학생장학금","지자체(출자출연기관)","장학금","지역연고","과학고국제고마이스터고영재고예술고외국어고일반고자율고제한없음체육고","1학년2학년3학년제한없음","해당없음","해당없음","○ 80만원","○ 관내 고등학교에 재학 중인 학생으로 사회봉사 활동 우수자 ·/ 웃어른 공경 및 효행 실천자 / 학교 선도활동 등 모범학생","해당없음","○ 선발 심사는 서류심사 원칙(분야별 심사요건·선정기준 등)으로 함○ 지원대상자 선발은 (재)영암군민장학회 이사회 심의를 거쳐 최종 결정후 확정함","○ 13명(학교별)※ 학교별 학생 수 기준 차등 지급","○ 국가 또는 지방자치단체·공공단체 및 민간단체의 장학금·직장 학자금 등 타장학금을 받은 자는 제외함 (본 장학회 지급 기준액 이하를 받은 자는 이사회 의결에 의해 자격을 득할 수 있으며 차액을 지급함)○ 각 학교 교칙에 의하여 징계 전력이 있는 자는 지원 제외","○ 고등학교장 추천","○ 장학금 신청서○ 개인정보 수집·이용 동의서○ 신청인 서약서○ 통장계좌 사본○ 학교장(총장) 추천서※ 자세한 사항은 첨부파일 또는 홈페이지 참고","https://yeongam.go.kr ","2026-04-13","2026-05-12"
"129 ","전라남도 영광군청","학업우수장학생","지자체(출자출연기관)","장학금","지역연고","과학고국제고마이스터고영재고예술고외국어고일반고자율고제한없음체육고","1학년2학년3학년제한없음","○ 신입생 : 입학전형 성적이 상위 30% 이내○ 재학생 : 직전학년 성적이 상위 30% 이내","해당없음","○ 80만원","해당없음","○ 공고일 현재 본인이나 보호자가 영광군에 계속해서 2년 이상 주민등록을 두고 있는 자","○ 학교장 추천에 의함","○ 23명 (학교별 추천인원 상이)","○ 영광군 인재육성장학금을 2회 지원받은 자※ 학제를 달리하는 경우(초·중·고·대학별) 가능","○ 학교장 추천","○ 인재육성장학금 신청서○ 개인정보 수집·이용 및 제공·조회 동의서○ 학교장 추천서○ 주민등록초본○ 장학금 지급 통장 사본○ 기타 해당서류※ 자세한 사항은 첨부파일 또는 홈페이지 참고","https://yeonggwang.go.kr","2026-04-20","2026-05-08"
"130 ","전라남도 영광군청","예체능 특기(체육문예인재)","지자체(출자출연기관)","장학금","특기자","과학고국제고마이스터고영재고예술고외국어고일반고자율고제한없음체육고","1학년2학년3학년제한없음","해당없음","해당없음","○ 80만원","○ 체육·문예 특기 : 직전학년 중 음악·미술·무용·체육·문학 등 예체능과 관련하여 국제대회·광역자치단체 이상의 단체나 기관에서 주관한 전국대회 또는 도 대회에서 3위 이내의 성적을 거둔 학생○ 학교를 빛낸 인재 : 직전학년 중 다양한 분야(학술·기능·선행 등)에서 두각을 나타내 영광을 알리는데 앞장선 학생","○ 공고일 현재 본인이나 보호자가 영광군에 계속해서 2년 이상 주민등록을 두고 있는 자","○ 선발기준에 의한 고득점 순으로 우선 추천○ 동점의 경우 대회 규모/순위/수상 횟수 등을 고려하여 선정※ 자세한 사항은 첨부파일 또는 홈페이지 참고","○ 체육특기 : 10명○ 문예특기 : 4명○ 학교를 빛낸 인재 : 1명○ 괸외 예·체능 고등학교 : 2명","○ 영광군 인재육성장학금을 2회 지원받은 자※ 학제를 달리하는 경우(초·중·고·대학별) 가능","○ 학교장 추천※ 자세한 사항은 첨부파일 참고","○ 인재육성장학금 신청서○ 개인정보 수집·이용 및 제공·조회 동의서○ 학교장 추천서○ 주민등록등본○ 장학금 지급 통장 사본○ 입상증명서(상장 등)체육·문예○ 증빙서류(언론보도·생활기록부·입상증서 등)학교를 빛낸 인재○ 기타 해당서류※ 자세한 사항은 첨부파일 또는 홈페이지 참고","https://yeonggwang.go.kr","2026-04-20","2026-05-08"
"131 ","전라남도 영광군청","복지장학금","지자체(출자출연기관)","장학금","지역연고","과학고국제고마이스터고영재고예술고외국어고일반고자율고제한없음체육고","1학년2학년3학년제한없음","해당없음","○ 국민기초생활수급자/차상위 계층/한부모 가정/장애인 가정 자녀","○ 80만원","해당없음","○ 공고일 현재 본인이나 보호자가 영광군에 계속해서 2년 이상 주민등록을 두고 있는 자","※ 기관확인필요","○ 22명 (학교별 학생 비율에 따라 인원수 산정)","○ 영광군 인재육성장학금을 2회 지원받은 자※ 학제를 달리하는 경우(초·중·고·대학별) 가능","○ 학교장 추천","○ 인재육성장학금 신청서○ 개인정보 수집·이용 및 제공·조회 동의서○ 학교장 추천서○ 주민등록초본○ 장학금 지급 통장 사본○ 가족관계증명서○ 기타 해당서류※ 자세한 사항은 첨부파일 또는 홈페이지 참고","https://yeonggwang.go.kr","2026-04-20","2026-05-08"
"132 ","전라남도 영광군청","원전지역장학(기초수급자장애인)","지자체(출자출연기관)","장학금","지역연고","과학고국제고마이스터고영재고예술고외국어고일반고자율고제한없음체육고","해당없음","해당없음","○ 국민기초생활수급자/차상위계층자","○ 60만원","○ 초·중등 교육법에 의거 설치된 고등학교 재학생○ 한부모가족/등록장애인","○ 공고일 현재 한빛원전주변지역(백수/홍농/법성)에 본인이나 보호자(부 또는 모 등)가 주민등록을 두고 있어야 함","※ 기관확인필요","※ 기관확인필요","○ 당해 학기에 영광군미래교육재단에서 장학금 수혜 받은 자 지원 제외※ 자세한 사항은 첨부파일 또는 홈페이지 참고","해당없음","○ 신청서 및 통장사본○ 개인정보 수집·이용 및 제공·조회 동의서○ 주민등록등본○ 가족관계증명서○ 실거주확인서○ 재학증명서○ 신청 확인서※ 자세한 사항은 첨부파일 또는 홈페이지 참고","https://yeonggwang.go.kr","2026-05-26","2026-07-07"
"133 ","전라남도 영광군청","원전지역장학(특기자)","지자체(출자출연기관)","장학금","지역연고","과학고국제고마이스터고영재고예술고외국어고일반고자율고제한없음체육고","해당없음","해당없음","해당없음","○ 60만원","○ 2025.05.20. 이후 문화·음악·미술·체육·기능 등에 대한 지자체·교육지원청 등 정부기관에서 주관·협찬하는 대회 3위 이내 수상한 특기학생 (단체운동부는 학교장 추천을 통한 선수만 인정)○「초·중등 교육법」에 의거 설치된 고등학교 재학생","○ 공고일 현재 한빛원전주변지역(백수/홍농/법성)에 본인이나 그 보호자(부 또는 모 등)가 1년 이상 주민등록을 둔 자","○ 서류접수","※ 기관확인필요","○ 당해 학기 영광군미래교육재단에서 장학금을 수혜 받은 자○ 1개 분야만 신청 가능","○ 단체운동부는 학교장 추천을 통한 선수만 인정","○ 원전주변지역 주민자녀 장학금 신청서○ 개인정보 수집·이용 및 제공·조회 동의서○ 주민등록초본○ 장학금 지급 통장 사본○ 가족관계증명서○ 재학증명서○ 대회입상증명서(상장 등)※ 자세한 사항은 첨부파일 또는 홈페이지 참고","https://yeonggwang.go.kr","2026-05-26","2026-07-07"
"134 ","전라남도 영광군청","원전지역장학(성적우수)","지자체(출자출연기관)","장학금","지역연고","과학고국제고마이스터고영재고예술고외국어고일반고자율고제한없음체육고","해당없음","○ 2025년 2학기 과목 원점수 총점이 과목평균 총점 이상 (고등학교 1학년의 경우 중학교 3학년 2학기 성적 기준)","해당없음","○ 60만원","○「초·중등교육법에 의거 설치된 고등학교 재학생","○ 공고일 현재 한빛원전주변지역(백수/홍농/법성)에 본인이나 그 보호자(부 또는 모 등)가 1년 이상 주믹등록을 둔 자","○ 서류접수","※ 기관확인필요","○ 당해 학기 영광군미래교육재단에서 장학금을 수혜 받은 자○ 1개 분야만 신청 가능","해당없음","○ 원전주변지역 주민자녀 장학금 신청서○ 개인정보 수집·이용 및 제공·조회 동의서○ 주민등록초본○ 장학금 지급 통장 사본○ 가족관계증명서○ 성적증명서○ 재학증명서※ 자세한 사항은 첨부파일 또는 홈페이지 참고","https://yeonggwang.go.kr","2026-05-26","2026-07-07"
"135 ","경상북도 봉화군청","희망복지장학금","지자체(출자출연기관)","장학금","지역연고","과학고국제고마이스터고영재고예술고외국어고일반고자율고제한없음체육고","1학년2학년3학년제한없음","○ 신규신청: 직전학기 이수과목 40%이상이 ""C""이상(입학생) 또는 5등급 이상(재학생)○ 재신청: 직전학기 이수과목 50%이상 5등급 이상인 자","○ 국민기초생활수급자/ 차상위계층의 자녀○ 기타 저소득층의 자녀※ 자세한 사항은 첨부파일 또는 홈페이지 참고","○ 50만원※ 타 장학금과 중복수혜자는 차액분만 지급","○ 국민기초생활수급자/ 차상위계층/ 기타 저소득자녀 중 학업성적이 우수한 고등학생","○ 공고일 현재 봉화군에 주민등록을 두고 봉화군에 거주하고 있는 세대","○ 대상자가 많을 경우 기금운용심의회에서 우선순위 결정※ 자세한 사항은 첨부파일 또는 홈페이지 참고","○ 12명 (고등학생 10 대학생 2)","※ 기관확인필요","해당없음","○ 봉화군 희망복지장학금 신청·추천서○ 장학금 수혜여부 확인서○ 직전학기 성적증명서○ 신청일 기준 전월분 건강보험료 납부증명서○ 주민등록등본○ 신청자 통장사본※ 자세한 사항은 첨부파일 또는 홈페이지 참고","http://www.bonghwa.go.kr","2025-12-02","2025-12-09"
"136 ","경상북도청","근로자녀장학생","지자체(출자출연기관)","장학금","지역연고","과학고국제고마이스터고영재고예술고외국어고일반고체육고","해당없음","○ 해당없음","○ 전년도(2025년) 가구원별 도시근로자 월평균 소득기준 90%이하인 자○ 산업재해 및 기타사유로 가정생활이 어려운 근로자","○ 70만원 (생활비)","○ 해당없음","○ 공고일 현재 근로자의 주민등록상 주소지가 경상북도내로 되어 있어고 자녀가 고등학생인 근로자※ 자세한 사항은 첨부파일 또는 홈페이지 참고","※ 기관확인필요","○ 00명","○ 경상북도 근로자 자녀 학자금 기 수혜자","○ 해당없음","○ 학자금 지급 신청서○ 개인정보 수집/이용 및 제공/조회 동의서○ 학자금 중복지원방지 및 반환에 관한 서약서○ 기타증빙서류※ 자세한 사항은 첨부파일 또는 홈페이지 참고","https://www.gb.go.kr/","2026-04-01","2026-04-30"
"137 ","경상북도청","다둥이장학금","지자체(출자출연기관)","장학금","해당없음","과학고국제고마이스터고영재고예술고외국어고일반고자율고제한없음체육고","1학년2학년3학년제한없음","해당없음","해당없음","○ 80만원","○ 경상북도 도내 다자녀 가정 (2자녀 이상)의 고등학생○ 경상북도 도내 소재한 학교에 재학중인 학생","○ 2025년 7월말 기준 학생 또는 학부모의 주민등록상 주소지가 경상북도 도내일 것","○ 소득수준 다자녀가정 학업성적 고려 후 선발","○ 총 4명 선발 (중학생 2명 고등학생 1명 대학생 1명)※ 자세한 사항은 첨부파일 또는 홈페이지 참고","○ 가정 당 1명 신청 가능○ 2019~2024년 다둥이 장학금 수령자 제외","해당없음","○ 개인정보수집이용 및 제공 조회동의서○ 가족관계증명서○ 국민기초생활수급자 또는 차상위계층 증명서 (해당자만)○ 재학증명서○ 성적증명서○ 통장사본※ 자세한 사항은 첨부파일 또는 홈페이지 참고","해당없음","2025-08-19","2025-08-28"
"138 ","재단법인 상주시장학회","진학장학금","지자체(출자출연기관)","장학금","지역연고","과학고국제고마이스터고영재고예술고외국어고일반고자율고제한없음체육고","1학년","해당없음","해당없음","○ 100만원","○ 관내 중학교에 입학하여 졸업하고 관내 고등학교에 입학한 자","○ 장학생 선발 공고일 현재 1년이상 상주시 관내 거주자(부모 또는 학생)","※ 기관확인필요","○ 50명","※ 자세한 사항은 첨부파일 또는 홈페이지 참고","○ 학교장 추천","○ 장학생 지원신청서○ 개인정보제공·이용 동의서○ 장학생 추천서○ 중학교 졸업장(졸업증명서)※ 자세한 사항은 첨부파일 또는 홈페이지 참고","http://www.sjjh.or.kr","2025-09-19","2025-10-13"
"139 ","재단법인 상주시장학회","나래장학금","지자체(출자출연기관)","장학금","지역연고","과학고국제고마이스터고영재고예술고외국어고일반고자율고제한없음체육고","1학년2학년3학년제한없음","○ 성적/가정형편 : 성적이 100분의 50 이내○ 성적향상 : 직전학기 대비 내신 1등급 이상 향상된 학생","○ 성적/가정형편 : 가정형편이 어려운 학생","○ 100만원","○ 관내 고등학교에 재학 중인 자○ 성적이 100분의 50 이내이며 가정형편이 어려운 학생○ 직전학기 대비 내신 1등급 이상 향상된 학생","○ 장학생 선발 공고일 현재 1년이상 상주시 관내 거주자(부모 또는 학생)","※ 기관확인필요","○ 성적/가정형편 : 25명○ 성적향상 : 25명","※ 자세한 사항은 첨부파일 또는 홈페이지 참고","○ 학교장 추천","○ 장학생 지원신청서○ 개인정보제공·이용 동의서○ 장학생추천서○ 성적증명서※ 자세한 사항은 첨부파일 또는 홈페이지 참고","http://www.sjjh.or.kr","2025-09-19","2025-10-13"
"140 ","재단법인 상주시장학회","희망장학금","지자체(출자출연기관)","장학금","지역연고","과학고국제고마이스터고영재고예술고외국어고일반고자율고체육고","1학년2학년3학년","해당없음","○ 기초수급자 / 차상위계층 / 한부모가족 / 다문화 가정","○ 100만원","○ 관내 고등학교에 재학 중이며 기초수급자/ 차상위계층/ 한부모가족 또는 다문화 가정의 학생으로 읍·면·동장이 추천한 자","○ 장학생 선발 공고일 현재 1년이상 상주시 관내 거주자(부모 또는 학생)","※ 기관확인필요","○ 24명※ 중학교 선발 인원 포함","※ 자세한 사항은 첨부파일 또는 홈페이지 참고","○ 읍·면·동장 추천","○ 장학생 지원신청서○ 개인정보 ·제공·이용 동의서○ 장학생 추천서○ 해당 증빙 서류※ 자세한 사항은 첨부파일 또는 홈페이지 참고","http://www.sjjh.or.kr","2025-09-19","2025-10-13"
"141 ","재단법인 상주시장학회","특별장학금(푸름이장학금)","지자체(출자출연기관)","장학금","지역연고","과학고국제고마이스터고영재고예술고외국어고일반고체육고","1학년2학년3학년제한없음","해당없음","해당없음","○ 100만원","○ 공고일 기준 1년 전에 부 또는 모가 전입하고 그의 자녀가 관내 학교에 전학/입학한 학생으로 읍/면/동장이 추천한 자 (귀농귀촌)","○ 장학생 선발 공고일 현재 1년이상 상주시 관내 거주자(부모 또는 학생)","※ 기관확인필요","○ 15명","○ 기수혜자는 선발제외○ 상주시 전입일 이전 상주시에 주민등록을 두고 거주한 자※ 자세한 사항은 첨부파일 또는 홈페이지 참고","○ 읍/면/동장 추천","○ 장학생 지원신청서○ 개인정보 제공/이용 동의서○ 장학생 추천서○ 주민등록등본(주소지 변동 포함)○ 재학증명서※ 자세한 사항은 첨부파일 또는 홈페이지 참고","http://www.sjjh.or.kr","2024-09-20","2024-10-11"
"142 ","재단법인 상주시장학회","재능키움장학생","지자체(출자출연기관)","장학금","특기자","과학고국제고마이스터고영재고예술고외국어고일반고자율고제한없음체육고","1학년2학년3학년제한없음","해당없음","해당없음","○ 개인 : 50만원○ 단체 : 100만원※ 자세한 사항은 첨부파일 또는 홈페이지 참고","○ 관내 고등학교 및 특수학교에 재학하고 있는 학생○ 고등학생 중 체육·예술·과학·기능 및 다양한 특기를 소유한 자 또는 단체로서 학교장의 추천을 받은 자※ 자세한 사항은 첨부파일 또는 홈페이지 참고","○ 장학생 선발 공고일 현재 1년이상 상주시 관내 거주자(부모 또는 학생)","※ 기관확인필요","○ 예산 내 선발","○ 특기장학생과 중복 불가※ 자세한 사항은 첨부파일 또는 홈페이지 참고","○ 학교교장 추천","○ 장학생 지원신청서○ 개인정보 제공·이용 동의서○ 장학생 추천서○ 입상 및 관련 증빙 서류※ 자세한 사항은 첨부파일 또는 홈페이지 참고","http://www.sjjh.or.kr","2025-09-19","2025-10-13"
"143 ","재단법인 상주시장학회","특별장학금(전입고등학생)","지자체(출자출연기관)","장학금","지역연고","과학고국제고마이스터고영재고예술고외국어고일반고자율고제한없음체육고","1학년2학년3학년제한없음","해당없음","해당없음","○ 100만원","○ 장학생 선발 공고일 기준 1년 이내 본인이 관내로 전입하고 관내 고등학교에 재학 중인 학생으로 학교장의 추천을 받은 자","○ 장학생 선발 공고일 현재 1년 이상 상주시 관내 거주자 (부모 또는 학생)","※ 기관확인필요","○ 15명","※ 자세한 사항은 첨부파일 또는 홈페이지 참고","○ 학교장 추천","○ 장학생 지원신청서○ 개인정보 제공/이용 동의서○ 주민등록등본(주소지 변동 포함)※ 자세한 사항은 첨부파일 또는 홈페이지 참고","http://www.sjjh.or.kr","2025-09-19","2025-10-13"
"144 ","재단법인 상주시장학회","특별장학금(다자녀)","지자체(출자출연기관)","장학금","해당없음","과학고국제고마이스터고영재고예술고외국어고일반고자율고제한없음체육고","3학년","※ 자세한 사항은 첨부파일 또는 홈페이지 참고","※ 자세한 사항은 첨부파일 또는 홈페이지 참고","○ 50만원","○ 고등학교 3학년 학생○ 다자녀(3자녀 이상)가구 학생※ 자세한 사항은 첨부파일 또는 홈페이지 참고","○ 공고일 현재(2025.09.17) 1년 이상 상주시 관내 거주자(부모 또는 학생)","※ 자세한 사항은 첨부파일 또는 홈페이지 참고","○ 280명","※ 자세한 사항은 첨부파일 또는 홈페이지 참고","※ 자세한 사항은 첨부파일 또는 홈페이지 참고","○ 장학생 지원신청서○ 개인정보 제공 및 이용 동의서○ 장학금 지급신청서○ 주민등록초본○ 가족관계증명서○ 통장사본※ 자세한 사항은 첨부파일 또는 홈페이지 참고","http://www.sjjh.or.kr","2025-09-19","2025-10-13"
"145 ","경상남도 고성군청","고성군체육진흥기금","지자체(출자출연기관)","장학금","특기자","일반고체육고","1학년2학년3학년제한없음","해당없음","해당없음","○ 고성군체육진흥기금운용심의위원회에서 결정","※ 대한체육회 등록 선수중 고등학생○ 관내.외 전문체육 육성학교에 재학 중인 학생○ 대한체육회에 등록된 전문 체육선수로서 전년도 전국·도단위대회 이상 공인된 각종 경기에서 3위 이상 입상실적이 있는 자","○ 주소지 또는 등록기준지를 고성군 내로 둔 전문체육 선수","○ 점수산출 방법 첨부파일 참고","○ 고성군체육진흥기금운용심의위원회에서 결정","○ 새마을지도자녀장학/ 이장자녀장학 등 기타 장학금 지급대상자는 제외","해당없음","○ 고성군체육진흥기금 장학금지급 신청서○ 성적증명서○ 주민등록등본 또는 기본증명서○ 생활기록부○ 대한체육회 가맹경기단체 등록선수 확인서○ 통장사본※ 자세한 사항 첨부파일 참고 직접 또는 등기우편으로 제출 및 신청","https://www.gwgs.go.kr","2025-03-12","2025-03-26"
"146 ","재단법인 거창군장학회","고등학생장학(성적)","지자체(출자출연기관)","장학금","지역연고","과학고국제고마이스터고영재고외국어고일반고","1학년2학년","○ 성적우수: 학교 자체 기준에 따라 추천","해당없음","○ 50만원","○ 승강기고/ 연극고/ 아림고/ 거창여고/ 거창고/ 중앙고/ 대성고/ 대성일고 재학생","○ 공고일 현재 부모가 거창군에 주소를 두고 거주하는 자○ 공고일 현재 거창군 소재 고등학교에 재학 중인 자","※ 기관확인필요","○ 31명 (학교별 추천 및 선발인원 상이)","※ 기관확인필요","○ 중복수혜여부 확인 후 학교장 추천","○ 장학생 신청서○ 추천서○ 장학금 지급 신청서○ 서약서○ 개인정보 수집이용 및 제공조회동의서○ 주민등록 등본 1부○ 재학증명서 및 해당학년 성적증명서※ 자세한 사항은 첨부파일 또는 홈페이지 참고","http://www.gcdream.kr","2026-01-14","2026-01-30"
"147 ","재단법인 거창군장학회","고등학생장학(면학)","지자체(출자출연기관)","장학금","지역연고","과학고국제고마이스터고영재고예술고외국어고일반고체육고","1학년2학년","해당없음","○ 가정형편이 어려운 자 (저소득층) 및 두두 자녀 이상 가정","○ 50만원","○ 승강기고/ 연극고/ 아림고/ 거창여고/ 거창고/ 중앙고/ 대성고/ 대성일고","○ 공고일 현재 학생이 거창군 소재 고등학교를 졸업(예정)하고 고등교육법 제2조의 대학에 입학하였거나 재학중인 자","※ 기관확인필요","○ 24명 학교별 추천 및 선발인원 상이","○ 타 장학금(교내/외)과 중복지원 불가","○ 학교장 추천","○ 장학생 신청서○ 추천서○ 장학금 지급 신청서○ 서약서○ 개인정보 수집이용 및 제공조회 동의서○ 주민등록 등본○ 재학증명서 및 해당학년 성적증명서○ 건강보험 납부확인서 및 건강보험증※ 자세한 사항은 첨부파일 또는 홈페이지 참고","http://www.geochang.go.kr/portal/index.do","2026-01-14","2026-01-30"
"148 ","재단법인 거창군장학회","예·체능 및 과학 특기장학금","지자체(출자출연기관)","장학금","지역연고","과학고예술고체육고","1학년2학년3학년제한없음","해당없음","해당없음","○ 100만원","○ 2025년 예·체능 등 전국대회 3위 이내 또는 도단위 대회 1위 수상자 및 단체○ 국가대표 및 이에 상응하는 대표로 선발된자 및 단체※ 자세한 사항은 첨부파일 또는 홈페이지 참고","○ 공고일 현재 학생이 거창군 소재 초/ 중/ 고 및 대학에 재학 중인 자○ 부모가 거창군에 주소를 두고 예체능 등 특별한 사정에 의해 타 지역으로 진학한 학생 포함","※ 기관확인필요","○ 24명(문화예술 10명/ 체육분야 10명/ 과학기능 4명)","○ 동일 학기 기 수혜자라도 이전 수상 실력보다 당해 수상의 훈격 및 순위가 승격될 경우 장학생 신청(추천) 허용○ 단체종목은 개인 신청이 불가하며 단체 명의로 신청하여야 함○ 2025년 거창군 청소년 유망 체육선수 장려금'을 받은 자는 신청 제외※ 자세한 사항은 첨부파일 또는 홈페이지 참고","○ 학교장 추천","○ 장학생 신청서○ 추천서 (학교장)○ 장학금 지급 신청서○ 서약서○ 주민등록 등본 1부(부모와 주소가 다를 경우 각각 모두 첨부/ 가족관계증명서 제출)○ 재학증명서○ 개인정보 수집·이용 및 제공·조회 동의서○ 2025 년도 수상을 증명할수 있는 증빙서류○ 경기실적증명서(체육분야에 한함)※ 자세한 사항은 첨부파일 또는 홈페이지 참고","http://www.geochang.go.kr/portal/index.do","2026-01-14","2026-01-30"
"149 ","경상남도 통영시청","저소득 주민자녀 장학금","지자체(출자출연기관)","장학금","지역연고","일반고","1학년2학년3학년","○ 전체 교과목의 50% 이상이 교과목별 성취도 60점 이상인 자","○ 국민기초생활 보장법에 따른 기초생활수급자 및 차상위 계층 자녀※ 자세한 사항은 첨부파일 또는 홈페이지 참고","○ 50만원","○ 통영시 관내 학교를 6년 이상 다닌 재학생○ 학업성적 우수표창 또는 각종 대회 입상 경력이 있는 학생※ 자세한 사항은 첨부파일 또는 홈페이지 참고","○ 주민등록상 6년 이상 통영시에 주소를 둔 자","※ 기관확인필요","○ 14명","○ 통영시 저소득 주민자녀 장학금 4회 이상 수혜자○ 통영시 성적우수 장학금 인재육성 장학금 중복지원 불가※ 자세한 사항은 첨부파일 또는 홈페이지 참고","○ 읍면동장 또는 학교장 추천으로 선발","○ 장학금 지급 신청서○ 성적증명서○ 표창장 등 입상 입증자료○ 개인정보 수집·이용 동의서○ 통장사본※ 자세한 사항은 첨부파일 또는 홈페이지 참고","http://www.tongyeong.go.kr/main/","2025-10-27","2025-11-21"
"150 ","제주특별자치도청","근로청소년","지자체(출자출연기관)","장학금","지역연고","과학고국제고마이스터고영재고예술고외국어고일반고체육고","해당없음","해당없음","○ 중위소득 120% 이하인 가구","○ 1인당 250만원 이내","○ 산업체 근로청소년 중 경제적 사정으로 교육을 받기 어려운 사람으로써 학업을 계속하기 곤란한 사람과 학교생활에서 모범을 보이며 직장에서 근무성적이 우수한 자 ※ 자세한 사항은 첨부파일 또는 홈페이지 참고","○ 공고일 현재 본인이나 그 보호자가 제주자치도에 거주하는 자","※ 기관확인필요","※ 기관확인필요","해당없음","○ 학교장 추천","○ 산업체근로청소년증명서/ 수업료납입영수증○ 건강보험료 납입 확인서○ 주민등록등본○ 통장사본 ○ 개인정보제공동의서○ 통합복지기금 장학생 추천서※ 자세한 사항은 첨부파일 또는 홈페이지 참고","https://www.jeju.go.kr/index.htm","2026-04-09","2026-04-27"
"151 ","제주특별자치도청","의용소방대자녀","지자체(출자출연기관)","장학금","지역연고","과학고국제고마이스터고영재고예술고외국어고일반고체육고","해당없음","○ 학과성적이 재적 학년 정원의 100분의 50 이내인 자","○ 중위소득 120% 이하인 가구","○ 1인당 250만원 이내","○ 제주특별자치도 의용소방대원으로 3년 이상 근속한 사람의 자녀로서 경제적으로 어려워 고등학교 교육을 받기 어려운 자○ 품행이 단정한 자○ 기능/ 체육/ 예능에 소질과 재능이 뛰어난 자","○ 본인이나 그 보호자가 제주자치도에 거주하는 자","※ 기관확인필요","※ 기관확인필요","해당없음","○ 단체장 추천","○ 주민등록등본○ 수업료납입영수증○ 통장사본○ 개인정보제공동의서○ 건강보험료납부확인서○ 성적증명서○ 소속단체장의 활동 확인서○ 해당 서류※ 자세한 사항은 첨부파일 또는 홈페이지 참고","https://www.jeju.go.kr/index.htm","2026-04-09","2026-04-27"
"152 ","제주특별자치도청","모범청소년","지자체(출자출연기관)","장학금","지역연고","과학고국제고마이스터고영재고예술고외국어고일반고체육고","해당없음","○ 입학 또는 재학 중 학과성적이 재적학년 정원의 100분의 20이내인 사람","○ 중위소득 120% 이하인 가구","○ 1인당 250만원 이내","○ 품행이 단정하고 경제적으로 어려워 고등학교 교육을 받기 어려운 학생○ 기능/ 체육/ 예능에 소질과 재능이 뛰어난 사람","○ 본인이나 그 보호자가 제주자치도에 거주하는 자","※ 기관확인필요","※ 기관확인필요","해당없음","○ 학교장 추천","○ 주민등록등본○ 수업료납입영수증○ 통장사본○ 개인정보제공동의서○ 건강보험료납부확인서○ 성적증명서○ 통합복지기금 장학금 추천서(학교장)※ 자세한 사항은 첨부파일 또는 홈페이지 참고","https://www.jeju.go.kr/index.htm","2026-04-09","2026-04-27"
"153 ","제주특별자치도청","의사상자녀","지자체(출자출연기관)","장학금","지역연고","과학고국제고마이스터고영재고예술고외국어고일반고체육고","해당없음","해당없음","○ 중위소득 120% 이하인 가구","○ 1인당 250만원 이내","○ [제주특별자치도 의사상자 예우 및 지원에 관한 조례] 제 2조에서 정의한 의사상자 유족 및 가족 중 경제적으로 어려운 사람","○ 본인이나 그 보호자가 제주자치도에 거주하는 자","※ 기관확인필요","※ 기관확인필요","해당없음","해당없음","○ 주민등록등본○ 수업료납입영수증○ 통장사본○ 개인정보제공동의서○ 건강보험납입확인서○ 의사상자 증명서 등 의사상자 유족·가족임을 증명하는 서류※ 자세한 사항은 첨부파일 또는 홈페이지 참고","https://www.jeju.go.kr/index.htm","2026-04-09","2026-04-27"
"154 ","제주특별자치도청","중증장애인가족 및 다문화가족자녀","지자체(출자출연기관)","장학금","지역연고","과학고국제고마이스터고영재고예술고외국어고일반고체육고","해당없음","해당없음","○ 중위소득 120% 이하인 가구","○ 1인당 250만원","○ [장애인복지법]에 따라 등록된 중증 장애인 가족○ [다문화가족지원법] 제 2조에서 정의한 다문화가족","○ 본인이나 그 보호자가 제주자치도에 거주하는 자","※ 기관확인필요","※ 기관확인필요","해당없음","해당없음","○ 주민등록등본○ 수업료납입영수증○ 통장사본○ 개인정보제공동의서○ 장애인증명서○ 가족관계증명서○ 건강보험료 납입확인서※ 자세한 사항은 첨부파일 또는 홈페이지 참고","https://www.jeju.go.kr/index.htm","2026-04-09","2026-04-27"
"155 ","제주특별자치도청","청소년지도협의회회원자녀","지자체(출자출연기관)","장학금","지역연고","과학고국제고마이스터고영재고예술고외국어고일반고체육고","해당없음","○ 제적학년 정원의 100분의 50이내","○ 중위소득 120% 이하인 가구","○ 1인당 250만원 이내","○ 기능/체육/예능에 소질과 재능이 뛰어난 자○ 청소년지도위원으로 2년 이상 활동한 현직 청소년지도위원의 자녀","○ 본인이나 그 보호자가 제주자치도에 거주하는 자","※ 기관확인필요","※ 기관확인필요","해당없음","해당없음","○ 주민등록등본○ 수업료납입영수증○ 통장사본○ 개인정보제공동의서○ 건강보험료납부확인서○ 성적증명서○ 소속 단체장의 활동 확인서※ 자세한 사항은 첨부파일 또는 홈페이지 참고","https://www.jeju.go.kr/index.htm","2026-04-09","2026-04-29"
"156 ","제주특별자치도청","지역자율방재단회원자녀","지자체(출자출연기관)","장학금","지역연고","과학고국제고마이스터고영재고예술고외국어고일반고체육고","해당없음","○ 품행이 단정하고 입학 또는 재학 중 학과성적이 재적학년 정원의 100분의 50 이내인 사람","○ 중위소득 120% 이하인 가구","○ 1인당 250만원 이내","○ 제주특별자치도 지역자율방재단원으로 3년 이상 근속한 사람의 자녀로서 경제적으로 어려워 고등학교 교육을 받기 어려운 사람○ 기능/ 체육/ 예능에 소질과 재능이 뛰어난 사람","○ 본인이나 그 보호자가 제주자치도에 거주하는 자","※ 기관확인필요","※ 기관확인필요","해당없음","○ 행정시지역자율방재단 추천","○ 주민등록등본○ 수업료납입영수증○ 통장사본○ 개인정보제공동의서○ 건강보험료납부확인서○ 직전학년성적증명서○ 소속단체장의 활동확인서※ 자세한 사항은 첨부파일 또는 홈페이지 참고","https://www.jeju.go.kr/index.htm","2026-04-09","2026-04-27"
"157 ","제주특별자치도청","공항소음대책지역 장학금","지자체(출자출연기관)","장학금","해당없음","과학고국제고마이스터고영재고예술고외국어고일반고자율고제한없음체육고","1학년2학년3학년제한없음","※ 자세한 사항은 첨부파일 또는 홈페이지 참고","※ 자세한 사항은 첨부파일 또는 홈페이지 참고","○ 50만원","○ 지역구분(50점)○ 거주기간 (50점)○ 가점 (10점)※ 자세한 사항은 첨부파일 또는 홈페이지 참고","○ 공고일 기준 소음대책지역(인근지역 포함)에 2년 이상 계속 주민등록된 고등학교 재학생","○ 선발인원 내에서 심사기준에 의거하여 고순위자 장학생 선발","○ 244명","○ 서류검토 중 접수된 내용과 상이할 경우 또는 허위서류를 제출하여 장학금을 지원받는 경우 장학금 환수 및 향우 장학금 지급대상에서 제외○ 장학금 수혜자는 1번만 지원 가능","※ 자세한 사항은 첨부파일 또는 홈페이지 참고","○ 장학금 지원 신청서○ 위임장※ 자세한 사항은 첨부파일 또는 홈페이지 참고","https://www.jeju.go.kr/index.htm","2026-04-06","2026-05-08"
"158 ","금천미래장학회","예체능특기자","지자체(출자출연기관)","장학금","특기자","과학고국제고마이스터고영재고예술고외국어고일반고자율고제한없음체육고","1학년2학년3학년제한없음","해당없음","해당없음","○ 특기(단체) : 200만원○ 특기(개인) : 150만원","○ 고등학교 재학생으로 예술/체육/과학/수학/문학 분야 등의 전국 규모 이상의 대회에서 우수한 성적으로 입상한 개인 및 단체","○ 부 또는 모는 반드시 관내 거주 중인 자","※ 기관확인필요","○ 특기(단체) : 3개 단체○ 특기(개인) : 12명","○ 장학생 선정은 1세대 당 1명으로 제한○ 정기장학생 및 도전글로벌탐험대 선발분야 중 1개 분야만 신청 가능○ 당해연도 금천미래장학회 장학생 및 타 장학금 수혜자는 선발 제외※ 자세한 사항은 첨부파일 또는 홈페이지 참고","○ 학교장 추천(추천권자 직인 필수 낙인)","○ 장학생 신청서○ 장학생 추천서○ 학교생활기록부 Ⅱ 사본○ 개인정보 수집·이용·제공 및 조회 동의서○ 주민등록등초본○ 장학금 지급 통장사본○ 입상증빙자료※  자세한 사항은 첨부파일 또는 홈페이지 참고","http://www.gcmirae.or.kr","2026-09-01","2026-09-14"
"159 ","금천미래장학회","선행장학생","지자체(출자출연기관)","장학금","지역연고","과학고국제고마이스터고영재고예술고외국어고일반고자율고제한없음체육고","1학년2학년3학년제한없음","해당없음","해당없음","○ 100만원","○ 고등학교 재학생으로 사회에 모범이 될 만한 선행을 행한 학생","○ 공고일 현재 기준 금천구에 1년 이상 연속으로 거주하고 초·중등교육법 제2조에 따른 금천구 관내의 고등학교에 재학 중인 자 또는 동 연령의 학교밖 청소년","※ 기관확인필요","○ 1명","○ 장학생 선정은 1세대 당 1명으로 제한○ 정기장학생 및 도전글로벌탐험대 선발분야 중 1개 분야만 신청 가능○ 당해연도 금천미래장학회 장학생 및 타 장학금 수혜자는 선발 제외※ 자세한 사항은 첨부파일 또는 홈페이지 참고","○ 학교장/동장 추천(추천권자 직인 필수 날인)","○ 장학생 신청서○ 장학생 추천서○ 학교생활기록부 Ⅱ 사본○ 개인정보 수집·이용·제공 및 조회 동의서○ 주민등록등초본○ 장학금 지급 통장사본○ 선행증빙자료※ 자세한 사항은 첨부파일 또는 홈페이지 참고","http://www.gcmirae.or.kr/ ","2026-09-01","2026-09-14"
"160 ","금천미래장학회","자기주도꿈이룸","지자체(출자출연기관)","장학금","소득구분","과학고국제고마이스터고영재고예술고외국어고일반고자율고제한없음체육고","1학년2학년3학년제한없음","해당없음","○ 저소득 가정의 고등학생","○ 150만원","○ 저소득 가정의 고등학생으로 자기의 꿈을 이루기 위해 성적향상/예술/체육/기타 분야에 자기주도적인 자기 발전 계획을 수립하고 실천할 의지가 있는 학생","○ 공고일 현재 기준 금천구에 1년 이상 연속으로 거주하고 초·중등교육법 제2조에 따른 금천구 관내의 고등학교에 재학 중인 자 또는 동 연령의 학교밖 청소년","※ 기관확인필요","○ 동장 : 20명○ 학교장/유관기관장/개인 : 10명","○ 장학생 선정은 1세대 당 1명으로 제한○ 정기장학생 및 도전글로벌탐험대 선발분야 중 1개 분야만 신청 가능○ 당해연도 금천미래장학회 장학생 및 타 장학금 수혜자는 선발 제외※ 자세한 사항은 첨부파일 참고","○ 학교장/동장/관내 유관기관장 추천(추천권자 직인 필수 날인)","○ 장학생 신청서○ 장학생 추천서○ 학교생활기록부 Ⅱ 사본○ 개인정보 수집·이용·제공 및 조회 동의서○ 주민등록등초본○ 장학금 지급 통장사본○ 자기개발계획서○ 가족관계증명서○ 소득증빙서류※ 자세한 사항은 첨부파일 참조","http://www.gcmirae.or.kr/ ","2026-09-01","2026-09-14"
"161 ","금천미래장학회","성적우수","지자체(출자출연기관)","장학금","성적우수","과학고국제고마이스터고영재고예술고외국어고일반고자율고제한없음체육고","해당없음","○ 2026학년도 1학기 내신 백분위 성적 상위 5% 이내인 학생","해당없음","○ 150만원","○ 고등학교 재학생","○ 공고일 현재 기준 금천구에 1년 이상 거주하고 초중등교육법 제2조에 따른 금천구 관내의 고등학교에 재학 중인 자 또는 동 연령의 학교밖 청소년","※ 기관확인필요","○ 10명","○ 장학생 선정은 1세대 당 1명으로 제한○ 당해연도 금천미래장학회 장학생 및 타 장학금 수혜자는 선발에서 제외※ 자세한 사항은 첨부파일 또는 홈페이지 참고","○ 학교장 추천서 필요(추천권자 직인 필수 날인)","○ 장학생 신청서○ 장학생 추천서○ 학교생활기록부 Ⅱ 사본○ 개인정보 수집·이용·제공 및 조회 동의서○ 주민등록등초본○ 장학금 지급 통장사본○ 2026년 1학기 성적통지표 사본※ 자세한 사항은 첨부파일 또는 홈페이지 참고","http://www.gcmirae.co.kr ","2026-09-01","2026-09-14"
"162 ","금천미래장학회","도전꿈나래장학생","지자체(출자출연기관)","장학금","기타","과학고국제고마이스터고영재고예술고외국어고일반고자율고제한없음체육고","1학년2학년3학년제한없음","해당없음","해당없음","○ 240만원 (월 20만원씩 1년 지원)","○ 예체능/학습 분야뿐만 아니라 다양한 분야에 특별한 소질이 있어 재능계발을 위해 경제적 지원이 필요한 학생※ 웹툰 작가/유튜브 크리에이터/코딩 개발자/로봇공학자/스토리텔러 등 다양한 분야로 지원 가능","○ 공고일 현재 기준 금천구에 1년 이상 거주하고 초중등교육법 제2조에 따라 금천구 관내의 고등학교에 재학 중인 자 또는 동 연령의 학교밖 청소년","○ 별도 면접 실시(PPT발표)※ 기관확인필요","○ 3명","○ 장학생 선정은 1세대당 1명으로 제한○ 당해연도 금천미래장학회 장학생 및 타 장학금 수혜자○ 학교에서 징계(퇴학/ 제적/ 정학) 처분을 받은 경우○ 한 학기 이상 휴학 또는 자퇴한 경우○ 장학생 신청서 내용과 첨부서류를 허위로 작성하였을 경우○ 학교장의 장학금 지급정지 요청이 있는 경우※ 자세한 사항은 첨부파일 또는 홈페이지 참","해당없음","○ 장학생 신청서 1부○ 학교생활기록부 Ⅱ 사본 1부○ 개인정보 수집·이용·제공 및 조회 동의서 1부○ 주민등록등초본 1부○ 장학금 지급 통장사본 1부○ 재능계발계획서○ 소득증빙서류(해당자)※ 자세한 사항은 첨부파일 또는 홈페이지 참고","http://gcmirae.or.kr","2026-09-01","2026-09-14"
"163 ","재단법인은평구민장학재단","특기장학금","지자체(출자출연기관)","장학금","특기자","예술고일반고체육고","1학년2학년3학년제한없음","해당없음","○ 2026년 기준 중위소득 180% 이하※ 자세한 사항은 첨부파일 또는 홈페이지 참고","○ 50만원","○ 체육/문화예술/기술 분야에서 광역자치단체/국제기능올림픽대회/한국외원회 등이 주관하는 전국 규모 이상의 대회에서 입상성적이 있는 자※ 자세한 사항은 첨부파일 또는 홈페이지 참고","○ 공고일 현재 은평구에 2년 이상 계속 거주(주민등록기준)하고 있는 고등학교 재학생※ 자세한 사항은 첨부파일 또는 홈페이지 참고","○ 장학생 선정심사위원회에서 선발","○ 00명","※ 자세한 사항은 첨부파일 또는 홈페이지 참고","해당없음","○ 신청서○ 개인정보수집·이용·제공및조회동의서○ 주민등록초본○ 주민등록등본○ 개인 상장 사본○ 기타 입상 증빙 서류○ 건강보험료 납부확인서○ 건강보험자격득실 확인서○ 기타 소득증빙 서류○ 가점 대상 서류(대상자)○ 통장사본 ※ 자세한 사항은 첨부파일 또는 홈페이지 참고","https://www.epjh.or.kr/EpScholarship/epjh/homepage/recruitDetail.doseqId=48#","2026-04-27","2026-05-11"
"164 ","재단법인은평구민장학재단","나비장학금","지자체(출자출연기관)","장학금","지역연고","특성화고","해당없음","해당없음","해당없음","○ 10만원","○ 은평구 관내(7개교) 특성화고등학교 재학중인 고등학생○ 자격증 3개 이상 취득자(취득기간: 2024.9. ~ 2025.8.)","○ 공고일 현재 은평구에 2년 이상 계속 거주(주민등록기준)하고 있는 고등학생","○ 장학생선정심사위원회에서 선발","※ 기관확인필요","○ 최대 2번까지 선발 가능※ 자세한 사항은 첨부파일 또는 홈페이지 참고","해당없음","○ 장학생 신청서○ 개인정보수집·이용·제공및조회동의서○ 주민등록초본○ 재학증명서○ 자격증 증명서○ 통장 사본※ 자세한 사항은 첨부파일 또는 홈페이지 참고","https://www.epjh.or.kr/","2025-09-29","2025-10-20"
"165 ","부산진구장학회","고등학생장학금","지자체(출자출연기관)","장학금","지역연고","과학고국제고마이스터고영재고예술고외국어고일반고자율고제한없음체육고","1학년2학년","○ 인문계 : 해당과목 3과목 (국어/영어/수학) 평균성적 3등급 이내인 자○ 실업계 : 해당과목 3과목 (국어/영어/수학) 평균성적 4등급 이내인 자","○ 전국 가구 월평균소득(4인기준)이하인 자","○ 1인당 100만원","해당없음","○ 보호자가 부산진구 관내에 주소를 두고 선발계획 공고일 현재 3년 이상 계속 거주하고 있는 구민의 자녀","※ 기관확인필요","○ 35명","○ 등록금 전액을 국가장학금/ 학교장학금 및 기타장학회에서 받는 학생○ 전국 가구 월평균소득(4인기준)이상인 자 (2024년도 기준)○ 부모가 부동산을 3억 5천만원 이상 소유한 자※ 자세한 내용은 첨부파일 또는 홈페이지 참조","○ 고교학교장","○ 장학금 신청서○ 장학생 추천서○ 주민등록등본○ 성적증명서○ 재학증명서○ 전세/월세 거주자는 전/월세 계약서 제출(해당자만 제출)○ 2025년도 부모의 지방세(재산세) 세목별 과세증명서 또는 미과세 증명서 ※ 자세한 내용은 첨부파일 또는 홈페이지 참조","http://www.busanjinsf/kr","2026-01-05","2026-01-16"
"166 ","재단법인 동래장학회","장학생","지자체(출자출연기관)","장학금","지역연고","과학고국제고마이스터고영재고예술고외국어고일반고자율고제한없음체육고","해당없음","해당없음","해당없음","○ 100만원","※ 기관확인필요","○ 공고일 기준 학생 또는 보호자가 1년이상 계속하여 동래구에 주민등록을 두고 실제 거주하고 있는 고등학생","○ 학업성적 60%/ 생활정도 40% 반영하여 고득점 순으로 선발○ 생활정도는 보호자의 재산과 소득상황 반영○ 점수 동일시 자녀수/장기 거주자/연장자 우선 순위위","○ 16명","○ 다른 지방자치단체/ 민간단체로부터 수업료 지원 등 장학금을 받는 학생은 선발 제외※ 자세한 사항은 첨부파일 또는 홈페이지 참고","해당없음","○ 장학생 지원 신청서 등(홈페이지 양식)○ 주민등록등본 (과거 5년치 주소변동사항 전체 포함)○ 성적증명서○ 부모 각각 소득증빙서류○ 건강보험납부확인서○ 지방세목별과세증명서 (부모 각각)○ 생활상황서류(해당자)※ 자세한 사항은 첨부파일 또는 홈페이지 참고","http://dongnaesf.kr","2026-02-19","2026-02-27"
"167 ","(재)부산북구장학회","장학생","지자체(출자출연기관)","장학금","지역연고","과학고국제고마이스터고영재고예술고외국어고일반고자율고제한없음체육고","1학년2학년3학년제한없음","○ (1/2학년) 직전학기 성적 평점 4등급 이내○ (3학년) 직전학기 성적 평점 7등급 이내","해당없음","○ 50만원","※ 기관확인필요","○ 신청일 현재 북구 관내 3년 이상 계속 거주자(세대주/ 보호자)의 자녀","※ 기관확인필요","○ 5명 내외","○ 부동산 및 동산 합계액에서 부채를 제외한 합계 10억원 이상 보유 가구(보호자 합산)○ 가구(보호자 합산) 연소득 1억2천만원 이상인 세대※ 자세한 사항은 첨부파일 또는 홈페이지 참고","○ 학교장 추천","○ 장학금 신청서○ 개인정보 및 금융정보 등에 대한 수집·이용 및 제 3자 제공 동의서○ 주민등록등본 1부○ 보호자 소득확인 서류○ 가구재산 확인 저류○ 학교생활기록부 1부○ 장학생추천서(학교장) 1부※ 자세한 사항은 첨부파일 또는 홈페이지 참고","http://www.bsbukgusf.kr/","2026-09-07","2026-10-08"
"168 ","(재)부산북구장학회","우수대학 입학생 장학생","지자체(출자출연기관)","장학금","해당없음","과학고국제고마이스터고영재고예술고외국어고일반고자율고제한없음체육고","해당없음","※ 자세한 사항은 첨부파일 또는 홈페이지 참고","※ 자세한 사항은 첨부파일 또는 홈페이지 참고","○ 200만원","○ 2025년 12월 ~ 2026년 2월 관내 고등학교 졸업(예정)자 중 우수대학(서울대학교/카이스트/포항공대) 입학자로 신청일 현재 3년 이상 계속 북구 거주자○ 관내 고등학교(10개교): 경혜여자고등학교 부산백양고등학교 성도고등학교 삼정고등학교 금곡고등학교 금명여자고등학교 화명고등학교 낙동고등학교 만덕고등학교 부산강서고등학교","○ 관내 고등학교(10개교)※ 자세한 사항은 첨부파일 또는 홈페이지 참고","※ 자세한 사항은 첨부파일 또는 홈페이지 참고","※ 자세한 사항은 첨부파일 또는 홈페이지 참고","○ 제출서류는 일체 반환하지 않으며 서류보완을 요청받은 신청자는 지정기일까지 제출하지 않으면 장학생 선발대상에 제외될 수 있습니다.","○ 관내 고등학교장 추천으로 선발","○ 등본(주소이력 포함)1부○ 우수대학 등록금 납부 영수증 사본 1부○ 개인정보 수집이용 및 제 3자 제공 동의서 1부※ 자세한 사항은 첨부파일 또는 홈페이지 참고","https://bsbukgusf.kr","2026-01-09","2026-02-13"
"169 ","(재)부산북구장학회","관내 고등학교 장학생","지자체(출자출연기관)","장학금","해당없음","일반고","1학년2학년3학년제한없음","○ 학업성적이 우수하거나 예체능 등 각 분야에 뛰어난 자질을 갖춘 자","○ 가정형편이 어려운 학생 중 타의 모범이 되는 자","○ 50만원","○ 관내 고등학교(9개교)","○ 신청일 현재 3년 이상 계속 거주자(세대주 보호자)의 자녀이고 관내 고등학교 재학중인 자","※ 자세한 사항은 첨부파일 또는 홈페이지 참고","○ 경혜여고: 6명○ 금명여고: 6명○ 백양고: 7명○ 삼정고: 8명○ 성도고: 10명○ 만덕고: 13명○ 화명고: 11명○ 낙동고: 13명○ 금곡고: 15명○ 강서고: 4명○ 총 93명","○ 부동산 및 동산 합계액에서 부채를 제외한 합계 10억원 이상 보유 가구(보호자 합산)○ 가구(보호자 합산) 연소득 9600만원 이상인 세대","○ 학교장 추천 이사회 의결","○ 장학금 신청서○ 주민등록등본○ 건강보험 납부확인서 및 자격득실확인서○ 개인정보 및 금융정보 등에 대한 수집 이용 및 제 3자 제공 동의서※ 자세한 사항은 첨부파일 또는 홈페이지 참고","https://www.bsbukgusf.kr","2025-10-01","2025-10-31"
"170 ","(재)행복영도장학회","장학생","지자체(출자출연기관)","장학금","지역연고","과학고국제고마이스터고영재고예술고외국어고일반고자율고제한없음체육고","해당없음","※ 자세한 사항은 첨부파일 또는 홈페이지 참고","※ 자세한 사항은 첨부파일 또는 홈페이지 참고","○ 총지급금액: 1억2천6백만원 (별도 금액 확인 필요)※ 자세한 사항은 첨부파일 또는 홈페이지 참고","○ 학업우수: 학년 교과목 성적이 상위 20% 이내인 학생○ 생계곤란: 성적우수기준에 미달한 경우라도 경제적 이유로 학업이 곤란한 자○ 특기: 문화/예술/체육/과학 기능분야에 소질과 재능이 뛰어난 학생으로서 공고일 기준 1년 이내에 시 단위 이상의 대회에서 1위 입상(전국대회는 3위 이상) 또는 자격 취득자","○ 공고일 현재 1년 이상(만학도 장학생 경우 공고일 현재 5년 이상) 영도구에 거주하는 중·고·대학교(1학년~3학년) 재학생 및 학교 밖 청소년※ 자세한 사항은 첨부파일 또는 홈페이지 참고","※ 기관확인필요","○ 총인원: 103명(별도도 인원 확인 필요)","○ 육·해·공군사관학교 간호사관학교 경찰대학 등은 제외○ 장학금은 학업장려금(생활비 명목)으로 지원되며 다른 지방자치단체 민간단체로부터 수업료 지원 등 장학금을 받는 학생은 제외○ 휴학생(휴학예정 포함) 재수생 국외학생 대학원생 제외※ 자세한 사항은 첨부파일 또는 홈페이지 참고","○ 학교장/동장 추천","○ 장학생 지원 신청서○ 개인정보 수집 동의서○ 지방세 세목별 과세증명서○ 소득증빙서류○ 주민등록 등본○ 성적증명서○ 가족관계 증명서○ 셍활상황 증명서○ 특기자 증명서○ 대학합격 통지서○ 재학증명서○ 검정고시 합격증명서○ 직업훈련 관련 영수증 등 증빙자료※ 자세한 사항은 첨부파일 또는 홈페이지 참고","https://www.yeongdo.go.kr/00000/00007/00013.webamode=view&not_ancmt_mgt_no=35078&type=A","2025-01-05","2026-01-09"
"171 ","재단법인 달성교육재단","진학장학생","지자체(출자출연기관)","장학금","지역연고","일반고","해당없음","○ 대구광역시 소재 고등학교 성적우수 입학생(고1)","○ 해당없음","○ 100만원","※ 기관확인필요","○ 선발공고일 현재 달성군에 등록기준지 또는 주소를 2년 이상 계속 두고 있는 군민 또는 그의 자녀","※ 기관확인필요","○ 진학(고1) : 20명","○ 읍면 장학회 장학금 선발자는 금액 무관 중복 지원불가○ 타 장학금500만원 이상 또는 등록금 전액 수혜자 ○ 휴학중인자/ 유학 중인자※ 자세한 사항은 첨부파일 또는 홈페이지 참고","○ 해당없음","○ 장학생 선발신청서○ 읍.면장 추천서○ 학교장추천서○ 주민등록등본○ 주민등록초본○ 개인정보 수집/이용/제공 및 조회동의서 ※ 자세한 사항은 첨부파일 또는 홈페이지 참고","http://www.dalseong.daegu.kr","2026-03-03","2026-03-27"
"172 ","재단법인 달성교육재단","예/체/기능 특기자","지자체(출자출연기관)","장학금","지역연고","예술고체육고","해당없음","○ 해당없음","○ 해당없음","○ 50만원","○ 초/중/고등학교 재학 중인 예/체/기능 특기자로서(단 전년도 실적 기준으로 당시 고등학교 3학년 생의 경우에는 대학 신입생도 지원 가능)○ 2025년 전국대회 3위 이상 입상자○ 2025년 시/도 단위대회우승자○ 2025년 국가대표 선수로 선발된 실적이 있는 자○ 선발분야 : 과학/수학 경시대회/ 미술/음악/체육 등 ","○ 선발공고일 현재 달성군에 등록기준지 또는 주소를 2년 이상 계속 두고 있는 군민 또는 그의 자녀","※ 기관확인필요","○ 초/중/고 : 60명","○ 타 장학금 500만원 이상 또는 등록금 전액 수혜자○ 읍/면장학회 장학금 선발자○ 휴학 중인자/ 유학 중인 자○ 1세대 당 1 자녀 원칙","※ 기관확인필요","○ 추천서(별첨)○ 재학증명서○ 등본○ 초본○ 대회성적 증빙자료※ 자세한 사항은 첨부파일 또는 홈페이지 참고","http://www.dalseong.daegu.kr","2026-03-03","2026-03-27"
"173 ","재단법인 달성교육재단","동틈망장학생","지자체(출자출연기관)","장학금","해당없음","과학고국제고마이스터고영재고예술고외국어고일반고자율고제한없음체육고","1학년2학년3학년제한없음","○ 해당없음","○ 해당없음","○ 60만원","○ 달성교육지원청 교육장의 추천을 받은 학생","○ 공고일 현재 달성군에 등록기준지를 두거나 주소를 2년 이상 계속 둔 군민 또는 그의 자녀","○ 선발배점(학업성적50 재산20 소득 20 다자녀 가점10)","○ 5명","○ 읍면 장학회 장학금 선발자는 금액 무관 중복 지원불가○ 타 장학금500만원 이상 또는 등록금 전액 수혜자 ○ 휴학중인자/ 유학 중인자※ 자세한 사항은 첨부파일 또는 홈페이지 참고","○ 달성교육지원청 교육장의 추천을 받은 학생","○ 장학생 선발신청서○ 읍.면장 추천서○ 학교장추천서○ 주민등록등본○ 주민등록초본○ 개인정보 수집/이용/제공 및 조회동의서 ※ 자세한 사항은 첨부파일 또는 홈페이지 참고","http://www.dalseong.daegu.kr","2026-03-03","2026-03-27"
"174 ","재단법인 달성교육재단","지역사회공헌장학생","지자체(출자출연기관)","장학금","해당없음","과학고국제고마이스터고영재고예술고외국어고일반고자율고제한없음체육고","1학년2학년3학년제한없음","○ 해당없음","○ 해당없음","○ 100만원","○ 지역사회에 봉사정신을 적극적으로 실천하여 타의 모범이 되고 특별한 공로를 인정받아 행정기관또는 교육기관의 추천을 받은 학생","○ 공고일 현재 달성군에 등록기준지를 두거나 주소를 2년 이상 계속 둔 군민 또는 그의 자녀","○ 선발배점(학업성적50 재산20 소득 20 다자녀 가점10)","○ 2명","○ 읍면 장학회 장학금 선발자는 금액 무관 중복 지원불가○ 타 장학금500만원 이상 또는 등록금 전액 수혜자 ○ 휴학중인자/ 유학 중인자※ 자세한 사항은 첨부파일 또는 홈페이지 참고","○ 행정기관또는 교육기관의 추천을 받은 학생","○ 장학생 선발신청서○ 읍.면장 추천서○ 학교장추천서○ 주민등록등본○ 주민등록초본○ 개인정보 수집/이용/제공 및 조회동의서 ※ 자세한 사항은 첨부파일 또는 홈페이지 참고","http://www.dalseong.daegu.kr","2026-03-03","2026-03-27"
"175 ","재단법인 달성교육재단","북한이탈주민가정장학생","지자체(출자출연기관)","장학금","해당없음","과학고국제고마이스터고영재고예술고외국어고일반고자율고제한없음체육고","1학년2학년3학년제한없음","○ 해당없음","○ 해당없음","○ 60만원","○ 달성군 북한이탈주민 지원업무 담당과장 추천 학생","○ 공고일 현재 달성군에 등록기준지를 두거나 주소를 2년 이상 계속 둔 군민 또는 그의 자녀","○ 선발배점(학업성적50 재산20 소득 20 다자녀 가점10)","○ 5명","○ 읍면 장학회 장학금 선발자는 금액 무관 중복 지원불가○ 타 장학금500만원 이상 또는 등록금 전액 수혜자 ○ 휴학중인자/ 유학 중인자※ 자세한 사항은 첨부파일 또는 홈페이지 참고","○ 달성군 북한이탈주민 지원업무 담당과장 추천 학생","○ 장학생 선발신청서○ 읍.면장 추천서○ 학교장추천서○ 주민등록등본○ 주민등록초본○ 개인정보 수집/이용/제공 및 조회동의서 ※ 자세한 사항은 첨부파일 또는 홈페이지 참고","http://www.dalseong.daegu.kr","2026-03-03","2026-03-27"
"176 ","(재)대구동구교육재단","우수장학금","지자체(출자출연기관)","장학금","지역연고","과학고국제고마이스터고영재고예술고외국어고일반고자율고제한없음체육고","2학년3학년","○ 대구시 내 고등학생 중 직전학년 석차연명부 5% 이내인 자","해당없음","○ 100만원","○ 공고일 현재 대구시내 고등학교에 재학중인 자","○ 공고일 현재 계속하여 1년 이상 대구 동구에 주민등록을 두고 거주하는 자","※ 기관확인필요","○ 00명","해당없음","○ 학교장 추천","○ 장학금 지원 신청서 ○ 장학생 추천서○ 재학증명서  ○ 성적증명서○ 주민등록 초본(최근 5년 이상 주소변동사항 포함) 1부○ 서약서○ 개인(신용)정보 수집이용제공 및 조회 동의서○ 통장사본(장학금 지원 신청서에 기재한 계좌)※ 자세한 사항은 첨부파일 또는 홈페이지 참고","http://www.donggujhh.or.kr","2026-03-23","2026-03-27"
"177 ","(재)대구동구교육재단","특기장학금","지자체(출자출연기관)","장학금","지역연고","영재고예술고일반고체육고","1학년2학년3학년제한없음","해당없음","해당없음","○ 100만원","○ 대구시 내 고등학교에 재학 중인 학생○ 2025년 광역시 도 이상 규모의 공공기관 또는 해당 단체가 주최(주관)하는 대회에서 3위 이내의 성적으로 입상한 자","○ 공고일 현재 계속하여 1년 이상 대구 동구에 주민등록을 두고 거주하는 자","※ 기관확인필요","○ 00명","해당없음","○ 학교장 추천","○ 장학금 지원 신청서○ 장학생 추천서○ 재학증명서○ 주민등록 초본(최근 5년 이상 주소변동사항 포함)1부○ 서약서○ 개인(신용)정보 수집이용제공 및 조회 동의서○ 통장사본(장학금 지원 신청서에 기재한 계좌)○ 대회수상 실적서○ 입상 증명 자료 사본※ 자세한 사항은 첨부파일 또는 홈페이지 참고","http://www.donggujhh.or.kr","2026-03-23","2026-03-27"
"178 ","(재)대구동구교육재단","희망장학생","지자체(출자출연기관)","장학금","지역연고","과학고국제고마이스터고영재고예술고외국어고일반고체육고","1학년2학년3학년제한없음","○ 직전학년 석차연명부 50% 이내인 자","○ 국민기초생활수급대상 및 차상위계층 가정의 자녀·다자녀·다문화·북한이탈·한부모 및 조손 가정 자녀","○ 100만원","○ 대구시 내 고등학교에 재학 중인 학생 ○국민기초생활수급대상 및 차상위 등 저소득 가정의 자녀/ 다자녀(3명 이상)/ 다문화/ 북한이탈/ 한부모 및 조손가정 자녀","○ 공고일 현재 계속하여 1년 이상 대구 동구에 주민등록을 두고 거주하는 자","※ 기관확인필요","○ 00명","해당없음","○ 학교장 추천","○ 장학금 지원 신청서○ 재학증명서○ 성적증명서○ 주민등록 초본(최근 5년 이상 주소변동사항 포함)○ 증빙서류(수급자 증명서 등)○ 서약서○ 개인(신용)정보 수집이용제공 및 조회 동의서○ 통장사본○ 지원 대상 추천서○ 수급자 증명서 등 증빙서류※ 자세한 사항은 첨부파일 또는 홈페이지 참고","http://www.donggujhh.or.kr","2026-03-23","2026-03-27"
"179 ","재단법인 대구광역시서구인재육성재단","특기 장학생","지자체(출자출연기관)","장학금","특기자","과학고국제고마이스터고영재고예술고외국어고일반고자율고제한없음체육고","1학년2학년3학년제한없음","해당없음","해당없음","○ 100만원","○ 예술/체육/문학/기능 등 분야에서 공공기고나 및 유관단체 대회 3위 이상 입상 또는 기타 대회 1위 이상 입상자※ 자세한 사항은 첨부파일 또는 홈페이지 참고","○ 선발 공고일 현재 1년 이상 대구광역시 서구 관내 주소를 두고 거주하는 구민 또는 그 자녀로서 고등학교 재학생","○ 대회 주최자별 차등점수 적용 : 공공기관/기타○ 개최규모에 따라 가점 부여※ 자세한 사항은 첨부파일 또는 홈페이지 참고","○ 10명","○ 2026년도 징계처분 받은 자※ 자세한 사항은 첨부파일 또는 홈페이지 참고","○ 학교장 추천","○ 특기 장학생 신청 및 추천서○ 품행 및 장학금 수혜여부 확인서○ 개인정보 수집/이용/제공 및 조회 동의서/서약서○ 대회 최고 입상 성적 1개(수상실적 증명 및 상장) 및 대회요강※ 자세한 사항은 첨부파일 또는 홈페이지 참고","http://www.dgs.go.kr/main/main.php","2026-07-20","2026-09-04"
"180 ","재단법인 대구광역시서구인재육성재단","희망 장학생","지자체(출자출연기관)","장학금","지역연고","과학고국제고마이스터고영재고예술고외국어고일반고자율고제한없음체육고","1학년2학년3학년제한없음","○ 직전 학기 이수과목의 50% 이상이 5등급 이상※ 자세한 사항은 첨부파일 또는 홈페이지 참고","○ 기초생활수급자/차상위계층/법정한부모가구","○ 100만원","○ 고등학교 재학 중인 학생","○ 선발 공고일 현재 1년 이상 대구광역시 서구 관내 주소를 두고 거주하는 구민 또는 그 자녀로서 고등학교 재학생","○ 학교장 추천(추천 회의록 필수)※ 자세한 사항은 첨부파일 또는 홈페이지 참고","○ 15명","○ 2026년도 징계처분 받은 자※ 자세한 사항은 첨부파일 또는 홈페이지 참고","○ 학교장/거주지 동장 추천","○ 희망 장학생 신청 및 추천서○ 품행 및 장학금 수혜여부 확인서○ 개인(신용)정보 수집/이용/제공 및 조회 동의서/서약서○ 2026년 1학기 성적증명서○ 소득기준 해당증명서※ 자세한 사항은 첨부파일 또는 홈페이지 참고","http://www.dgs.go.kr/main/main.php","2026-07-20","2026-09-04"
"181 ","재단법인 대구광역시서구인재육성재단","모범 장학생","지자체(출자출연기관)","장학금","지역연고","과학고국제고마이스터고영재고예술고외국어고일반고자율고제한없음체육고","1학년2학년3학년제한없음","해당없음","해당없음","○ 100만원","○ 고등학교 재학 중인 학생 중 학교장의 추천을 받은 자","○ 선발 공고일 현재 1년 이상 대구광역시 서구 관내 주소를 두고 거주하는 구민 또는 그 자녀","○ 학교장 추천○ 서구학교밖청소년 지원센터장 추천","○ 6명","○ 2026년도 징계처분 받은 자※ 자세한 사항은 첨부파일 또는 홈페이지 참고","○ 학교장 추천 (각 학교당 1명)","○ 모범 장학생 신청 및 추천서○ 품행 및 장학금 수혜여부 확인서○ 개인(신용)정보 수집/이용/제공 및 조회 동의서/서약서○ 학교장추천서○ 주민등록 등본/초본※ 자세한 사항은 첨부파일 또는 홈페이지 참고","http://www.dgs.go.kr/main/main.php","2026-07-20","2026-09-04"
"182 ","재단법인강화군장학회","장학생","지자체(출자출연기관)","장학금","지역연고","과학고국제고마이스터고영재고예술고외국어고일반고자율고제한없음체육고","해당없음","○ 입학성적 또는 직전 학업 성적이 학년 20% 이내인 학생 (70명 중 50명 선발)","○ 생활환경이 어려운 학생 (해당 증명서 제출/70명 중 20명 선발)","○ 50만원○ 예체능특기자의 경우 결정액○ 선발 심의위원회 심사와 이사회 의결 후 대회 성격과 성적에 따라 장학금 차등 지급","○ 관내 각 고등학교 재학 중인 자(개인신청 불가)○ 본 장학회의 학교별 배정인원 범위 내에서 학교 규정에 따라 학교장이 추천한 자에 한함○ 관내 고등학생으로서 2025년도 국제대회 또는 전국 및 광역시/도 단위 이상 대회 수상 학생 또는 강화군의 위상을 높인 학생","○ 강화군 관내에 주소를 두고 장학생 선발 공고일 현재 계속하여 3년 이상 주민등록이 되어있는 군민의 자녀","○ 장학금 신청서 접수 장학금 지원 대상자 선정 (장학금 선발 심의 위원회 개최 및 이사회개최) 장학금 지급대상자 발표※ 장학금 전달식 필수참여","○ 70명○ 성적우수 학생 50명○ 생활환경이 어려운 학생 20명○ (별도) 예체능 특기자 약간명","해당없음","○ 학교장 추천","○ 장학생 선발 신청서○ 장학생 추천서○ 성적증명서○ 주민등록초본(햑생)○ 주민등록등본(부모)○ 개인정보제공/이용동의서○ 통장사본○ 수급자/차상위계층/한부모/다문화가정 확인서제출○ 예체능특기자 : 예체능 지원 분야 수상 현황표(입상 상장 사본 또는 경기 실적 증명서)※ 자세한 사항은 첨부파일 또는 홈페이지 참고","http://www.ganghwa.go.kr","2026-01-19","2026-02-06"
"183 ","빛고을장학재단","이사장추천장학생","지자체(출자출연기관)","장학금","지역연고","과학고국제고마이스터고영재고예술고외국어고일반고체육고","1학년2학년3학년제한없음","해당없음","해당없음","○ 80만원","○ 상생일자리 / 환경관리원 / 모범운전자 / 전업미술가 자녀○ 학교 밖 청소년 / 자립준비 청년","○ 공고일 현재 1년 이상 광주광역시에 주민등록이 되어 있는 자로서 광주광역시 지역 내 소재 재학중인 고등학생 또는 학교 밖 청소년","○ 학업성적 소득수준 등 장학생 종류별 선발기준 적용※ 기관확인필요","○ 고등학생: 23명 / 학교 밖 청소년: 15명","○ 본 재단에 기 장학금 수혜자 제외○ 항목간 중복 지급하지 않음※ 자세한 사항은 첨부파일 또는 홈페이지 참고","○ 시(관련기관) 추천","○ 장학금 지원 신청서○ 재학증명서○ 주민등록등본○ 개인정보 수집·이용과 제공에 대한 안내 및 동의서○ 신청금 본인 예금통장 사본○ 분야별로 추천대상임을 증빙할 수 있는 서류※ 자세한 사항은 첨부파일 또는 홈페이지 참고","https://www.gwangju.go.kr","2025-10-27","2025-11-07"
"184 ","빛고을장학재단","생계곤란 장학생 ","지자체(출자출연기관)","장학금","소득구분","과학고국제고마이스터고영재고예술고외국어고일반고체육고","해당없음","해당없음","○ 기초생활수급자","○ 80만원","○ 긴급재난이나 불의의 사고 및 그 밖의 사정 등으로 인하여 생활형편이 곤란하다고 인정되는 자○ 국가유공자 자녀 및 손자녀○ 5.18 유공자 자녀 및 손자녀","○ 공고일 현재 1년 이상 광주광역시에 주민등록이 되어 있는 자로서 광주광역시 지역 내 소재 재학중인 고등학생","※ 기관확인필요","○ 79명○ 자치구 73명 / 민주보훈과 3명 / 5.18민주과 3명","○ 본 재단에 기 장학금 수혜자 제외○ 항목간 중복 지급하지 않음※ 자세한 사항은 첨부파일 또는 홈페이지 참고","○ 자치구/ 각 추천기관 등","○ 장학금 지원 신청서○ 재학증명서○ 주민등록등본○ 개인정보 수집/ 이용과 제공에 대한 안내 및 동의서○ 본인 명의 예금통장 사본○ (수급자증명서/ 한부모가정증명서/ 5.18유공자 증 등) 생계가 곤란함을 입증할 수 있는 기타 증빙자료※ 자세한 사항은 첨부파일 또는 홈페이지 참고","https://www.gwangju.go.kr","2026-04-29","2026-05-20"
"185 ","빛고을장학재단","예체능 특기 장학생","지자체(출자출연기관)","장학금","특기자","예술고체육고","1학년2학년3학년제한없음","해당없음","해당없음","○ 80만원","○ 전국 규모의 각종 대회에서 3위 이상 입상한 장래성과 발전가능성이 많은 개인 또는 단체","○ 공고일 현재 1년 이상 광주광역시에 주민등록이 되어 있는 자로서 광주광역시 지역 내 소재 재학중인 고등학생","○ 학업성적 소득수준 등 장학생 종류별 선발기준 적용※ 기관확인필요","○ 10명","○ 본 재단에 기 장학금 수혜자 제외○ 항목간 중복 지급하지 않음※ 자세한 사항은 첨부파일 또는 홈페이지 참고","○ 시교육청(학교장) 추천","○ 장학금 지원 신청서○ 재학증명서○ 주민등록등본○ 개인정보 수집·이용과 제공에 대한 안내 및 동의서○ 신청자 본인 예금통장 사본○ 수상 증빙자료○ 행사개요 설명서※ 자세한 사항은 첨부파일 또는 홈페이지 참고","https://www.gwangju.go.kr","2025-10-27","2025-11-07"
"186 ","빛고을장학재단","학업장려장학생","지자체(출자출연기관)","장학금","지역연고","과학고국제고마이스터고영재고외국어고일반고","1학년2학년3학년제한없음","○ 직전학기 학업성적이 전체과목 중 과반수 과목이상 60%(5등급)이내의 사람","해당없음","○ 80만원","해당없음","○ 공고일 현재 1년 이상 광주광역시에 주민등록이 되어 있는 자로서 광주광역시 지역 내 소재 재학중인 고등학생","○ 성적/소득기준※ 기관확인필요","○ 60명","○ 본 재단에 기 장학금 수혜자 제외○ 항목간 중복 지급하지 않음※ 자세한 사항은 첨부파일 또는 홈페이지 참고","○ 교육청(학교장) 추천","○ 장학금 지원 신청서○ 재학증명서○ 주민등록등본○ 개인정보 수집·이용과 제공에 대한 안내 및 동의서○ 본인 명의 예금통장 사본○ 직전학기 학업성적증명서○ 소득수준 증빙서류※ 자세한 사항은 첨부파일 또는 홈페이지 참고","https://www.gwangju.go.kr","2026-04-29","2026-05-20"
"187 ","빛고을장학재단","지정장학생","지자체(출자출연기관)","장학금","해당없음","과학고국제고마이스터고영재고예술고외국어고일반고자율고제한없음체육고","1학년2학년3학년제한없음","○ 해당없음","○ 해당없음","○ 80만원","○ 직업계 고등학생","○ 공고일 현재 1년이상 광주광역시에 주민등록이 되어 있는 자로서 광주광역시 지역 내 소재 재학중인 고등학생","○ 국가기술자격(기능사/산업기사 등)취득 자 장래 발전 가능성+소득수준○ 전공심화동아리 활동을 통해 지방 전국기능경기대회 입상 자+소득수준","○ 66명","○ 빛고을장학금 항목 간 중복 지급하지 않음","○ 해당없음","○ 장학금 지원 신청서○ 재학증명서 ○ 주민등록등본○ 개인정보 수집 이용과 제공에 대한 안내 및 동의서○ 신청자 본인 예금통장 사본※ 자세한 사항은 첨부파일 또는 홈페이지 참고 ","https://www.gwangju.go.kr","2026-04-29","2026-05-20"
"188 ","재단법인 대전광역시서구인재육성장학재단","성적우수장학생","지자체(출자출연기관)","장학금","지역연고","과학고국제고마이스터고영재고예술고외국어고일반고자율고제한없음체육고","1학년2학년3학년제한없음","○ 공고일 기준 1년 동안의 성적이 상위 2등급 이상(1.00~2.99)인 학생○ 1학년 : 중3학년 2학기 성적 평균 80점 이상 + 고1학년 1학기 성적 1등급 이상","해당없음","○ 100만원","○ 대전광역시 소재 고등학교 재학생","○ 선발공고일 기준 6개월 전부터 대전광역시 서구에 주소를 둔 학생","○ 성적이 높은 순으로 선발○ 내신성적에 따라 차등배점(내신등급에 기재된 과목만 평가)○ 동점자 발생 시 장기거주자 연장자 순으로 결정","○ 44명","○ 1세대 1명만 신청 가능○ 학교에서 징계 처분을 받은 때○ 장학금 지급일 현재 타지역 학교로 전학하거나 대전광역시 서구 이외의 지역으로 전출하였을 때○ 타기관단체로부터 전액장학금 수혜자 제외※ 자세한 사항은 첨부파일 또는 홈페이지 참고","○ 학교장 추천 필요○ 학교별 장학 분야 각 3명 이내 추천 가능","○ 장학금 지원 신청서○ 장학생 추천서○ 주민등록등본○ 서약서○ 개인정보 수집이용제공 및 조회 동의서○ 통장사본○ 생활기록부Ⅱ 사본○ 성적증명서※ 자세한 사항은 첨부파일 또는 홈페이지 참고","http://www.seogu.go.kr","2025-09-15","2025-10-02"
"189 ","재단법인 대전광역시서구인재육성장학재단","행복장학생","지자체(출자출연기관)","장학금","지역연고","과학고국제고마이스터고영재고예술고외국어고일반고자율고제한없음체육고","1학년2학년3학년제한없음","○ 공고일 기준 1년 동안의 성적이 상위 6등급 이상(1.00~6.99)인 학생○ 1학년 : 중3학년 2학기 성적 평균 60점 이상 + 고1학년 1학기 성적 4등급 이상","○ 국민기초생활보장법상 수급자 중 생계·의료급여대상자 및 차상위 계층의 자녀","○ 100만원","○ 대전광역시 소재 고등학교 재학생","○ 선발공고일 기준 6개월 전부터 대전광역시 서구에 주소를 둔 학생","○ 가정형편 : 국민기초수급자 단계별 차상위 국민건강보험료납부액에 따라 차등배점○ 학업성적 : 내신성적에 따라 차등배점○ 동점자 발생 시 가정형편  학업성적  연장자 순으로 평가※ 자세한 사항은 첨부파일 또는 홈페이지 참고","○ 15명","○ 1세대 1명만 신청 가능○ 학교에서 징계 처분을 받은 때○ 장학금 지급일 현재 타지역 학교로 전학하거나 대전광역시 서구 이외의 지역으로 전출하였을 때○ 장학금을 중복 수령한 사실이 발생 또는 발견된 때※ 자세한 사항은 첨부파일 또는 홈페이지 참고","○ 학교장 추천 필요○ 학교별 장학 분야 각 3명 이내 추천 가능","○ 장학금 지원 신청서○ 장학생 추천서○ 주민등록등본○ 서약서○ 개인정보 수집이용제공 및 조회 동의서○ 통장사본○ 국민건강보험료 납부 영수증 사본○ 기초생활수급 증명서 또는 차상위계층 확인서○ 성적증명서 ※ 자세한 사항은 첨부파일 또는 홈페이지 참고","http://www.seogu.go.kr","2025-09-15","2025-10-02"
"190 ","재단법인 대전광역시서구인재육성장학재단","특기장학생","지자체(출자출연기관)","장학금","지역연고","과학고국제고마이스터고영재고예술고외국어고일반고자율고제한없음체육고","1학년2학년3학년제한없음","해당없음","해당없음","○ 100만원","○ 대전광역시 소재 고등학생○ 선발공고일 기준 최근 1년 이내에 예능체육과학문학 등의 분야에서 국제 및 전국대회 3위 이내의 성적을 거둔 학생○ 실적인정 기간 2024.10월~2025.9월○ 자세한 사항은 첨부파일 또는 홈페이지 참고","○ 선발공고일 기준 6개월 전부터 대전광역시 서구에 주소를 둔 학생","○ 최상위 대회 수상실적 1개 100%○ 대회규모별 수상실적 차등 배점○ 동점인 경우 차상위 대회 수상실적  서구 장기 거주자  연장자 순으로 평가※ 자세한 사항은 첨부파일 또는 홈페이지 참고","○ 10명","○ 1세대 1명만 신청 가능○ 학교에서 징계 처분을 받은 때○ 장학금 지급일 현재 타지역 학교로 전학하거나 대전광역시 서구 이외의 지역으로 전출하였을 때○ 타기관단체로부터 전액장학금 수혜자 제외※ 자세한 사항은 첨부파일 또는 홈페이지 참고","○ 학교장 추천 필요○ 선발분야 학교별 각 3명 이내 추천 가능","○ 장학금 지원 신청서○ 장학생 추천서○ 주민등록등본○ 서약서○ 개인정보 수집이용제공 및 조회 동의서○ 통장사본○ 각종 대회 입상 증명서(상장) 및 대회 요강 사본※ 자세한 사항은 첨부파일 또는 홈페이지 참고","http://www.seogu.go.kr","2025-09-15","2025-10-02"
"191 ","재단법인 대전광역시서구인재육성장학재단","방위사업청 관내 이주 직원 자녀 특별 장학생","지자체(출자출연기관)","장학금","해당없음","과학고국제고마이스터고영재고예술고외국어고일반고자율고제한없음체육고","1학년2학년3학년제한없음","○ 공고일 기준 1년 동안의 성적이 상위 5등급 이상(1.00~5.99)인  학생※ 1학년 : 중3학년 2학기성적 평균 65점 이상 고1학년 1학기 성적 3등급 이상","해당없음","○ 100만원","○ 방위사업청 관내 이주 직원 자녀○ 대전시 소재 고등학교 재학생","○ 공고일 기준 대전광역시 서구 거주","○ 방위사업청 직원 주소지 및 학업 성적 등 예외 규정 고려 선발○ 학업성적 : 내신성적에 따라 차등배점○ 동점자 발생 시 장기거주자/ 연장자 순으로 결정※ 자세한 사항은 첨부파일 또는 홈페이지 참고","○ 3명","○ 1세대 1명만 신청 가능○ 학교에서 징계 처분을 받은 때○ 장학금 지급일 현재 타지역 학교로 전학하거나 대전광역시 서구 이외의 지역으로 전출하였을 때○ 타기관/단체로부터 장학금을 받은 금액이 150만원 이상일 때 제외※ 자세한 사항은 첨부파일 또는 홈페이지 참고","○ 학교장 단체의 장 추천 필요","○ 장학금 지원 신청서○ 장학생 추천서○ 주민등록등본○ 개인정보 수집/이용/제공 및 조회 동의서○ 서약서○ 통장사본○ 방위사업청 직원 재직증명서○ 성적증명서※ 자세한 사항은 첨부파일 또는 홈페이지 참고","https://www.seogu.go.kr","2025-09-11","2025-09-26"
"192 ","재단법인 대전광역시서구인재육성장학재단","북한이탈주민 자녀 특별 장학생","지자체(출자출연기관)","장학금","해당없음","과학고국제고마이스터고영재고예술고외국어고일반고자율고제한없음체육고","1학년2학년3학년제한없음","○ 공고일 기준 1년 동안의 성적이 상위 7등급 이상(1.00~7.99)인  학생※ 1학년 : 중3학년 2학기성적 평균 50점 이상 + 고1학년 1학기 성적 5등급 이상","해당없음","○ 100만원","○ 대전광역시 소재 고등학교 재학생○ 북한이탈주민 자녀","○ 선발공고일(25.9.11) 기준 6개월 전(25.3.10. 이전)부터 대전광역시 서구에 주소를 둔 학생","○ 가정형편 : 국민기초수급자 단계별/ 차상위 등 국민건강보험료 납부액 따라 차등배점○ 학업성적 : 내신성적에 따라 차등배점○ 동점자 발생 시 가정형편/ 학업성적/ 연장자 순으로 결정※ 자세한 사항은 첨부파일 또는 홈페이지 참고","○ 4명","○ 1세대 1명만 신청 가능○ 학교에서 징계 처분을 받은 때○ 장학금 지급일 현재 타지역 학교로 전학하거나 대전광역시 서구 이외의 지역으로 전출하였을 때○ 타기관/단체로부터 장학금을 받은 금액이 150만원 이상이면 제외※ 자세한 사항은 첨부파일 또는 홈페이지 참고","○ 학교장 추천 필요","○ 장학금 지원 신청서○ 장학생 추천서○ 주민등록등본○ 개인정보 수집/이용/제공 및 조회 동의서○ 서약서○ 통장사본○ 북한이탈주민 등록확인서○ 성적증명서○ 국민건강보험료 납부 영수증 사본※ 자세한 사항은 첨부파일 또는 홈페이지 참고","https://www.seogu.go.kr","2025-09-15","2025-10-02"
"193 ","재단법인 대전광역시서구인재육성장학재단","우수자원봉사자 특별장학생","지자체(출자출연기관)","장학금","해당없음","과학고국제고마이스터고영재고예술고외국어고일반고자율고제한없음체육고","1학년2학년3학년제한없음","○ 공고일 기준 1년 동안의 성적이 상위 5등급 이상(1.00~5.99)○ (1학년) 중3학년 2학기 성적 평균 65점 이상+ 고1학년 1학기 성적 3등급 이상(1.00~3.99)","해당없음","○ 100만원","○ 선발공고일 기준 최근 1년(2024.10월~ 2025. 9월) 이내에 150시간 이상 봉사활동을 하여 우수자원봉사자증을 발급받은 우수자원봉사자 및 우수자원봉사자의 자녀○ 대전광역시 소재 고등학교 재학생","○ 공고일(2025.09.11) 기준 6개월 전(2025.03.10.이전) 서구에 주소를 둔 학생","○ 자격요건 구비자 중 분야별 선발기준을 적용하여 마련한 장학생선정심사위원회 심의기준에 따라 선발○서류심사에 의한 선발을 원칙으로 하며 필요 시 현지 확인 병행","○ 3명","○ 2025년 타 기관 전액 장학금 수혜자 제외○ 학교에서 징계(제적 정학 등) 처분을 받은 때○ 장학금을 받기 위하여 허위 기재 기만 등의 사실이 밝혀진 때○ 1세대 1명에 신청 가능※ 자세한 사항은 첨부파일 또는 홈페이지 참고","○ 학교장 단체의 장","○ 장학금 지원 신청서○ 장학생 추천서○ 주민등록등본○ 개인정보 수집이용 제공 및 조회 동의서○ 서약서○ 통장사본※ 자세한 사항은 첨부파일 또는 홈페이지 참고","http://www.seogu.go.kr","2025-09-15","2025-10-02"
"194 ","재단법인 대전광역시서구인재육성장학재단","다문화가족 특별장학생","지자체(출자출연기관)","장학금","해당없음","과학고국제고마이스터고영재고예술고외국어고일반고자율고제한없음체육고","1학년2학년3학년제한없음","○ 공고일 기준 1년 동안의 성적이 상위 6등급 이상(1.00~6.99)○ (1학년) 중3학년 2학기 성적 평균 60점 이상 + 고1학년 1학기 성적 4등급 이상(1.00~4.99)","○ 중위소득 100% 이하","○ 100만원","○ 다문화가족 자녀※ 다문화가족지원법 제2조에 의거 결혼이민자와 대한민국 국적을 가진 자로 구성된 가족○ 대전광역시 소재 고등학교 재학생","○ 공고일(2025.09.11) 기준 6개월 전(2025.03.10.이전) 서구에 주소를 둔 학생","○ 자격요건 구비자 중 분야별 선발기준을 적용하여 마련한 장학생선정심사위원회 심의기준에 따라 선발○서류심사에 의한 선발을 원칙으로 하며 필요 시 현지 확인 병행","○ 5명","○ 2025년 타 기관 전액 장학금 수혜자 제외○ 학교에서 징계(제적 정학 등) 처분을 받은 때○ 장학금을 받기 위하여 허위 기재 기만 등의 사실이 밝혀진 때○ 1세대 1명에 신청 가능※ 자세한 사항은 첨부파일 또는 홈페이지 참고","○학교장 단체의 장 추천","○ 장학금 지원 신청서○ 장학생 추천서○ 주민등록등본○ 개인정보 수집이용 제공 및 조회 동의서○ 서약서○ 통장사본※ 자세한 사항은 첨부파일 또는 홈페이지 참고","http://www.seogu.go.kr","2025-09-15","2025-10-02"
"195 ","재단법인 대전광역시서구인재육성장학재단","특수영상콘텐츠분야 특별장학생","지자체(출자출연기관)","장학금","해당없음","과학고국제고마이스터고영재고예술고외국어고일반고자율고제한없음체육고","1학년2학년3학년제한없음","○ 공고일 기준 1년 동안의 성적이 상위 5등급 이상(1.00~5.99)○ (1학년) 중3학년 2학기 성적 평균 65점 이상 + 고1학년 1학기 성적 3등급 이상(1.00~3.99)","해당없음","○ 100만원","○ 대전광역시 소재 고등학교 재학생※ 자세한 사항은 첨부파일 또는 홈페이지 참고","○ 공고일(2025.09.11) 기준 6개월 전(2025.03.10.이전) 서구에 주소를 둔 학생","○ 자격요건 구비자 중 분야별 선발기준을 적용하여 마련한 장학생선정심사위원회 심의기준에 따라 선발○서류심사에 의한 선발을 원칙으로 하며 필요 시 현지 확인 병행","○ 1명","○ 2025년 타 기관 전액 장학금 수혜자 제외○ 학교에서 징계(제적 정학 등) 처분을 받은 때○ 장학금을 받기 위하여 허위 기재 기만 등의 사실이 밝혀진 때○ 1세대 1명에 신청 가능※ 자세한 사항은 첨부파일 또는 홈페이지 참고","○학교장 단체의 장 추천","○ 장학금 지원 신청서○ 장학생 추천서○ 주민등록등본○ 개인정보 수집이용 제공 및 조회 동의서○ 서약서○ 통장사본※ 자세한 사항은 첨부파일 또는 홈페이지 참고","http://www.seogu.go.kr","2025-09-15","2025-10-02"
"196 ","재단법인남양주장학재단","재능장학생","지자체(출자출연기관)","장학금","특기자","과학고국제고마이스터고영재고예술고외국어고일반고자율고제한없음체육고","1학년2학년3학년제한없음","해당없음","해당없음","○ 70만원","○ 공고일 기준 직전 1년간 광역자지단체 이상 공공기관·대학 또는 관련 협회 및 연맹 등이 주최하는 대회에서 3위 이내 입상경력이 있는 고등학생○ 단체입상의 경우 대표 1인만 신청 가능※ 자세한 사항은 첨부파일 또는 홈페이지 참고","○ 공고일 현재 남양주시에 1년 이상 주민등록상 주소를 두고 계속 거주하는 학생 또는 청소년","※ 자세한 사항은 첨부파일 또는 홈페이지 참고","○ 35명","※ 자세한 사항은 첨부파일 또는 홈페이지 참고","해당없음","○ 장학생 신청서○ 입상증명서○ 주민등록등본 및 초본○ 개인정보수집 및 이용동의서○ 단체수상자일 경우 이를 증명할 수 있는 서류(ex. 수상자들의 이름이 전부 기재된 상장 또는 증명서)※ 자세한 사항은 첨부파일 또는 홈페이지 참고","https://www.nyj.go.kr/main/1","2025-10-27","2025-11-06"
"197 ","재단법인 성남시장학회","재단장학생","지자체(출자출연기관)","장학금","지역연고","과학고국제고마이스터고영재고예술고외국어고일반고자율고제한없음체육고","1학년2학년3학년제한없음","○ 직전학기의 학교선택 국어/수학/영어 과목 학업 성적이 모두 장학회가 정하는 표준화 점수 1.50이상인 학생※ 자세한 사항은 첨부파일 또는 홈페이지 참고","○ 의료급여법제3조에서 정하는 수급권자○ 국민건강보험법에 의한 국민건강보험공단이 고지한 가족구성원(부모형제자매) 건강보험료 합산금액이 가입자 세대당 월평균 201100원(장기요양보험료 제외)이하에 해당하는 세대 구성원※ 자세한 사항은 첨부파일 또는 홈페이지 참고","○ 70만원","※ 기관확인필요","○ 신청일 현재 계속하여 2년 이상 성남시에 주민등록을 두고 거주한 자","○ 학업성적/ 거주기간/ 자기소개 및 진로 계획서/ 학업환경 및 경제환경을 고려※ 자세한 사항은 첨부파일 또는 홈페이지 참고","○ 80명","○ 국가기관이나 지방자치단체/ 학교/ 기타 장학관련 단체로부터 수업료 또는 등록금을 전액 면제·지원받고 있는 학생","○ 학교장 추천","○ 가족관계증명서○ 주민등록등본/ 초본○ 장학생추천자명단○ 개인정보 수집·이용·제공 및 조회 동의서○ 장학금 수령 통장 사본○ 신청서○ 성적증명서○ 건강보험료 납입증명서류※ 자세한 사항은 첨부파일 또는 홈페이지 참고※ 자세한 사항은 첨부파일 또는 홈페이지 참고","http://snjh.or.kr","2026-05-11","2026-05-15"
"198 ","재단법인 성남시장학회","성남장학생","지자체(출자출연기관)","장학금","지역연고","과학고국제고마이스터고영재고예술고외국어고일반고자율고제한없음체육고","1학년2학년3학년제한없음","○ 직전학기의 학교선택 국어/수학/영어 과목 학업 성적이 모두 장학회가 정하는 표준화 점수 1.00이상인 학생※ 단 표준화 점수 산출이 불가능한 소집단의 경우 석차 3위를 대상자로 인정할 수 있다","해당없음","○ 70만원","※ 기관확인필요","○ 신청일 현재 계속하여 2년 이상 성남시에 주민등록을 두고 거주한 자","○ 학업성적/ 거주기간/ 자기소개 및 진로 계획서/ 학업환경 및 경제환경을 고려※ 자세한 사항은 첨부파일 또는 홈페이지 참고","○ 80명","○ 국가기관이나 지방자치단체/ 학교/ 기타 장학관련 단체로부터 수업료 또는 등록금을 전액 면제·지원받고 있는 학생※ 자세한 사항은 첨부파일 또는 홈페이지 참고","○ 학교장 추천","○ 가족관계증명서○ 주민등록등본 초본○ 장학생추천자명단○ 개인정보 수집·이용·제공 및 조회 동의서○ 장학금 수령 통장 사본○ 인터넷 신청접수 출력본○ 성적증명서(학교장 날인확인)※ 자세한 사항은 첨부파일 또는 홈페이지 참고","https://snjh.or.kr","2026-05-11","2026-05-15"
"199 ","재단법인 성남시장학회","자립장학생","지자체(출자출연기관)","장학금","지역연고","과학고국제고마이스터고영재고예술고외국어고일반고자율고제한없음체육고","1학년2학년3학년제한없음","○ 초·중등교육법 제27조의2에서 규정한 초·중·고등학교를 졸업한 사람과 동등한 학력이 인정되는 시험에 응시하여 그 성적이 전과목 평점 70점 이상으로 당해연도에 합격한 사람","○ 의료급여법 제3조에서 정하는 수급권자○ 국민건강보험법에 의한 국민건강보험공단이 고지한 직계가족 건강보험료 합산금액이 가입자 세대당 월평균 201100원 이하 해당※ 자세한 사항은 첨부파일 또는 홈페이지 참고","○ 70만원","○ 청소년기본법에서 규정하고 있는 만9세~24세 청소년○ 본 재단이 정하는 저소득층의 세대구성원이며「학교밖청소년 지원에 관한 법률」 제2조제2호에서 규정하고 있는 ""학교밖청소년""으로서 초·중등교육법 제27조의2에서 규정한 초·중·고등학교를 졸업한 사람과 동등한 학력이 인정되는 시험에 응시하여 그 성적이 전과목 평점 70점 이상으로 당해연도에 합격한 사람","○ 신청일 현재 계속하여 2년 이상 성남시에 주민등록을 두고 거주한 자","※ 기관확인필요","○ 4명","○ 국가기관이나 지방자치단체/ 학교/ 기타 장학관련 단체로부터 수업료 또는 등록금을 전액 면제·지원받고 있는 학생※ 자세한 사항은 첨부파일 또는 홈페이지 참고","해당없음","○ 가족관계증명서○ 주민등록등본/ 초본○ 장학생추천자명단○ 개인정보 수집·이용·제공 및 조회 동의서○ 장학금 수령 통장 사본○ 인터넷 신청접수 출력본○ 건강보험료 납부증명서류○ 건강보험자격 확인(통보)서○ 건강보험료 납부 확인서○ 의료급여증명서○ 성적증명서※ 자세한 사항은 첨부파일 또는 홈페이지 참고","http://snjh.or.kr","2026-05-11","2026-05-15"
"200 ","재단법인 성남시장학회","특기장학생","지자체(출자출연기관)","장학금","특기자","과학고국제고마이스터고영재고예술고외국어고일반고자율고제한없음체육고","1학년2학년3학년제한없음","해당없음","해당없음","○ 70만원","○ 과학 및 예술·체육·기능 분야에 소질과 능력이 뛰어난 자○ 직전 1년 이내 도·시 단위규모 이상의 대회에서 3위이상 성적으로 입상한 학생(1회에 한해 신청)※ 자세한 사항은 첨부파일 또는 홈페이지 참고","○ 신청일 현재 계속하여 2년 이상 성남시에 주민등록을 두고 거주한 자※ 자세한 사항은 첨부파일 또는 홈페이지 참고","○ 학업성적/ 거주기간/ 자기소개 및 진로 계획서/ 학업환경 및 경제환경을 고려※ 자세한 사항은 첨부파일 또는 홈페이지 참고","○ 8명","○ 국가기관이나 지방자치단체/ 학교/ 기타 장학관련 단체로부터 수업료 또는 등록금을 전액 면제·지원받고 있는 학생※ 자세한 사항은 첨부파일 또는 홈페이지 참고","○ 학교장 추천","○ 가족관계증명서○ 주민등록등본/ 초본○ 장학생추천자명단○ 개인정보 수집·이용·제공 및 조회 동의서○ 장학금 수령 통장 사본○ 인터넷 신청접수 출력본○ 특기생 입증(입상)관련자료 사본○ 대회규모 및 수상 확인서※ 자세한 사항은 첨부파일 또는 홈페이지 참고","http://snjh.or.kr","2026-05-11","2026-05-15"
"201 ","(재)과천시 애향장학회","재능장학생","지자체(출자출연기관)","장학금","해당없음","과학고국제고마이스터고영재고예술고외국어고일반고자율고제한없음체육고","1학년2학년3학년제한없음","해당없음","해당없음","○ 1인 150만원○ 단체 200만원","○ 국제대회 5위 이상 입상 또는 전국단위 대회에서 3위 이상 입상한 고등학교 학생○ 국제대회 및 전국단위 대회에서 4위 이상 입상한 관내 고등학교 소속 단체팀(부) (단 동아리 모임은 제외)※ 자세한 사항은 첨부파일 또는 홈페이지 참고","○ 공고일 기준 현재 과천시에 연속해서 2년이상 거주하고 있는 시민의 자녀","○ 입상실적(80) 거주기간(10) 생활정도(12) 가산점(관내학교)(8)○ 동점자 처리: 다수의 수상자가 우선임○ 단체:입상실적(100)※ 자세한 사항은 첨부파일 또는 홈페이지 참고","○ 중고등학생 포함 32명 이내○ 단체: 5팀 이내","○ 퇴학 정학 자퇴 전학 및 징계 처분을 받는 경우○ 동일 실적으로 중복수혜 불가※ 자세한 사항은 첨부파일 또는 홈페이지 참고","○ 단지 성적우수자가 아닌 미래의 인재로서 탁월한 재능과 소질이 인정되어 학교장의 추천을 받은 고등학생(학교당 1명)※ 자세한 사항은 첨부파일 또는 홈페이지 참고","○ 재능장학생 신청서 1부 및 관련 서류○ 학교장 추천의 경우 학교장 추천서 1부 및 관련 서류○ 재학증명서○ 주민등록표○ 가족관계증명서※ 자세한 사항은 첨부파일 또는 홈페이지 참고","https://mydatasafe.kr/","2026-04-20","2026-04-30"
"202 ","김포시민장학회","일반장학생","지자체(출자출연기관)","장학금","지역연고","과학고국제고마이스터고영재고예술고외국어고일반고자율고제한없음체육고","1학년2학년3학년제한없음","○ 고등학교 학업성적이 10% 이내에 해당하는 자 혹은 원점수 평점 80% (저소득층 및 소년소녀가장은 50%)이상인 자","○ 저소득층 자녀 또는 소년소녀 가장","○ 50만원","○ 신입생 : 관내 중학교 졸업생 중 우수한 성적으로 관내 고등학교에 진학 한 자○ 재학생 : 관내 고등학교 재학 중인 자","○ 공고일 이전부터 1년 이상 관내 거주하는 김포시민의 자녀","※ 기관확인필요","○ 135명※ 자세한 사항은 첨부파일 또는 홈페이지 참고","※ 기관확인필요","※ 각 학교에서 학생 추천 후 장학회에서 선발","○ 장학생 신청서○ 장학생 추천서○ 주민등록등본○ 수급자증명서 또는 차상위계층확인서(해당자)○ 성적증명서○ 재학증명서○ 개인정보제공 동의서○ 학생 본인 통장 사본※ 자세한 사항은 첨부파일 또는 홈페이지 참고","http://www.gimpojh.co.kr","2026-03-30","2026-04-17"
"203 ","김포시민장학회","기능/예체능 장학생","지자체(출자출연기관)","장학금","지역연고","예술고체육고","1학년2학년3학년제한없음","○ 해당없음","○ 해당없음","○ 150만원","○ 관내 고등학교 재학 중인 학생 중 예체능에 소질과 재능이 뛰어난 자로서 경기도 단위 이상 대회에서 3위 이내에 입상한 자 (2025년 3월 1일 이후부터 ~ 2026년 3월 22일까지)","○ 공고일 이전부터 1년 이상 관내 거주하는 김포시민의 자녀","※ 기관확인필요","○ 5명","※ 기관확인필요","○ 학교장 추천","○ 장학생 신청서○ 주민등록등본○ 개인정보제공 동의서○ 학생 본인 통장 사본○ 장학생 추천서○ 입상경력 사본※ 자세한 사항은 첨부파일 또는 홈페이지 참고","http://www.gimpojh.co.kr","2026-03-30","2026-04-17"
"204 ","재단법인 부천장학재단","성적우수장학금","지자체(출자출연기관)","장학금","지역연고","과학고국제고마이스터고영재고외국어고일반고","1학년2학년3학년제한없음","○ 신입생 : 중학교 3학년 성적으로 각 과목별 원점수의 총점을 과목수로 나눈 평균점수가 90점 이상인 학생 (대상자가 없을 경우 90점 미만 학생도 가능)○ 재학생 : 직전년도 성적으로 과목별 원점수의 총점을 과목수로 나눈 평균점수가 90점 이상인 학생 (대상자가 없을 경우 90점 미만 학생도 가능)","해당없음","○ 50만원","○ 관내 소재 고등학교※ 가구별 1명 신청","○ 공고일 현재 부·모 또는 본인이 1년 이상 부천시에 주민등록이 되어 있는 가구 중 부천시 관내 소재 학교 재학생","○ 학업성적 우수자 순으로 선발○ 같은 순위일 경우 부천시 장기 거주자 순○ 자원봉사활동 실적 가산점 적용(40시간 이상)○ 다자녀 가산점 적용○ 장애인 가산점 적용※ 자세한 사항은 첨부파일 또는 홈페이지 참고","○ 56명","○ 학교에서 징계 처분 받은 경우○ 관외 학교로 전학한 경우○ 기타 사유로 학교장의 지급중지 요구가 있는 경우※ 자세한 사항은 첨부파일 또는 홈페이지 참고","○ 학교장 추천","○ 장학생선발 신청서○ 개인 신용정보 제공 및 조회 동의서/ 서약서 ○ 부·모 또는 본인의 주민등록 초본(주소변동사항 포함)○ 가족관계증명서(부 또는 모 명의만 가능 본인명의 안됨)○ 2025년도 자원봉사 실적 확인서(연 40시간 이상 해당자)○ 장애인증명서 또는 장애인등록증 사본(해당자)○ 직전년도 성적증명서※ 자세한 사항은 첨부파일 또는 홈페이지 참고","https://www.bcjh.bucheon.go.kr","2026-03-16","2026-04-03"
"205 ","재단법인 부천장학재단","가정환경장학금","지자체(출자출연기관)","장학금","지역연고","과학고국제고마이스터고영재고예술고외국어고일반고체육고","1학년2학년3학년제한없음","해당없음","○ 가정환경이 어려운 저소득 가정의 학생○ 건강보험료 합산액 기준 350만원 이하○ 25년(1월~12월) 부·모의 건강보험료 합산 고지금액 및 세목별 과세 납부상황 정도","○ 50만원","○ 부천시 관내 소재 고등학교 학생","○ 공고일 현재 부·모 또는 본인이 1년 이상 부천시에 주민등록이 되어 있는 자","○ 건강보험료 50점/ 세목별과세증명서(재산세 30점/ 자동차세 20점)※ 자세한 사항은 첨부파일 또는 홈페이지 참고","○ 80명","○ 학교에서 징계 처분 받은 경우○ 관외 학교로 전학한 경우○ 기타 사유로 학교장의 지급중지 요구가 있는 경우※ 자세한 사항은 첨부파일 또는 홈페이지 참고","○ 학교장 추천","○ 장학생선발 신청서○ 개인 신용정보 제공 및 조회 동의서/ 서약서 ○ 부·모 또는 본인의 주민등록 초본(주소변동사항 포함)○ 가족관계증명서(부 또는 모 명의만 가능 본인명의 안됨)○ 2025년(1~12월) 건강보험료 납부확인서○ 건강보험자격득실 확인서(부모 각각)○ 2025년 세목별(재산세/ 자동차세) 과세증명서○ 수급자 또는 차상위 계층 증명서(해당자)※ 자세한 사항은 첨부파일 또는 홈페이지 참고","https://www.bcjh.bucheon.go.kr","2026-03-16","2026-03-27"
"206 ","재단법인 부천장학재단","북한이탈주민장학금","지자체(출자출연기관)","장학금","해당없음","과학고국제고마이스터고영재고예술고외국어고일반고자율고제한없음체육고","1학년2학년3학년제한없음","해당없음","해당없음","○ 70만원","○ 부천시 관내 소재 고등학교 재학생","○ 공고일 현재 부모 또는 본인이 1년 이상 부천시에 주민등록이 되어 있는 가구","○ 같은 순위일 경우 부천시 장기 거주자 순○ 가산점 존재 ※ 자세한 사항은 첨부파일 또는 홈페이지 참고","○ 10명","○ 가구별 1명 신청 ○ 선발 분야 중복 신청 불가○ 학교에서 징계 처분을 받은 경우○ 관외 학교로 전학한 경우 ※ 자세한 사항은 첨부파일 또는 홈페이지 참고","○ 민주평화통일자문회의 부천시협의회 추천","○ 신청서○ 개인 신용정보 제공 및 조회 동의서 서약서○ 부모 또는 본인의 주민등록 초본○ 가족관계증명서○ 해당자 서류 ※ 자세한 사항은 첨부파일 또는 홈페이지 참고","https://bucjh.bucheon.go.kr","2026-03-16","2026-04-03"
"207 ","재단법인 부천장학재단","다문화가정장학금","지자체(출자출연기관)","장학금","해당없음","과학고국제고마이스터고영재고예술고외국어고일반고자율고제한없음체육고","1학년2학년3학년제한없음","해당없음","해당없음","○ 70만원","○ 부천시 관내 소재 고등학교 재학생○ 다문화가족지원법 제2조에 해당하여야 함","○ 공고일 현재 부모 또는 본인이 1년 이상 부천시에 주민등록이 되어 있는 가구","○ 같은 순위일 경우 부천시 장기 거주자 순○ 가산점 존재 ※ 자세한 사항은 첨부파일 또는 홈페이지 참고","○ 20명","○ 가구별 1명 신청 ○ 선발 분야 중복 신청 불가○ 학교에서 징계 처분을 받은 경우○ 관외 학교로 전학한 경우 ※ 자세한 사항은 첨부파일 또는 홈페이지 참고","○ 부천시 다문화가족지원센터 추천","○ 신청서○ 개인 신용정보 제공 및 조회 동의서 서약서○ 부모 또는 본인의 주민등록 초본○ 부 또는 모의 주민등록 등본○ 가족관계증명서○ 해당자 서류 ※ 자세한 사항은 첨부파일 또는 홈페이지 참고","https://bcjh.bucheon.go.kr","2026-03-16","2026-04-03"
"208 ","재단법인 수원시장학재단","우수장학생","지자체(출자출연기관)","장학금","지역연고","과학고국제고마이스터고영재고예술고외국어고일반고자율고제한없음체육고","1학년2학년3학년제한없음","○ 관외 고등학교 : 2025년도 1학기 국어/수학/영어 과목 모두 석차등급 1등급인 학생","해당없음","○ 70만원","○ 학업성적이 우수한 모범학생으로 수원시 관내/관외 지역에 소재한 고등학교 재학생","○ 공고일 현재 2년이상 계속하여 수원시에 주민등록을 두고 거주하는 자","○ 학업성적 100○ 동점자 기준 : 거주기간 우선선","○ 51명※ 자세한 사항은 첨부파일 또는 홈페이지 참고","○ 1가구 1명 신청제한○ 학교에서 징계처분을 받은 자○ 한 학기이상 휴학자○ 기타 사유로 인하여 학교장의 중지요구가 있을 때 지급중지※ 자세한 사항은 첨부파일 또는 홈페이지 참고","○ 학교장 추천","○ 추천공문○ 우수장학금 신청서○ 주민등록 초본○ 통장사본○ 개인(신용)정보 수집·이용·제공 및 조회 동의서○ 성적증명서(관외 학교)※ 자세한 사항은 첨부파일 또는 홈페이지 참고","https://suwon4u.or.kr/ ","2026-09-07","2026-09-14"
"209 ","재단법인 수원시장학재단","희망장학생","지자체(출자출연기관)","장학금","지역연고","과학고국제고마이스터고영재고예술고외국어고일반고자율고제한없음체육고","1학년2학년3학년제한없음","해당없음","○ 저소득측 가정의 학생","○ 70만원","○ 수원시 관내/관외 고등학교 재학생","○ 공고일 현재 2년이상 계속하여 수원시에 주민등록을 두고 거주하는 자","○ 소득현황 100○ 동점자 기준 : 소득 > 자녀수 > 거주기간","○ 51명※ 자세한 사항은 첨부파일 또는 홈페이지 참고","○ 1가구 1명 선정○ 장학생 선발 및 지급관련 서류에서 부정한 방법으로 선발 된 경우에는 장학생 선발 취소 및 장학금을 환수 조치 할 수 있음※ 자세한 사항은 첨부파일 또는 홈페이지 참고","○ 학교장 추천","○ 추천공문○ 희망장학금 신청서○ 주민등록초본○ 통장사본○ 개인(신용)정보 수집·이용·제공 및 조회 동의서○ 관외 고등학생 추가 제출 서류※ 자세한 사항은 첨부파일 또는 홈페이지 참고","https://suwon4u.or.kr","2026-09-07","2026-09-14"
"210 ","재단법인 수원시장학재단","행복장학생","지자체(출자출연기관)","장학금","지역연고","과학고국제고마이스터고영재고예술고외국어고일반고자율고제한없음체육고","1학년2학년3학년제한없음","해당없음","해당없음","○ 70만원","○ 3자녀 이상 가정의 학생○ 수원시 관내 혹은 관외 고등학교 재학생○ 관외 고등학교 재학생의 경우 부모의 건강보험료 합산 금액 적용※ 자세한 사항은 첨부파일 또는 홈페이지 참고","○ 공고일 현재 2년이상 계속하여 수원시에 주민등록을 두고 거주하는 자","○ 소득현황 50 + 자녀현황 50○ 동점자 기준 : 자녀수 > 소득 > 거주기간간","○ 51명","○ 1가구 1명 선정○ 장학생 선발 및 지급관련 서류에서 부정한 방법으로 선발 된 경우에는 장학생 선발 취소 및 장학금을 환수 조치 할 수 있음※ 자세한 사항은 첨부파일 또는 홈페이지 참고","○ 학교장 추천","○ 추천공문○ 행복장학금 신청서○ 주민등록 초본○ 통장사본○ 개인(신용)정보 수집·이용·제공 및 조회 동의서○ 관외 고등학생 추가 제출 서류※ 자세한 사항은 첨부파일 또는 홈페이지 참고","https://suwon4u.or.kr ","2026-09-07","2026-09-14"
"211 ","재단법인 수원시장학재단","특기장학생","지자체(출자출연기관)","장학금","특기자","과학고국제고마이스터고영재고예술고외국어고일반고자율고제한없음체육고","1학년2학년3학년제한없음","해당없음","해당없음","○ 70만원","○ 미술/음악/체육/문학 등에 재능이 뛰어난 학생○ 중앙 및 지방의 행정기관 또는 공신력 있는 각종 대회에서 3위 이상의 성적으로 입상한 학생 (해당 기간 : 2025.9~2026년 장학생 서류 신청 직전까지)","○ 공고일 현재 계속해서 2년이상 수원시에 주민등록을 두고 거주하는 수원시 소재한 고등학교 재학생","○ 수상실적(증빙서류) 100○ 동점자 기준 : 대회규모 > 거주기간","○ 6명※ 자세한 사항은 첨부파일 또는 홈페이지 참고","○ 1가구 1명 선정○ 학교별 지원 인원수 1명 제한○ 장학생 선발 및 지급관련 서류에서 부정한 방법으로 선발 된 경우에는 장학생 선발 취소 및 장학금을 환수 조치 할 수 있음※ 자세한 사항은 첨부파일 또는 홈페이지 참고","○ 학교장 추천","○ 추천공문○ 특기장학금 신청서○ 관련 증빙자료(수상실적 증명 및 상장)○ 주민등록 초본○ 통장사본 ○ 개인(신용) 정보 수집·이용·제공 및 조회 동의서※ 자세한 사항은 첨부파일 또는 홈페이지 참고","https://suwon4u.or.kr/ ","2026-09-07","2026-09-14"
"212 ","재단법인 수원시장학재단","과학장학생","지자체(출자출연기관)","장학금","특기자","과학고국제고마이스터고영재고예술고외국어고일반고자율고제한없음체육고","1학년2학년3학년제한없음","해당없음","해당없음","○ 70만원","○ 과학분야에 재능이 뛰어난 학생○ 중앙 및 지방의 행정기관 또는 공신력 있는 과학관련 대회에서 3위 이상의 성적으로 입상한 학생 ※ 해당기간 : 2025년 9월부터 2026년 장학생 신청서류 직전까지","○ 공고일 현재 계속하여 2년이상 수원시에 주민등록을 두고 거주하고 수원시에 소재한 고등학교에 재학 중인 학생","○ 수상실적(증빙서류) 100○ 동점자 기준 : 대회규모 > 거주기간","○ 4명※ 추천기관별 지원 인원수 제한(1명)※ 자세한 사항은 첨부파일 또는 홈페이지 참고","○ 1가구 1자녀 선발○ 학교별 지원 인원수 1명 제한○ 장학생 선발 및 지급관련 서류에서 부정한 방법으로 선발 된 경우에는 장학생 선발 취소 및 장학금을 환수 조치 할 수 있음※ 자세한 사항은 첨부파일 또는 홈페이지 참고","○ 학교장 추천","○ 추천공문○ 과학장학금 신청서○ 관련 증빙자료(수상실적 증명 및 상장)○ 주민등록 초본○ 통장사본○ 개인(신용)정보 수집·이용·제공 및 조회 동의서※ 자세한 사항은 첨부파일 또는 홈페이지 참고","https://suwon4u.or.kr/ ","2026-09-07","2026-09-14"
"213 ","재단법인 수원시장학재단","꿈키움장학생","지자체(출자출연기관)","장학금","지역연고","특성화고","해당없음","해당없음","해당없음","○ 70만원","○ 특성화고등학교에 재학 중인 저소득층 가정의 학생으로 자신의 진로 목표를 달성하기 위한 자격증을 취득하기 위해 노력하는 학생","○ 공고일 현재 2년이상 계속하여 수원시에 주민등록을 두고 거주하는 수원시 소재한 고등학교에 재학 중인 학생 ","○ 1단계: 실무진 자격요건 등 사전검토○ 2단계: 선발위원회 장학생 심사 및 선발○ 3단계: 이사회 선발 확정","○ 8명※ 자세한 사항은 첨부파일 또는 홈페이지 참고","○ 1가구 1명 선정○ 장학생 선발 및 지급관련 서류에서 부정한 방법으로 선발 된 경우에는 장학생 선발 취소 및 장학금을 환수 조치 할 수 있음※ 자세한 사항은 첨부파일 또는 홈페이지 참고","○ 학교장 추천","○ 추천공문○ 꿈키움장학금 신청서○ 주민등록 초본○ 통장사본○ 개인(신용)정보 수집·이용·제공 및 조회 동의서※ 자세한 사항은 첨부파일 또는 홈페이지 참고","https://suwon4u.or.kr/","2026-09-07","2026-09-14"
"214 ","재단법인 수원시장학재단","긴급복지장학생","지자체(출자출연기관)","장학금","해당없음","과학고국제고마이스터고영재고예술고외국어고일반고자율고제한없음체육고","1학년2학년3학년제한없음","해당없음","해당없음","○ 70만원","○ 경제적 위기가구 및 복지사각지대 가정의 학생","○ 공고일 현재 계속해서 2년 이상 수원시에 주민등록을 두고 거주하는 수원시 소재한 고등학교에 재학 중인 학생 (수원시 이외 지역에 소재한 고등학교에 재학 중인 학생 신청 가능)","○ 1단계: 자격요건 등 사전검토○ 2단계: 장학생 심사 및 선발○ 3단계: 이사회 선발 확정","○ 5명","○ 1가구 1명 신청","○ 수원시장 추천","○ 추천공문○ 긴급복지 장학금 신청서○ 주민등록 초본○ 통장사본○ 개인정보 수집 이용 제공 및 조회 동의서※ 자세한 사항은 첨부파일 또는 홈페이지 참고","https://suwon4u.or.kr/","2026-09-07","2026-09-14"
"215 ","재단법인 수원시장학재단","사랑더하기장학생","지자체(출자출연기관)","장학금","해당없음","과학고국제고마이스터고영재고예술고외국어고일반고자율고제한없음체육고","1학년2학년3학년제한없음","해당없음","해당없음","○ 70만원","○ 지역사회 단체가 후원하는 저소득층 가정의 학생","○ 공고일 현재 계속해서 2년 이상 수원시에 주민등록을 두고 거주하는 수원시 소재한 고등학교에 재학 중인 학생 (고등학생의 경우 수원시 이외 지역에 소재한 고등학교에 재학 중인 학생 신청 가능)","○ 1단계: 자격요건 등 사전검토○ 2단계: 장학생 심사 및 선발○ 3단계: 이사회 선발 확정","○ 5명","○ 1가구 1명 신청","○ 동장 추천","○ 추천공문○ 사랑더하기장학금 신청서○ 건강보험자격확인서 및 건강보험료 납부확인서○ 주민등록 초본○ 가족관계증명서○ 통장사본○ 개인정보 수집 이용 제공 및 조회 동의서※ 자세한 사항은 첨부파일 또는 홈페이지 참고","https://suwon4u.or.kr/","2026-09-07","2026-09-14"
"216 ","오산교육재단","우수인재 장학금","지자체(출자출연기관)","장학금","지역연고","과학고국제고마이스터고영재고예술고외국어고일반고자율고제한없음체육고특성화고","1학년2학년3학년제한없음","○ 해당 연도 학년의 직전학기 (2025년 1학기) 내신등급 또는 전국연합학력평가 성적이 1.8 등급 이내인 학생","해당없음","○ 50만원","○ 관내 중학교를 졸업하고 관내 고등학교 혹은 관외 특수목적고/특성화고에 진학한 고등핵생 혹은 검정고시 합격자로 관내 고등학교에 진학한 재학생","○ 본인 또는 부모/친권자 중 1명이 주민등록상 1년 이상 계속하여 오산시에 거주하는 자","○ 학업성적 90% 오산시 거주기간 5% 가족상황 5%○ 동점자 처리기준 : 학업성적 거주기간 가족상황※ 자세한 사항은 첨부파일 또는 홈페이지 참고","○ 132명○ 1학년 44명○ 2학년 44명○ 3학년 44명","※ 기관확인필요","○ 고등학교 장의 추천","○ 장학금 지원신청서○ 장학생 추천서○ 주민등록초본○ 생활기록부 혹은 전국연합학력평가 성적표○ 개인정보 수집이용제공 및 조회 동의서○ 사회적 배려 대상자 (해당자)※ 자세한 사항은 첨부파일 또는 홈페이지 참고","https://www.osan.go.kr/main.do ","2025-09-09","2025-10-02"
"217 ","오산교육재단","희망인재 장학금","지자체(출자출연기관)","장학금","지역연고","과학고국제고마이스터고영재고예술고외국어고일반고자율고제한없음체육고특성화고","1학년2학년3학년제한없음","해당없음","○ 국민기초생활보장수급자 또는 저소득가정 또는 장애인세대(본인 또는 부모) 학생","○ 50만원","○ 관내 중학교를 졸업하고 관내 고등학교 혹은 관외 특수목적고/특성화고에 진학한 고등핵생 혹은 검정고시 합격자로 관내 고등학교에 진학한 재학생","○ 본인 또는 부모/친권자 중 1명이 주민등록상 1년 이상 계속하여 오산시에 거주하는 자","○ 생활정도 80% 가족상황 10% 오산시 거주기간 10%○ 동점자 처리기준 : 생활정도 가족상황 거주기간※ 자세한 사항은 첨부파일 또는 홈페이지 참고","○ 48명○1학년 16명○ 2학년 16명○ 3학년 16명","※ 기관확인필요","○ 학교장 또는 거주지 동장 추천","○ 장학금 지원신청서○ 장학생 추천서○ 주민등록초본○ 생활기록부○ 개인정보 수집·이용·제공 및 조회 동의서○ 장애인 증명서 (본인 또는 부모)○ 가족관계증명서○ 건강보험료납부확인서※ 자세한 사항은 첨부파일 또는 홈페이지 참고","https://www.osan.go.kr/main.do ","2025-09-09","2025-10-02"
"218 ","오산교육재단","근로자녀 장학금","지자체(출자출연기관)","장학금","지역연고","과학고국제고마이스터고영재고예술고외국어고일반고자율고제한없음체육고특성화고","1학년2학년3학년제한없음","○ 해당 연도 학년의 직전 학기 (2025년 1학기) 내신등급 성적인 6등급 이내인 학생","해당없음","○ 50만원","○ 관내 기업에 5년 이상 근무 중인 근로자 자녀○ 관내 중학교를 졸업하고 관내 고등학교 혹은 관외 특수목적고/특성화고에 진학한 고등핵생 혹은 검정고시 합격자로 관내 고등학교에 진학한 재학생","○ 본인 또는 부모/친권자 중 1명이 주민등록상 1년 이상 계속하여 오산시에 거주하는 자","○ 재직기간 30% 오산시거주기간 30% 학업성적 30% 가족상황 10%○ 동점자 처리기준 : 재직기간 거주기간 학업성적 가족상황※ 자세한 사항은 첨부파일 또는 홈페이지 참고","○ 6명○ 1학년 2명○ 2학년 2명○ 3학년 2명","※ 기관확인필요","○ 노동관련단체장의 추천","○ 장학금 지원신청서○ 장학생 추천서○ 주민등록초본○ 생활기록부○ 개인정보 수집·이용·제공 및 조회 동의서○ 기업체 재직증명서○ 가족관계증명서○ 한국노총 오산시지부 장학생추천서○ 주민등록등본※ 자세한 사항은 첨부파일 또는 홈페이지 참고","https://www.osan.go.kr/main.do ","2025-09-09","2025-10-02"
"219 ","오산교육재단","다자녀가정자녀 장학금","지자체(출자출연기관)","장학금","지역연고","과학고국제고마이스터고영재고예술고외국어고일반고자율고제한없음체육고특성화고","1학년2학년3학년제한없음","해당없음","○ 재산세 납부액이 45만원 미만※ 자세한 사항은 첨부파일 또는 홈페이지 참고","○ 50만원","○ 2인 이상 자녀를 양육하는 가정의 자녀인 학생○ 관내 중학교를 졸업하고 관내 고등학교 혹은 관외 특수목적고/특성화고에 진학한 고등핵생 혹은 검정고시 합격자로 관내 고등학교에 진학한 재학생","○ 본인 또는 부모/친권자 중 1명이 주민등록상 1년 이상 계속하여 오산시에 거주하는 자","○ 생활정도 60% 가족상황 30% 오산시 거주기간 10%○ 동점자 처리기준 : 생활정도 가족상황 거주기간※ 자세한 사항은 첨부파일 또는 홈페이지 참고","○ 48명○ 1학년 16명○ 2학년 16명○ 3학년 16명","※ 기관확인필요","○ 고등학교장이 추천","○ 장학금 지원신청서○ 장학생 추천서○ 주민등록초본○ 생활기록부 혹은 전국연합학력평가 성적표○ 개인정보 수집·이용·제공 및 조회 동의서○ 가족관계증명서○ 주민등록등본○ 지방세세목별과세증명서○ 건강보험료납부확인서※ 자세한 사항은 첨부파일 또는 홈페이지 참고","https://www.osam.go.kr/main.do ","2025-09-09","2025-10-02"
"220 ","오산교육재단","다문화가정자녀 장학금","지자체(출자출연기관)","장학금","지역연고","과학고국제고마이스터고영재고예술고외국어고일반고자율고제한없음체육고특성화고","1학년2학년3학년제한없음","해당없음","○ 다문화 가정의 자녀인 학생","○ 50만원","○ 관내 중학교를 졸업하고 관내 고등학교 혹은 관외 특수목적고/특성화고에 진학한 고등핵생 혹은 검정고시 합격자로 관내 고등학교에 진학한 재학생","○ 본인 또는 부모/친권자 중 1명이 주민등록상 1년 이상 계속하여 오산시에 거주하는 자","○ 오산시 거주기간 90% 가족상황 10%○ 동점자 처리기준 : 거주기간 가족상황※ 자세한 사항은 첨부파일 또는 홈페이지 참고","○ 6명○ 1학년 2명○ 2학년 2명○ 3학년 2명","※ 기관확인필요","○ 학교장 또는 관계기관의 장 추천","○ 장학금 지원신청서○ 장학생 추천서○ 주민등록초본○ 생활기록부 혹은 전국연합학력평가 성적표○ 개인정보 수집·이용·제공 및 조회 동의서○ 가족관계증명서○ 주민등록등본○ 기본증명서 (귀화 대상)○ 사회적 배려 대상자 (해당자)※ 자세한 사항은 첨부파일 또는 홈페이지 참고","https://www.osan.go.kr/main.do ","2025-09-09","2025-10-02"
"221 ","재)화성시인재육성재단","더드림장학금","지자체(출자출연기관)","장학금","해당없음","과학고국제고마이스터고영재고예술고외국어고일반고자율고제한없음체육고특성화고","1학년2학년3학년제한없음","해당없음","해당없음","○ 1인당 70만원","○ 관내 소재 고등학교에 재학 중인 학생※ 화성시 관내에 소재한 학교로 하되 관외에 소재한 각종학교 특수학교 특수목적고 특성화고 영재학교는 관내 학교로 인정함○ 결혼이민자와 대한민국 국적을 가진 자로 구성된 다문화가정 자녀","○ 본인 또는 부모 친권자 중 1명이 공고일 기준 주민등록을 두고 화성시에 1년 이상 계속 거주","○ 생활정도 70% 화성시 거주기간 30%","○ 관내 다문화가정 자녀 (초 중 고) 학생 30명","○ 재단 특기 장학금과 더드림 장학금은 중복지원 불가○ 재학 상태가 아닌 경우○ 1가구당 1자녀","해당없음","○ 장학금 지원 신청서 및 개인정보 동의서○ 재학증명서○ 주민등록초본○ 학생 기준의 가족관계증명서○ 다문화가정 학생임을 입증할 수 있는 서류 중 1부○ 해당자 서류※ 자세한 사항은 첨부파일 또는 홈페이지 참고","https://www.hstree.org","2025-09-01","2025-09-19"
"222 ","재)화성시인재육성재단","특기장학금","지자체(출자출연기관)","장학금","해당없음","과학고국제고마이스터고영재고예술고외국어고일반고자율고제한없음체육고","1학년2학년3학년제한없음","해당없음","해당없음","○ 100만원","○ 관내 소재 고등학교에 재학 중인 학생※관내 학교로 인정되는 경우 확인 필요○ 24년 교육 문화 체육 예술 IT분야 등 시군구 단위 이상 각종 대회에서 3등 이내 수상한 고등학생 ","○ 본인 또는 부모친권자 중 1명이 공고일 기준 화성시에 주민등록을 두고 1년 이상 계속 거주","○ 생활 정도 30점 장기 거주 20점 수상 경력 50점","○ 지급총액 내 통합 선발 (최소 50명)","○ 화성시인재육성재단의 25년 더드림 장학금과 중복수혜 불가○ 재학 상태가 아닌 경우※ 자세한 사항은 첨부파일 또는 홈페이지 참고","해당없음","○ 25년 2학기 재학증명서○ 신청자 또는 부모 친권자의 주민등록초본○ 신청자 기준의 가족관계증명서○ 부모 25년 2분기 3개월분 건강보험료 납부확인서○ 수상실적확인서○ 해당자 서류※ 자세한 사항은 첨부파일 또는 홈페이지 참고","https://www.hstree.org","2025-08-22","2025-09-11"
"223 ","재단법인고성향토장학회","과학 및 예체능 특별장학생","지자체(출자출연기관)","장학금","지역연고","과학고국제고마이스터고영재고예술고외국어고일반고체육고","해당없음","해당없음","해당없음","○ 100만원","○ 과학 및 예체능 분야에서 중앙단위 이상 대회에서 입상한 고등학생※ 자세한 사항은 첨부파일 또는 홈페이지 참고","○ 장학생 선발 공고일 기준 1년전부터 계속해서 본인 또는 친권자가 고성군에 주민등록이 되어있는 자","※ 기관확인필요","○ 10명","○ 퇴학 정학 또는 자퇴를 하였을 때○ 학생의 본분을 벗어난 행동으로 사회적 물의를 야기한 때○ 고성군민으로서 자격을 상실한 때○ 기타 장학금 지급이 부적당하다고 인정되어 이사장이 결정한 때※ 자세한 사항은 첨부파일 또는 홈페이지 참고","해당없음","○ 지원서○ 개인정보 수집이용 및 제공 조회 동의서○ 가족관계증명서○ 주민등록등본○ 주택 임대차 계약서(해당자)○ 2024년 대회입상증명서※ 자세한 사항은 첨부파일 또는 홈페이지 참고","http://www.gwgs.go.kr/","2025-02-19","2025-03-14"
"224 ","(재)삼척향토장학재단","성적우수장학","지자체(출자출연기관)","장학금","지역연고","과학고국제고마이스터고영재고외국어고일반고","해당없음","해당없음","해당없음","○ 50만원","○ 공고일 현재 만 49세 이하인 자","○ 본인 또는 친권자의 주소가 공고일 이전부터 주민등록상 삼척시에 2년 이상 거주한 자","※ 기관확인필요","○ 35명","○ 관내 타 장학재단에서 생활비 지원 장학금을 지급받은 때","○ 학교장 추천","○ 장학금 신청서 및 개인정보 제공 동의서○ 주민등록등본○ 건강보험납부확인서 또는 건강보험 자격득실확인서○ 통장사본○ 기타서류※ 자세한 사항은 첨부파일 또는 홈페이지 참고","http://www.samcheok.go.kr","2026-02-02","2026-02-20"
"225 ","양록장학회","학력우수장학","지자체(출자출연기관)","장학금","지역연고","일반고","해당없음","○ (입학생) 입학성적 30/100 이내 또는 검정고시 평균득점 80점 이상○ (재학생) 직전 학년 석차 30/100 이내","해당없음","○ 50만원","○ 양구고/ 양구여고 입학생 및 재학생","○ 학생 본인 또는 학생의 부모(2명)가 양구군에 주소를 두고 1년 이상 계속하여 거주한 자","○ 양록장학회 정기총회에서 심의·결정","※ 기관확인필요","○ 분야별 장학금 중복 신청 불가○ 당해 연도 양구군에서 출연 또는 운영하는 다른 장학금을 받았거나 받기로 예정된 자※ 자세한 사항은 첨부파일 또는 홈페이지 참고","○ 학교장 추천","○ 양록장학생 지원서○ 서약서○ 개인정보 수집/ 이용 및 제3자 제공 동의서○ 신청인 통장사본○ 가족관계증명서(학생 기준 발급) ○ 관내 중학교 졸업 여부에 따른 주민등록증○ 고등학교 합격통지서 또는 재학증명서※ 자세한 사항은 첨부파일 또는 홈페이지 참고","http://www.yanggu.go.kr","2026-02-23","2026-03-06"
"226 ","양록장학회","예체능특기장학","지자체(출자출연기관)","장학금","특기자","과학고국제고마이스터고영재고예술고외국어고일반고자율고제한없음체육고","1학년2학년3학년제한없음","해당없음","해당없음","○ 50만원 ","○ 국내·외 고등학교 입학생 및 재학생○ 도 단위 공인대회 1위 입상○ 전국단위 또는 국제단위 공인대회 3위 이내 입상※ 1/2부로 구분하여 개최되는 대회 및 학년별 대회 등은 제외 ","○ 학생 본인 또는 학생의 부모(2명)가 양구군에 주소를 두고 1년 이상 계속하여 거주한 자","○ 양록장학회 정기총회에서 심의·결정","※ 기관확인필요","○ 분야별 장학금 중복 신청 불가○ 당해 연도 양구군에서 출연 또는 운영하는 다른 장학금을 받았거나 받기로 예정된 자※ 자세한 사항은 첨부파일 또는 홈페이지 참고","해당없음","○ 양록장학생 지원서○ 서약서○ 개인정보 수집/이용 및 제3자 제공 동의서○ 신청인 통장사본○ 가족관계증명서(학생 기준 발급) ○ 관내 중학교 졸업 여부에 따른 주민등록 등/초본○ 고등학교 합격통지서 또는 재학증명서○ 성적 또는 실적을 증명하는 서류(상장사본 등)※ 자세한 사항은 첨부파일 또는 홈페이지 참고","http://www.yanggu.go.kr","2026-02-23","2026-03-06"
"227 ","양록장학회","특별장학(저소득주민자녀)","지자체(출자출연기관)","장학금","지역연고","일반고","1학년2학년3학년제한없음","○ (입학생) 고등학교 입학성적 60/100 이내○ (재학생) 직전학년 석차 60/100 이내","○ 국민기초생활수급자 및 저소득 차상위계층의 자녀 또는 본인","○ 50만원 (2025년도 기준 참고 금액)※ 양록장학회 정기총회에서 장학금액 결정","○ 양구고/양구여고 입학생 및 재학생","○ 학생 본인 또는 학생의 부모(2명)가 양구군에 주소를 두고 1년 이상 계속하여 거주한 자","○ 양록장학회 정기총회에서 심의·결정","※ 기관확인필요","○ 분야별 장학금 중복 신청 불가○ 당해 연도 양구군에서 출연 또는 운영하는 다른 장학금을 받았거나 받기로 예정된 자※ 자세한 사항은 첨부파일 또는 홈페이지 참고","○ 학교장 추천","○ 양록장학생 지원서○ 서약서○ 개인정보 수집·이용 및 제3자 제공 동의서○ 신청인 통장사본○ 가족관계증명서(학생 기준 발급) ○ 관내 중학교 졸업 여부에 따른 주민등록 등/초본○ 고등학교 합격통지서 또는 재학증명서○ 기초수급자 및 저소득 차상위계층 증명서※ 자세한 사항은 첨부파일 또는 홈페이지 참고","http://www.yanggu.go.kr","2026-02-23","2026-03-06"
"228 ","양록장학회","특별장학(관내최고성적졸업자)","지자체(출자출연기관)","장학금","지역연고","일반고","1학년2학년3학년제한없음","○ (입학생) 관내 중학교별 최고 성적 졸업자○ (재학생) 재학기간 중 전년도 1·2학기 평균내신 석차등급 3등급 이내","해당없음","○ 80만원 (2025년도 기준 참고 금액)※ 관내 고등학교에 재학하며 성적기준을 충족할 경우 3년간 지급※ 양록장학회 정기총회에서 장학금액 결정","○ 양구고·양구여고 입학생 및 재학생○ 관내 중학교 최고 성적 졸업자인 입학생 또는 재학생","○ 학생 본인 또는 학생의 부모(2명)가 양구군에 주소를 두고 1년 이상 계속하여 거주한 자","○ 양록장학회 정기총회에서 심의/ 결정","※ 기관확인필요","○ 분야별 장학금 중복 신청 불가○ 당해 연도 양구군에서 출연 또는 운영하는 다른 장학금을 받았는 자※ 자세한 사항은 첨부파일 또는 홈페이지 참고","○ 학교장 추천","○ 양록장학생 지원서○ 서약서○ 개인정보 수집·이용 및 제3자 제공 동의서○ 신청인 통장사본○ 가족관계증명서(학생 기준 발급) ○ 주민등록초본 또는 등본(주소변동사항포함/학생 또는 부·모 모두)○ (입학생) 고등학교 합격통지서○ (재학생) 고등학교 재학증명서 및 성적증명서※ 자세한 사항은 첨부파일 또는 홈페이지 참고","http://www.yanggu.go.kr","2026-02-23","2026-03-06"
"229 ","재단법인정선장학회","일반장학금","기타","장학금","지역연고","예술고체육고","해당없음","해당없음","○ 가정형편 등으로 장학지원이 필요한 학생","○ 100만원","○ 봉사·선행활동 등 타의 모범이 되는 학생○ 쓰레기위생매립장 주변마을 주민 자녀○ 군 단위 정선아리랑 경창대회 입상자/ 전국단위이상 체육대회·과학 경시 대회 등 예체능 분야 3위 이내 입상자","○ 공고일 현재 정선군 소재 고등학교 재학생과 학생 본인 또는 학생의 부·모·후견인의 주소가 정선군인 자","※ 기관확인필요","○ 35명 내외","해당없음","○ 학교장이 추천한 자","○ 장학생 추천서○ 개인정보 수집 및 활용 동의서○ 서약서○ 학생 생활기록부  ○ 학생 또는 부모 주민등록 등본○ 통장사본○ 기타 증명서류※ 자세한 사항은 첨부파일 참조","http://www.jeongseon.go.kr/","2026-02-09","2026-03-10"
"230 ","(재)진천군장학회","성적우수장학생","지자체(출자출연기관)","장학금","지역연고","일반고","1학년2학년3학년제한없음","○ 직전학기 과목별 석차등급이 평균 3등급 이내인 자○ 직전학기 석차 백분율이 상위 23% 이내인 자※ 자세한 사항은 첨부파일 또는 홈페이지 참고","해당없음","○ 50만원","○ 관내/ 관외 고등학교 1~3학년 재학생※ 자세한 사항은 첨부파일 또는 홈페이지 참고","○ 선발 공고일 기준 친권자 또는 본인의 주소를 진천군에 1년 이상 두고 계속 거주하고 있는 군민 또는 군민의 자녀※ 자세한 사항은 첨부파일 또는 홈페이지 참고","※ 자세한 사항은 첨부파일 또는 홈페이지 참고","○ 90명","○ 1가정 1인 선발○ 2025년 중 휴학 예정자 및 군입대 예정자○ 원격대학 / 학점은행제 대학 / 계약학과 / 야간대학 / 직업전문학교 재학생※ 자세한 사항은 첨부파일 또는 홈페이지 참고","○ 학교장 추천","○ 장학생 추천서(학교장 직인)○ 장학생 신청서○ 재학증명서○ 성적증명서○ 타장학금 수혜/미수혜 증명서○ 주민등록등본○ 가족관계증명서○ 개인정보 수집·이용·제공 동의서○ 통장사본○ 기초생활수급자 / 차상위계층 / 한부모가족 확인서(해당자)○ 기본증명서(해당자)※ 자세한 사항은 첨부파일 또는 홈페이지 참고","http://www.jincheon.go.kr","2025-10-10","2025-10-31"
"231 ","(재)진천군장학회","다문화북한이탈주민자녀장학금","지자체(출자출연기관)","장학금","지역연고","과학고국제고마이스터고영재고예술고외국어고일반고자율고제한없음체육고","1학년2학년","○ 2025년 1학기 석차 백분율이 상위 20% 이내인 자","해당없음","○ 50만원","○ 관내/ 관외 고등학교 1/2학년 재학생","○ 선발 공고일 기준 친권자 또는 본인의 주소를 진천군에 1년 이상 두고 계속 거주하고 있는 군민 또는 군민의 자녀※ 자세한 사항은 첨부파일 또는 홈페이지 참고","○ 성적순으로 선정하되 동점일 경우 취약계층 소득수준 순으로 장학생 선발심의위원회에서 선정※ 자세한 사항은 첨부파일 또는 홈페이지 참고","○ 3명","○ 1가정 1인 선발○ 2025년 중 휴학 예정자 및 군입대 예정자○ 원격대학 / 학점은행제 대학 / 계약학과 / 야간대학 / 직업전문학교 재학생※ 자세한 사항은 첨부파일 또는 홈페이지 참고","○ 학교장 추천","○ 장학생 추천서(학교장 직인)○ 장학생 신청서○ 재학증명서○ 성적증명서○ 타장학금 수혜/미수혜 증명서○ 주민등록등본○ 가족관계증명서○ 개인정보 수집·이용·제공 동의서○ 통장사본○ 기초생활수급자 / 차상위계층 / 한부모가족 확인서(해당자)○ 기본증명서(해당자)※ 자세한 사항은 첨부파일 또는 홈페이지 참고","http://www.jincheon.go.kr","2025-10-10","2025-10-31"
"232 ","(재)진천군장학회","우수학생 인센티브","지자체(출자출연기관)","장학금","지역연고","과학고국제고마이스터고영재고예술고외국어고일반고자율고제한없음체육고","1학년2학년","○ 1학기 성적 상위 3%이내(상위 3% 이내에 관내 학생이 없을 경우 상위 5% 이내의 관내 학생 중 성적이 우수한 순으로 지급)※ 자세한 사항은 첨부파일 또는 홈페이지 참고","해당없음","○ 100만원 (2학년 1학기 성적 상위 3%)○ 150만원 (1학년 2학기/ 2학년 1학기 성적 상위 3%)","○ 진천고/ 진천상고/ 한국바이오마스터고/ 광혜원고/ 충북체육고/ 서전고/ 관외학교 학생※ 자세한 사항은 첨부파일 또는 홈페이지 참고","○ 선발 공고일 기준 친권자 또는 본인의 주소를 진천군에 1년 이상 두고 계속 거주하고 있는 군민 또는 군민의 자녀※ 자세한 사항은 첨부파일 또는 홈페이지 참고","○ 성적순으로 선정하되 동점일 경우 취약계층 소득수준으로 선정정※ 자세한 사항은 첨부파일 또는 홈페이지 참고","○ 20~25명※ 자세한 사항은 첨부파일 또는 홈페이지 참고","○ 1가정 1인 선발○ 2025년 중 휴학 예정자 및 군입대 예정자○ 원격대학 / 학점은행제 대학 / 계약학과 / 야간대학 / 직업전문학교 재학생※ 자세한 사항은 첨부파일 또는 홈페이지 참고","해당없음","○ 장학생 추천서(학교장 직인)○ 장학생 신청서○ 재학증명서○ 성적증명서○ 타장학금 수혜/미수혜 증명서○ 주민등록등본○ 가족관계증명서○ 개인정보 수집·이용 제공 동의서○ 통장사본○ 기초생활수급자 / 차상위계층 / 한부모가족 확인서(해당자)○ 기본증명서(해당자)※ 자세한 사항은 첨부파일 또는 홈페이지 참고","http://www.jincheon.go.kr","2025-10-10","2025-10-31"
"233 ","(재)진천군장학회","특기장학생","지자체(출자출연기관)","장학금","지역연고","과학고국제고마이스터고영재고예술고외국어고일반고자율고제한없음체육고","1학년2학년3학년제한없음","해당없음","해당없음","○ 50만원","○ 특기장학생(체육/예능/기능)○ 체육/예능/기능분야 등에서 탁월한 능력을 발휘하는 자로 공공기관이 주최주관한 도대회 이상 3위 이내 입상자※ 입상 인정기간 : 2025.1 ~ 2025. 10 장학금 신청 접수일까지○ 효행장학생○효행이 뚜렷하여 타의 귀감이 되는 자","○ 선발 공고일 기준 친권자 또는 본인의 주소를 진천군에 1년 이상 두고 계속 거주하고 있는 군민 또는 군민의 자녀※ 자세한 사항은 첨부파일 또는 홈페이지 참고","※ 자세한 사항은 첨부파일 또는 홈페이지 참고","○ 2명","○ 1가정 1인 선발○ 2025년 중 휴학 예정자 및 군입대 예정자○ 원격대학 / 학점은행제 대학 / 계약학과 / 야간대학 / 직업전문학교 재학생○ 2024년도 특기장학생 선발자※ 자세한 사항은 첨부파일 또는 홈페이지 참고","○ 특기장학생(체육/예능/기능)○ 단체가 수상한 경우 학교장 추천을 받은 팀원 1명 추천○ 효행장학생○ (재)진천군장학회 이사 및 학교장 또는 읍면장 추천","○ 장학생 추천서(학교장 직인)○ 장학생 신청서○ 재학증명서○ 입상증명서 또는 효행관련 증빙자료○ 타장학금 수혜/미수혜 증명서○ 주민등록등본○ 가족관계증명서○ 개인정보 수집·이용·제공 동의서○ 통장사본○ 기초생활수급자 / 차상위계층 / 한부모가족 확인서(해당자)○ 기본증명서(해당자)※ 자세한 사항은 첨부파일 또는 홈페이지 참고","http://www.jincheon.go.kr","2025-10-10","2025-10-31"
"234 ","(재)진천군장학회","고3응원장학금","공공기관","장학금","지역연고","과학고국제고마이스터고영재고예술고외국어고일반고자율고제한없음체육고","3학년","해당없음","해당없음","○ 2만원","○ 고등학교 3학년 재학생 또는 진천군 학교 밖 청소년지원센터에서 18세 이용자","○ 선발 공고일 기준 친권자 또는 본인의 주소를 진천군에 1년 이상 두고 계속 거주하고 있는 군민 또는 군민의 자녀※ 자세한 사항은 첨부파일 또는 홈페이지 참고","※ 기관확인필요","○ 관내 고3 재학생 및 18세 학교 밖 청소년 800명","※ 기관확인필요","○ 학교측에서 고3 재학생명단(반별) 제출○ 센터측에서 해당자 명단 제출※ 학생 개인신청불가","○ 학교 또는 센터에서 명단 일괄 제출※ 자세한 사항은 첨부파일 또는 홈페이지 참고","http://www.jincheon.go.kr","2025-10-10","2025-10-31"
"235 ","(재)진천군장학회","온라인 강의 지원사업","지자체(출자출연기관)","장학금","해당없음","과학고국제고마이스터고영재고예술고외국어고일반고자율고제한없음체육고","1학년2학년3학년제한없음","해당없음","해당없음","○ 최대 40만원","○ 관내 고등학교 재학생 및 17~18세 학교 밖 청소년○ 년 1월 1일 이후 온라인 강의 수강권을 구입하고 강의를 수강 중인 학생","○ 공고일 기준 본인의 주소를 1년 이상 관내에 두고 관내 고등학교 및 이에 준하는 교육시설에 재학 중인 학생(학교 밖 청소년 포함)","○ 신청 자격을 충족한 학생 중 학교(센터)장 추천으로 선발※ 자세한 사항은 첨부파일 또는 홈페이지 참고","○ 30명","※ 자세한 사항은 첨부파일 또는 홈페이지 참고","○ 학교(센터)장 추천","○ 지원자신청서○ 학교(센터)장 추천서○ 주민등록등본○ (고등학교)재학증명서/(학교밖지원센터)등록확인증○ 개인정보수집이용제공동의서○ 온라인 강의 수강권 등록 내역○ 수강원 구매 신용카드 매출전표 또는 이체확인증○ 가족관계증명서※ 자세한 사항은 첨부파일 또는 홈페이지 참고","http://www.jincheon.go.kr","2026-04-10","2026-04-27"
"236 ","재단법인 충북인재평생교육진흥원","특기장학금","지자체(출자출연기관)","장학금","특기자","과학고국제고마이스터고영재고예술고외국어고일반고자율고제한없음체육고","해당없음","해당없음","해당없음","○ 100만원","○ 정부·공공기관 및 민간단체(협회)가 주최·주관한 전국규모 이상 대회 3위 이상 수상실적이 있는 고등학생※ 자세한 사항은 첨부파일 또는 홈페이지 참고","○ 대한민국 국적자로서 공고일 기준 1년 이상 도내에 주소를 두고 계속 거주하는 도민 및 도민의 자녀로서 고등학교 재학생※ 자세한 사항은 첨부파일 또는 홈페이지 참고","○ 수상실적 100%○ 동점자 처리: 공신력 상위 등급 대회 수상실적 고득점자 > 고학년 순","○ 100명 (초/ 중/ 고/ 대학생 포함)※ 학제별 장학금이 상이하여 선발인원은 변경될 수 있음","○ 중복수혜를 금지한 기관의 장학금을 받은 자○ 상반기 충북인재평생교육진흥원 장학금 수혜자 (특별지정장학금 제외)○ 충북학사 서울관·동서울관·청주관 재사생○ '고등교육법제2조'/'평생교육법제31조제4항 제33조'/'근로자 직업 능력개발법제2조제5항'에 해당하지 않는 교육기관※ 자세한 사항은 첨부파일 또는 홈페이지 참고","○ 단체종목 학교장 추천","○ 주민등록등본○ 가족관계증명서 (해당자)○ 학생 본인의 통장 사본○ 단체종목(야구·축구 등) 학교장 추천서 1부○ 재학증명서 1부※ 자세한 사항은 첨부파일 또는 홈페이지 참고","http://www.chrdf.or.kr/","2026-08-04","2026-08-27"
"237 ","재단법인 충북인재평생교육진흥원","곰두리장학금","지자체(출자출연기관)","장학금","지역연고","과학고국제고마이스터고영재고예술고외국어고일반고자율고제한없음체육고","1학년2학년3학년제한없음","해당없음","해당없음","○ 초 50만원/ 중 70만원/ 고 100만원/ 대 200만원","○ 장애학생 중 학업 성적 우수/예술·체육·기능·기타 분야에서 도단위 이상 대회 3위 이상 수상 실적이 있는 자※ 자세한 사항은 첨부파일 또는 홈페이지 참고","○ 대한민국 국적자로서 공고일 기준 1년 이상 도내에 주소를 두고 계속 거주하는 도민 또는 도민의 자녀 중 국내외 특수학교 및 고등학교 재학생 중 장애학생※ 자세한 사항은 첨부파일 또는 홈페이지 참고","○ 성적/수상/성취실적 50% + 소득수준 50%○ 동점자 : 장애정도 > 소득점수 > 성적(실적)점수※ 자세한 사항은 첨부파일 또는 홈페이지 참고","○ 30명 (초/중/고/대학생 포함)","○ 중복수혜를 금지한 기관의 장학금을 받은 자○ 상반기 충북인재평생교육진흥원 장학금 수혜자 (특별지정장학금 제외)○ 충북학사 서울관·동서울관·청주관 재사생○ '고등교육법제2조'/'평생교육법제31조제4항 제33조'/'근로자 직업 능력개발법제2조제5항'에 해당하지 않는 교육기관※ 자세한 사항은 첨부파일 또는 홈페이지 참고","해당없음","○ 주민등록등본○ 가족관계증명서(해당자)○ 학생 본인의 통장사본○ 장애인등록증 또는 장애인복지카드 사본 1부○ 건강보험자격확인서 또는 건강보험증○ 건강보험료납부확인서※ 자세한 사항은 첨부파일 또는 홈페이지 참고","http://www.m.chrdf.or.kr/","2026-08-04","2026-08-27"
"238 ","재단법인보은군민장학회","복지장학생","지자체(출자출연기관)","장학금","지역연고","과학고국제고마이스터고영재고예술고외국어고일반고자율고제한없음체육고","1학년2학년3학년제한없음","해당없음","○ 기초생활수급자 / 차상위계층","○ 40만원","○ 기초생활수급자 / 차상위계층 / 한부모가족 지원 대상자의 자녀(본인포함) / 장애인등록법상 심한 장애인(본인)※ 자세한 사항은 첨부파일 또는 홈페이지 참고","○ 부모(부와 모 모두) 또는 본인이 보은군에 주소를 두고 장학생 선발 공고일 기준 6개월 이상 계속하여 거주한 자○ 한부모 가정(사망/이혼)일 경우 부 또는 모가 6개월 이상(기준일) 계속 거주한 자","○ 보은군민장학회 심의·의결 후 발표※ 자세한 사항은 첨부파일 또는 홈페이지 참고","※ 기관확인필요","○ 2026년 상반기 충북인재양성재단 장학금 수령자 및 (재)보은군민장학회 중고생 성적 장학금 신청자는 중복 신청 불가※ 자세한 사항은 첨부파일 또는 홈페이지 참고","해당없음","○ 장학생 신청서○ 장학금 지급신청서○ 개인정보 수집·이용·제공 동의서○ 주민등록초본○ 재학증명서○ 수급자/ 차상위/ 한부모 가족 지원대상자/ 심한 장애 증명서○ 통장사본○ 행정정보공동이용 사전동의서※ 자세한 사항은 첨부파일 또는 홈페이지 참고","http://www.boeun.go.kr/","2026-06-22","2026-07-15"
"239 ","재단법인보은군민장학회","학교장추천장학금","지자체(출자출연기관)","장학금","특기자","과학고국제고마이스터고영재고예술고외국어고일반고체육고","1학년2학년3학년제한없음","해당없음","해당없음","○ 개인○ 1위 100만원○ 2위 70만원○ 3위 50만원○ 단체○ 1위 200만원○ 2위 150만원○ 3위 100만원","○ 고등학교 재학생○ 2025년도 국가기관에서 개최한 전국단위 예체능 분야 및 각종 기능경기대회에서 개인 또는 단체로 3위 이내 입상한 자","○ 부모 또는 본인이 보은군에 주소를 두고 공고일 기준 6개월월 이상 계속 거주한 자","○ 단체 종목은 관내 초중고 팀으로 출전한 경우로 하며 개인은 지급하지 않고 해당 단체에 지급함○ 단체 종목 출전자 중 개인상을 받은 경우 위 항의 기준을 적용하여 개인분야 선발※ 자세한 사항은 첨부파일 또는 홈페이지 참고","※ 기관확인필요","○ 개인/ 단체 중복신청 불가○ 2025년 보은군 체육진흥기금 체육유망선서 장학금과 중복신청 불가","○ 학교장 추천","○ 장학생 신청서○ 학교장의 장학생 추천서○ 장학금 지급 신청서○ 개인정보 수집이용제공 동의서○ 수상실적 등을 증명할 수 있는 서류○ 주민등록 초본 / 가족관계증명서○ 통장사본※ 자세한 사항은 첨부파일 또는 홈페이지 참고","http://www.boeun.go.kr/main.html","2025-12-01","2025-12-17"
"240 ","재단법인보은군민장학회","성적장학생","지자체(출자출연기관)","장학금","해당없음","과학고국제고마이스터고영재고예술고외국어고일반고자율고제한없음체육고","1학년2학년3학년제한없음","○ 성적이 재적학년의 100분의 30이내 해당자","해당없음","○ 50만원","※ 기관확인필요","○부모(부와 모 모두) 또는 본인이 보은군에 주소를 두고 장학생 선발 공고일(2026.6.18.) 기준 6개월 이상(2025.12.18. 이전부터) 계속하여 거주한 자","○ 서류접수","※ 기관확인필요","○ 2026년 상반기 충북인재양성재단 장학금 수령자 및 (재)보은군민장학회 중고생 복지 장학금 신청자는 중복 신청 불가","해당없음","○ 장학생 신청서 1부○ 장학금 지급신청서 1부○ 개인정보 수집·이용·제공 동의서 1부○ 주민등록초본 1부※ 자세한 사항은 첨부파일 또는 홈페이지 참고","http://www.boeun.go.kr/","2026-06-22","2026-07-15"
"241 ","영동군민장학회","성적우수장학금","지자체(출자출연기관)","장학금","지역연고","과학고국제고마이스터고영재고예술고외국어고일반고자율고제한없음체육고","1학년2학년3학년제한없음","○ 고등학교 3학년 : 성적순위가 직전학기 전 과목 석차등급이 평균 상위누적 34% 이내인 자○ 고등학교 1~2학년 : 성적순위가 직전학기 전 과목 석차등급이 평균 2등급 이내인 자 또는 전 과목 평균 상위누적 34% 이내인 자","해당없음","○ 50만원","○ 고등학교에 재학중인 학생","○ 장학생 신청일로부터 이전 6개월 이상 계속 영동군에 거주하고 있는 군민 또는 그 자녀(조손가정 포함)","○ 성적 100%","○ 300명","○ 중복 부문 신청 불가능○ 영동군민장학회 장학생으로 선발되어 재학 중 2회 이상 장학금 수혜자○ 당해연도에 도비 또는 군비로 지급하는 장학금을 받은 자※ 자세한 사항은 첨부파일 또는 홈페이지 참고","해당없음","※ 재학중인 학교로 신청○ 장학생 신청서○ 개인(신용)정보 수집·이용·제공 및 조회 동의서○ 주민등록등본○ 주민등록초본○ 가족관계증명서○ 건강보험납부확인서○ 직전학기 성적증명서○ 재학증명서※ 자세한 사항은 첨부파일 또는 홈페이지 참고","https://www.yd21.go.kr","2026-08-31","2026-09-18"
"242 ","영동군민장학회","우수졸업생장학금","지자체(출자출연기관)","장학금","지역연고","과학고국제고마이스터고영재고예술고외국어고일반고자율고제한없음체육고","3학년","해당없음","해당없음","○ 50만원","○ 내년도 졸업예정자로 학업성적이 우수하거나 품행이 단정하며 타 학생의 모범을 보이고 학교장 추천을 받은 학생※ 학교장 재량에 따라 1명 추천 (추천사유 명시)","○ 장학생 신청일로부터 이전 6개월 이상 계속 영동군에 거주하고 있는 군민 또는 그 자녀(조손가정 포함)","○ 학교장 재량에 따라 1명 추천","○ 5명","○ 중복 부문 신청 불가능○ 영동군민장학회 장학생으로 선발되어 재학 중 2회 이상 장학금 수혜자○ 당해연도에 도비 또는 군비로 지급하는 장학금을 받은 자※ 자세한 사항은 첨부파일 또는 홈페이지 참고","○ 학교장 추천","○ 장학생 신청서○ 개인(신용)정보 수집·이용·제공 및 조회 동의서○ 주민등록등본○ 주민등록초본※ 자세한 사항은 첨부파일 또는 홈페이지 참고","https://www.yd21.go.kr","2026-08-31","2026-09-18"
"243 ","영동군민장학회","희망장학금","지자체(출자출연기관)","장학금","지역연고","과학고국제고마이스터고영재고예술고외국어고일반고자율고제한없음체육고","1학년2학년3학년제한없음","해당없음","해당없음","○ 50만원","○ 장애인복지법에 따라 장애인으로 등록된 고등학생○ 북한이탈주민의 자녀 고등학생○ 다문화가정의 자녀 고등학생","○ 장학생 신청일로부터 이전 6개월 이상 계속 영동군에 거주하고 있는 군민 또는 그 자녀(조손가정 포함)","○ 성적 70% 건강보험료 30%","○ 장애인 : 10명○ 북한이탈주민자녀 : 5명○ 다문화가정 : 15명","○ 중복 부문 신청 불가능○ 영동군민장학회 장학생으로 선발되어 재학 중 2회 이상 장학금 수혜자○ 당해연도에 도비 또는 군비로 지급하는 장학금을 받은 자※ 자세한 사항은 첨부파일 또는 홈페이지 참고","해당없음","○ 장학생 신청서○ 개인(신용)정보 수집·이용·제공 및 조회 동의서○ 주민등록등본○ 주민등록초본○ 가족관계증명서○ 건강보험 납부확인서○ 직전학기 성적증명서○ 장애인등록증 사본 또는 장애인 증명서(해당자)○ 부모기준 혼인관계증명서 또는 기본증명서(해당자)※ 자세한 사항은 첨부파일 또는 홈페이지 참고","https://www.yd21.go.kr","2026-08-31","2026-09-18"
"244 ","영동군민장학회","특기생장학금","지자체(출자출연기관)","장학금","특기자","과학고국제고마이스터고영재고예술고외국어고일반고자율고제한없음체육고","1학년2학년3학년제한없음","해당없음","해당없음","○ 개인 : 인당 50만원○ 단체 : 인당 15만원","○ 공인된 예·체능(미술·음악·체육·기타 기능) 전국단위이상 대회(국제대회 제외)에서 개인 또는 단체로 출전하여 3위 이내 입상한 고등학생","○ 장학생 신청일로부터 이전 6개월 이상 계속 영동군에 거주하고 있는 군민 또는 그 자녀(조손가정 포함)","○ 개인 : 특기성적 70% 건강보험료 30%○ 단체 : 특기성적 70% 1년간 입상횟수 30%","○ 개인 : 5명 ○ 단체 : 400만원 한도(초·중·고 포함)","○ 중복 부문 신청 불가능○ 영동군민장학회 장학생으로 선발되어 재학 중 2회 이상 장학금 수혜자○ 당해연도에 도비 또는 군비로 지급하는 장학금을 받은 자○ 특기장학생(개인) 중 공인되지 않은 대회에서 입상한 자※ 자세한 사항은 첨부파일 또는 홈페이지 참고","해당없음","○ 장학생 신청서○ 개인(신용)정보 수집·이용·제공 및 조회 동의서○ 주민등록등본○ 주민등록초본○ 가족관계증명서(개인으로 지원할 경우만)○ 건강보험 납부확인서(개인으로 지원할 경우만)○ 특기성적증명서(상장 사본 등)※ 자세한 사항은 첨부파일 또는 홈페이지 참고","https://www.yd21.go.kr","2026-08-31","2026-09-18"
"245 ","영동군민장학회","난계국악장학금","지자체(출자출연기관)","장학금","지역연고","과학고국제고마이스터고영재고예술고외국어고일반고자율고제한없음체육고","1학년2학년3학년제한없음","해당없음","해당없음","○ 50만원","○ 국악관련 전공 고등학생○ 본인의 전공 또는 학과가 국악계열임을 증빙할 자료(생활기록부) 제출 필수","○ 장학생 신청일로부터 이전 6개월 이상 계속 영동군에 거주하고 있는 군민 또는 그 자녀 (조손가정 포함)","○ 성적 100%","○ 3명","○ 중복 부문 신청 불가능○ (재)영동군민장학회 장학생으로 선발되어 재학중 2회 이상 장학금을 받은 자○ 당해연도에 도비 또는 군비로 지급하는 장학금을 받은 자※ 자세한 사항은 첨부파일 또는 홈페이지 참고","해당없음","○ 장학생신청서○ 개인(신용)정보 수집·이용·제공 및 조회 동의서○ 주민등록등본○ 주민등록초본○ 가족관계증명서○ 직전학기 성적증명서○ 재학증명서○ 국악 관련 전공 명시된 재학증명서(생활기록부로 대체 가능)※ 자세한 사항은 첨부파일 또는 홈페이지 참고","https://www.yd21.go.kr","2026-08-31","2026-09-18"
"246 ","영동군민장학회","3자녀 이상 다자녀 장학금","지자체(출자출연기관)","장학금","해당없음","과학고국제고마이스터고영재고예술고외국어고일반고자율고제한없음체육고","1학년2학년3학년제한없음","해당없음","해당없음","○ 3자녀: 300만원○ 4자녀: 400만원○ 5자녀 이상: 500만원 ","○ 본인과 부모 모두 영동군에서 6개월 이상 주민등록을 둔 3자녀 이상 가정의 마지막 자녀○ 마지막 자녀가 관내 고등학교 재학 중인 경우 매년 지원","○ 장학생 신청일로부터 이전 6개월 이상 계속 영동군에 주소를 둔 군민 또는 그 자녀(조손가정 포함)","○ 서류심사※ 자세한 사항은 첨부파일 또는 홈페이지 참고","○ 3자녀: 215명○ 4자녀: 35명○ 5자녀 이상: 20명※ 초중고 인원 포함※ 자세한 사항은 첨부파일 또는 홈페이지 참고","○ (재)영동군민장학회 장학생으로 선발되어 재학 중 2회 이상 장학금을 받은 자※ 자세한 사항은 첨부파일 또는 홈페이지 참고","해당없음","○ 장학생 신청ㅇ서○ 개인(신용)정보 수집이용제공 및 조회 동의서○ 주민등록등본○ 주민등록초본○ 통장사본 및 서약서○ 가족관계증명서※ 자세한 사항은 첨부파일 또는 홈페이지 참고","https://ydjh.yd21.go.kr","2026-08-31","2026-09-18"
"247 ","재단법인 옥천군장학회","옥천인재장학생","지자체(출자출연기관)","장학금","지역연고","과학고국제고마이스터고영재고예술고외국어고일반고체육고","1학년2학년3학년","○ 예체능을 제외한 직전학기 성적 원점수 평균 70점 이상","○ 해당없음","○ 100만원","○ 관내 고등학교 재학 중인 자 또는 관내 중학교를 졸업하고 관외 고등학교에 재학중인 자○ 관할 교육청의 중학교 학구제에 따라 관외 중학교에 재학 중인 자","○ 공고일 현재 1년 이상 옥천군에 주소를 두고 계속 거주하고 있는 군민 또는 군민의 자녀","○ 학교성적 80% 소득수준(건강보험 고지금액) 20%○ 학교성적 : 예체능 제외한 직전학기 성적○ 동점자 : 관내학교 재학 및 졸업자 > 수급자 및 차상위계층 > 소득수준 > 성적","○ 30명","○ 당해연도 충북인재평생교육진흥원 및 옥천국이 출연한 기관이나 단체로부터 장학금을 받는 자○ 동일인에 대하여 초/중/고/대학교 재학 중 각 1회만 선발※ 자세한 사항은 첨부파일 또는 홈페이지 참고","해당없음","○ 장학생 신청서○ 개인정보 수집/이용/제공 및 조회 동의서○ 주민등록등본○ 성적증명서○ 건강보험 납부내역서 (또는 자격득실확인서)○ 관내중학교 졸업증명서(해당자)※ 자세한 사항은 첨부파일 또는 홈페이지 참고","https://ocjh.oc.go.kr","2026-04-20","2026-04-27"
"248 ","재단법인 옥천군장학회","희망장학생","지자체(출자출연기관)","장학금","지역연고","과학고국제고마이스터고영재고예술고외국어고일반고체육고","1학년2학년3학년","○ 해당없음","○ 수급자 / 한부모가정 / 차상위계층 / 장애학생 등 우선 순위","○ 50만원","○ 효행 및 선행 등 타의 모범이 되는 자○ 경제적 어려움에도 성적이 우수한 자※ 개별 신청 받지 않음 / 읍·면 추천에 의한 공문 발송","○ 공고일 현재 1년 이상 옥천군에 주소를 두고 계속 거주하고 있는 군민 또는 군민의 자녀","○ 이장협의회 의견수렴 추천 후 읍/면장 확인에 의함","○ 11명 (초/중/고등학생 포함)","○ 당해연도 충북인재평생교육진흥원 및 옥천국이 출연한 기관이나 단체로부터 장학금을 받는 자○ 동일인에 대하여 초/중/고/대학교 재학 중 각 1회만 선발※ 자세한 사항은 첨부파일 또는 홈페이지 참고","○ 읍면장추천","○ 희망 장학생 추천서○ 주민등록등본 ○ 개인정보 수집/이용/제공 및 조회 동의서○ 소득증빙서류(해당자)○ 기초생활수급자/한부모가정/차상위계층/장애인 증빙서류※ 자세한 사항은 첨부파일 또는 홈페이지 참고","https://ocjh.oc.go.kr","2026-04-20","2026-04-27"
"249 ","재단법인 옥천군장학회","점프장학생","지자체(출자출연기관)","장학금","지역연고","과학고국제고마이스터고영재고예술고외국어고일반고체육고","2학년3학년","○ 전년도 대비 석차가 재적인원의 15%이상 향상된 자","○ 해당없음","○ 30만원","○ 전년도 1학기 말 대비 2학기 말 석차가 재적인원의 15% 이상 향상 된 학생 중 학교장이 추천한 자 (향상 정도가 큰 학생 우선 선발)","○ 부모(보호자) 또는 본인이 옥천군에 주소를 두고 장학생 선발 공고일 현재 1년 이상 계속 거주한 자","※ 기관확인필요","○ 30명※ 자세한 사항은 첨부파일 또는 홈페이지 참고","○ 당해연도 충북인재평생교육진흥원에서 장학금을 지원 받은 자○ 당해연도 옥천군이 출연한 기관이나 단체로부터 장학금을 받은 자○ 동일인에 대하여 초/중/고/대 재학 중 각 1회만 선발","○ 학교장 추천에 의함","○ 점프장학생 학교장 추천서○ 주민등록등본 1부○ 성적증명서○ 가족관계증명서(해당자)※ 자세한 사항은 첨부파일 또는 홈페이지 참고","https://ocjh.oc.go.kr","2026-04-20","2026-04-27"
"250 ","재단법인 옥천군장학회","특기장학생","지자체(출자출연기관)","장학금","특기자","과학고국제고마이스터고영재고예술고외국어고일반고자율고제한없음체육고","1학년2학년3학년제한없음","해당없음","해당없음","○ 전국/ 국제/ 개인/ 단체/ 순위에 따른 차등 지급※ 자세한 사항은 첨부파일 또는 홈페이지 참고","○ 관내 고등학교 재학생 혹은 관내 중학교 졸업 후 관외 고등학교 재학생○ 국제/전국 단위 예체능 분야 및 각종 경시대회 입상한 개인 또는 단체","○ 공고일 현재 1년 이상 옥천군에 주소를 두고 계속 거주하고 있는 군민 또는 군민의 자녀","○ 학교장 추천※ 자세한 사항은 첨부파일 또는 홈페이지 참고","○ 30명 (초/중/고등학생 포함)","○ 당해연도 충북인재평생교육진흥원 및 옥천군이 출연한 기관이나 단체로부터 장학금을 받는 자○ 동일인에 대하여 초/중/고/대학교 재학 중 각 1회만 선발※ 자세한 사항은 첨부파일 또는 홈페이지 참고","○ 학교장 추천에 의한 공문 발송","○ 장학생 추천서○ 주민등록등본 (추가 가족관계증명서)○ 개인정보 수집/이용/제공 및 조회 동의서○ 대회 입상 증명서류※ 자세한 사항은 첨부파일 또는 홈페이지 참고","https://ocjh.oc.go.kr","2025-10-10","2025-10-17"
"251 ","재단법인 옥천군장학회","다자녀장학생","지자체(출자출연기관)","장학금","해당없음","과학고국제고마이스터고영재고예술고외국어고일반고자율고제한없음체육고","1학년2학년3학년제한없음","○ 해당없음","○ 해당없음","○ 50만원","○ 3자녀 이상 가정의 자녀 중 고등학교 재학 중인 학생 1명만 신청","○ 공고일 현재 부 또는 모와 학생이 옥천군에 1년 이상 주민등록을 둔 다자녀(3자녀 이상) 가정","※ 기관확인필요","○ 초중고 학생 490명 선발","○ 한 가정당 한 명만 지원 가능○ 타 단체 기관 재단 등의 장학금 신청 예정인 학생은 제외 대상이 될 수 있으므로 신청 전 여부를 꼭 확인※ 자세한 사항은 첨부파일 또는 홈페이지 참고","해당없음","○ 신청서○ 개인정보 동의서○ 가족관계증명서○ 주민등록등본○ 재학증명서○ 통장사본○ 장학금 지급 신청서○ 서약서※ 자세한 사항은 첨부파일 또는 홈페이지 참고","https://ocjh.oc.go.kr","2026-03-16","2026-03-20"
"252 ","(재)음성군장학회","성적우수장학생","지자체(출자출연기관)","장학금","지역연고","과학고국제고마이스터고영재고예술고외국어고일반고자율고제한없음체육고","1학년2학년3학년제한없음","○ (신입생) 중학교 내신석차 연명부 점수 280점 이상인 자○ (재학생) 직전학년 과목별 석차등급이 평균 3등급 이내인 자(예체능 과목 제외)※ 단 충북반도체고등학교의 경우 과목별 석차등급 평균 4등급 이내인 자","○ 해당없음","○ 90만원 (상/하반기 분할 지급)","○ 국내 고등학교 학생","○ 공고일 현재 1년 이상 음성군에 주민등록을 두고 계속 거주하는 군민 또는 군민의 자녀","○ (신입생) 중학교 내신 석차 연명부 점수○ (재학생) 석차등급별 등급점수 부여 후 이수단위까지 반영하여 산출된 교과점수로 평가○ 동점자의 경우 국어/수학/영어 순서로 석차등급이 높은 순으로 선발","○ 50명 (관내 30명/관외20명)※ 자세한 사항은 첨부파일 또는 홈페이지 참고","○ 명문고 특별장학생○ 2026년 음성군장학회 타 장학금을 수혜 받는 자는 중복신청 불가○ 2026년 졸업예정자※ 자세한 사항은 첨부파일 또는 홈페이지 참고","○ (관내고등학생) 학교별 배정 인원수에 따라 학교장 추천","○ 신청서○ 주민등록등본○ 통장사본 (본인 또는 학부모)○ 가족관계증명서 (해당자)○ 관외재학생 : 학교장 직인이나 담임인장이 날인된 생활기록부 사본 또는 성적증명서○ 신입생 : 석차연명부 사본 (음성군 관외 중학교 졸업자의 경우)※ 자세한 사항은 첨부파일 또는 홈페이지 참고","http://scholarship.eumseong.go.kr","2026-04-01","2026-04-24"
"253 ","(재)음성군장학회","JUMP장학생","지자체(출자출연기관)","장학금","지역연고","과학고국제고마이스터고영재고예술고외국어고일반고자율고제한없음체육고","2학년3학년","○ 2024년 1학기 말 대비 2024년 2학기 말 석차가 본인 석차의 15% 이상 향상된 학생","해당없음","○ 20만원","○ 자유학기제 시행으로 성적 산출이 어려운 경우 중 하위권 학생 중 자신의 꿈을 열정적으로 찾은 학생으로 추천○ 국내 고등학교 학생","○ 공고일 현재 1년 이상 음성군에 주민등록을 두고 계속 거주하는 군민 또는 군민의 자녀","※ 기관확인필요","○ 50명※ 자세한 사항은 첨부파일 또는 홈페이지 참고","○ 2025년 음성군장학회 타 장학금을 수혜 받는 자는 중복신청 불가○ 2025년 졸업예정자※ 자세한 사항은 첨부파일 또는 홈페이지 참고","○ 학교장 추천","○ 신청서○ 주민등록등본○ 통장사본(본인 또는 부모)○ 가족관계증명서(해당자)○ (관내학교) 학교장 추천서 공문으로 대체/성적증명 별도요청 예정○ (그 외 학교) 성적증명서※ 자세한 사항은 첨부파일 또는 홈페이지 참고","http://scholarship.eumseong.go.kr","2025-02-03","2025-02-28"
"254 ","(재)음성군장학회","특기장학생","지자체(출자출연기관)","장학금","특기자","과학고국제고마이스터고영재고예술고외국어고일반고자율고제한없음체육고","1학년2학년3학년제한없음","○ 해당없음","○ 해당없음","○ 90만원 (상/하반기 분할 지급)","○ 학술·예술·체육·기능 분야에서 탁월한 능력을 발휘하는 학생○ 공공기관 및 민간단체가 주최·주관한 전국규모 이상 대회에서 3위 이상 수상한 자○ 단체로 수상한 경우 학교장 추천을 받은 1명만 신청※ 수상실적 : 2025. 1. 1 ~ 2025. 12. 31(기간 외 수상실적 불인정)","○ 공고일 현재 1년 이상 음성군에 주민등록을 두고 계속 거주하는 군민 또는 군민의 자녀","○ 대회규모별 수상실적 순으로 평가※ 동급 수상의 경우 고학년 생일이 빠른 학생 우선 선발","○ 8명","○ 2025년 음성군 장학회 기능우수장학생으로 선발된 자○ 2026년 음성군장학회 타 장학금을 수혜 받는 자는 중복신청 불가○ 2026년 졸업예정자※ 자세한 사항은 첨부파일 또는 홈페이지 참고","○ 학교장 추천(단체수상자)","○ 신청서○ 주민등록등본○ 통장사본(본인 또는 부모)○ 상장사본○ 가족관계증명서(해당자)○ 학교장추천서(단체수상자)※ 자세한 사항은 첨부파일 또는 홈페이지 참고","https://scholarship.eumseong.go.kr","2026-04-01","2026-04-24"
"255 ","(재)음성군장학회","다문화장학생","지자체(출자출연기관)","장학금","기타","과학고국제고마이스터고영재고예술고외국어고일반고자율고제한없음체육고","1학년2학년3학년제한없음","○ 해당없음","○ 해당없음","○ 90만원 (상/하반기 분할 지급)","○ 다문화 가정 자녀 중 타의 모범이 되는 자","○ 공고일 현재 1년 이상 음성군에 주민등록을 두고 계속 거주하는 군민 또는 군민의 자녀","○ 학교장 추천 후 성적순 선발","○ 10명 (관내학교 9명/그 외 학교 1명)","○ 한 가정 당 최대 한 명만 선발○ 2026년 음성군장학회 타 장학금을 수혜 받는 자는 중복신청 불가○ 2026년 졸업예정자※ 자세한 사항은 첨부파일 또는 홈페이지 참고","○ 학교장 추천","○ 신청서○ 주민등록등본○ 통장사본(본인 또는 부모)○ 가족관계증명서○ 기본증명서○ 결혼이민자임을 증명하는 혼인증명서○ (관내학교) 학교장 추천서 공문으로 대체/성적증명 별도요청 예정○ (그 외 학교) 성적증명서※ 자세한 사항은 첨부파일 또는 홈페이지 참고","https://scholarship.eumseong.go.kr","2026-04-01","2026-04-24"
"256 ","(재)음성군장학회","희망(장애)장학생","지자체(출자출연기관)","장학금","장애인","과학고국제고마이스터고영재고예술고외국어고일반고자율고제한없음체육고","1학년2학년3학년제한없음","○ 해당없음","○ 해당없음","○ 90만원 (상/하반기 분할 지급)","○ 장애등록이 되어 있는 자로 타의 모범이 되는 자","○ 공고일 현재 1년 이상 음성군에 주민등록을 두고 계속 거주하는 군민 또는 군민의 자녀","○ 성적 50% (24년도 1~2학기) 소득수준 50%※ 동점자의 경우 장애등급이 높은 학생 우선 선발※ 자세한 사항은 첨부파일 또는 홈페이지 참고","○ 1명","○ 2026년 음성군장학회 타 장학금을 수혜 받는 자는 중복신청 불가○ 2026년 졸업예정자※ 자세한 사항은 첨부파일 또는 홈페이지 참고","○ 해당없음","○ 신청서○ 주민등록등본○ 통장사본(본인 또는 부모)○ 가족관계증명서(해당자)○ 장애인등록증 또는 장애인증명서○ 2025년 부모의 건강/장기요양보험 납부확인서 또는 자격득실확인서○ 생활기록부 사본 또는 성적증명서※ 자세한 사항은 첨부파일 또는 홈페이지 참고","https://scholarship.eumseong.go.kr","2026-04-01","2026-04-24"
"257 ","(재)음성군장학회","꿈드림장학생","지자체(출자출연기관)","장학금","지역연고","과학고국제고마이스터고영재고예술고외국어고일반고자율고제한없음체육고","1학년2학년3학년제한없음","○ 해당없음","○ 본인 또는 부모가 기초생활수급자/차상위계층/한부모가족지원대상자로 등록되어 있는 자","○ 90만원 (상/하반기 분할 지급)","○ 가정형편이 어렵고 불우한 환경의 우수 학생으로 타의 모범이 되는 자○ 학교 밖 청소년으로 음성군 학교밖청소년지원센터에 등록되어 있는 자 중 타의 모범이 되는 자","○ 공고일 현재 1년 이상 음성군에 주민등록을 두고 계속 거주하는 군민 또는 군민의 자녀","○ 성적순 선발※ 자세한 사항은 첨부파일 또는 홈페이지 참고","○ 관내학교 8명/그 외 학교 1명○ 음성군 학교밖청소년 6명(중·고 총합)","○ 한 가정 당 최대 한 명만 선발○ 2026년 음성군장학회 타 장학금을 수혜 받는 자는 중복신청 불가○ 2026년 졸업예정자※ 자세한 사항은 첨부파일 또는 홈페이지 참고","○ 관내 5개 고등학교에서 2명 이내 추천○ 학교 밖 청소년은 음성군 학교밖청소년지원센터에서 추천","○ 신청서○ 주민등록등본○ 통장사본(본인 또는 부모)○ 가족관계증명서(해당자)○ 기초생활수급자증명서/한부모가족증명서 또는 읍면에서 발급하는 차상위계층 증빙서류○ (관내학교) 학교장 추천서 공문으로 대체/성적증명 별도요청 예정○ (그 외 학교) 성적증명서※ 자세한 사항은 첨부파일 또는 홈페이지 참고","https://scholarship.eumseong.go.kr","2026-04-01","2026-04-24"
"258 ","(재)음성군장학회","다자녀장학금","지자체(출자출연기관)","장학금","지역연고","과학고국제고마이스터고영재고예술고외국어고일반고자율고제한없음체육고","1학년2학년3학년제한없음","○ 해당없음","○ 해당없음","○ 90만원 (상/하반기 분할 지급)","○ 자녀 3명 이상의 다자녀 가구 학생 중 타의 모범이 되는 자","○ 공고일 현재 1년 이상 음성군에 주민등록을 두고 계속 거주하는 군민 또는 군민의 자녀","○ 관내 5개 고등학교에서 4명 이내 추천받아 선발○ 그 외 학교 학생은 첨부파일 내 고교 성적우수자 평가기준 적용하여 선발 ","○ 21명 (관내학교 18명 / 그 외 학교 3명)","○ 한 가정 당 최대 한 명만 선발○ 2026년 음성군장학회 타 장학금을 수혜 받는 자는 중복신청 불가○ 2026년 졸업예정자※ 자세한 사항은 첨부파일 또는 홈페이지 참고","○ 학교장 추천","○ 신청서○ 주민등록등본○ 가족관계증명서○ 통장사본(본인 또는 부모)○ (관내학교) 학교장 추천서 공문으로 대체/성적증명 별도요청 예정○ (그 외 학교) 성적증명서※ 자세한 사항은 첨부파일 또는 홈페이지 참고","https://scholarship.eumseong.go.kr","2026-04-01","2026-04-24"
"259 ","제천시인재육성재단","특별장학생","지자체(출자출연기관)","장학금","지역연고","과학고국제고마이스터고영재고예술고외국어고일반고체육고","1학년2학년3학년제한없음","○ 해당없음","○ 해당없음","○ 200만원","○ 본인이 한수면·덕산면·수산면 해당 학구 중학교를 졸업하고 제천 관내 고등학교(청암학교 포함)에 재학하는 학생 중 제천시에 주소를 둔 학생※ 부모 보호자의 주소가 관내 지역이 아니라도 신청가능※ 수산면 능강리 상천리 하천리 서곡리에서 청풍중학교를 졸업한 학생도 지원 가능","○ 제천시에 주소를 둔 학생 (보호자의 주소가 관내가 아니라도 신청가능)※ 자세한 사항은 첨부파일 또는 홈페이지 참고","※ 기관확인필요","○ 5명","○ 해당없음","○ 학교장 추천","○ 중학교 졸업증명서 (신입생에 한함)○ 고등학교 재학증명서○ 학생 주민등록초본 (공고일 1개월 이전까지만 인정)※ 자세한 사항은 첨부파일 또는 홈페이지 참고","http://www.jcbrain.kr/","2026-03-13","2026-03-27"
"260 ","제천시인재육성재단","우수장학생","지자체(출자출연기관)","장학금","지역연고","과학고국제고마이스터고영재고외국어고일반고","1학년","○ 관내 고등학교 신입생(고1) 중 입학성적 우수자","○ 해당없음","○ 1등 : 200만원○ 2등 : 150만원○ 3등 : 100만원","○ 관내 고등학교 신입생 중 수석 및 우수입학생 (1~3등)","○ 관내 고등학교 재학생","※ 기관확인필요","○ 18명 ","○ 해당없음","○ 소속 학교장 추천","※ 기관확인필요","http://www.jcbrain.kr/","2026-03-13","2026-03-27"
"261 ","제천시인재육성재단","꿈나무장학생","지자체(출자출연기관)","장학금","지역연고","과학고국제고마이스터고영재고예술고외국어고일반고자율고제한없음체육고","1학년2학년3학년제한없음","○ 해당없음","○ 해당없음","○ 전국대회○ 개인 : 1등 70만원/ 2등 60만원/ 3등 50만원/ 4등 40만원/ 5등 30만원○ 단체 : 1등 150만원/ 2등 120만원/ 3등 100만원/ 4등 70만원 / 5등 50만원※ 도대회 입상자 및 다수 자격증 소지자의 경우 첨부파일 참조","○ 관내 고등학생으로 2025. 11. 1 ~ 2026. 2. 28 기간 중 학술/ 예술/ 체육/ 기능/ 봉사 및 기타분야에서 두각을 나타낸 학생 또는 단체(개인과 단체는 중복하여 선발하지 않음)","○ 관내 고등학교 재학생","○ 도단위 대회를 거쳐서 전국대회에서 입상(1~5등) 혹은 도대회에서 입상 (1~3등)한 학생 또는 단체일 시 별도의 심사 없이 증빙서 확인 및 자격조회 후 선정○ 봉사/ 선행/ 리더십 등 특정분야에서 전국적인 성과를 거양한 자일 경우 인재육성재단 이사회 심의에 거쳐 선정","○ 120명(초·중학교 선발인원 포함)","○ 해당없음","○ 학교장 추천","○ 장학생 추천서○ 실적을 증빙할 수 있는 서류※ 자세한 사항은 첨부파일 또는 홈페이지 참고","http://www.jcbrain.kr/","2026-03-13","2026-03-27"
"262 ","계룡시애향장학회","특기장학생","지자체(출자출연기관)","장학금","특기자","과학고마이스터고영재고예술고외국어고일반고체육고","1학년2학년3학년제한없음","해당없음","해당없음","○ 50만원","○ 품행이 단정하고 타의 모범이 되는 자○ 전국 규모 대회에서 3위 이내 입상한 학생 (예체능 및 인문/사회/과학/기술/기능 분야)○ 도단위 교육감 규모 대회에서 최고 상(1위) 입상자※ 자세한 사항은 첨부파일 또는 홈페이지 참고","○ 선발공고일 기준으로 1년 전부터 계속하여 계룡시에 주소를 두고 거주하는 주민 또는 주민의 자녀","※ 기관확인필요","○ 32명 (초/중/고등학생 포함인원)","※ 기관확인필요","○ 학교장 추천","○ 신청서○ 서약서○ 개인정보의 수집·이용에 관한 동의서○ 계룡시 1년이상 거주자 주민등록초본○ 학교장 추천서○ 대회 상장 사본※ 자세한 사항은 첨부파일 또는 홈페이지 참고","http://www.gyeryong.go.kr","2025-03-10","2025-03-12"
"263 ","계룡시애향장학회","모범장학생","지자체(출자출연기관)","장학금","지역연고","일반고","1학년2학년3학년제한없음","해당없음","해당없음","○ 50만원","○ 관내 학교 학생 중 바른 태도로 타의 모범이 되거나 가정형편이 어려운 학생※ 성적과 관계없으며 타 장학금과 중복 수혜 불가  ","○ 선발공고일 기준으로 1년 전부터 계속하여 계룡시에 주민등록 주소를 둔 주민 또는 주민의 자녀","※ 기관확인필요","○ 11명","○ 이전 계룡시애향장학생 선발자 또는 국외연수 수혜자 제외○ 재단 내 타 장학금과 중복수혜불가","○ 학교장 추천 필요","○ 장학금 신청서○ 서약서○ 개인정보의 수집 이용 동의서○ 주민등록초본○ 학교장 추천서※ 자세한 사항은 첨부파일 또는 홈페이지 참고","http://www.gyeryong.go.kr","2025-03-10","2025-03-12"
"264 ","공주시한마음장학회","장애인가정자녀 장학생","지자체(출자출연기관)","장학금","지역연고","과학고국제고마이스터고영재고예술고외국어고일반고자율고제한없음체육고","1학년2학년3학년제한없음","해당없음","해당없음","○ 80만원","○ 학생 또는 부모 중 한 사람이 등록장애인(심하지 않은 장애 심한 장애)의 저소득층 가정 학생","○ 관내 소재 초·중·고등학교 재학생 또는 졸업자○ 장학생 선발 공고일 기준 장학생 또는 장학생의 보호자(부모 조부모 외조부모 실양육자)가 공주시에 1년 이상 계속해서 주민등록을 둔 자","○ (재)공주시한마음장학회 운영세칙의 선발기준에 의거 (재)공주시한마음장학회 이사회에서 선발○ 장학생 선발명단은 공주시한마음장학회 홈페이지에 게시(개별통지 안함)※ 자세한 사항은 첨부파일 또는 홈페이지 참고","○ 10명","○ 학교에서 징계처분을 받거나 자퇴 등으로 더 이상 학업을 수행하지 않는 경우○ 추천권자 및 학교장으로부터 중지 요구가 있을 경우 ※ 자세한 사항은 첨부파일 또는 홈페이지 참고","○ 학교장(교사) 추천","○ 장학금 추천·신청서○ 개인정보 수집·이용·제공 및 조회 동의서○ 주민등록등본 또는 초본○ 재학증명서○ 가족관계증명서○ 통장사본○ 장애인 등록증 사본 또는 장애인 증명서※ 자세한 사항은 첨부파일 또는 홈페이지 참고","http://www.gongju.go.kr","2025-10-10","2025-10-24"
"265 ","공주시한마음장학회","이통장자녀장학생","지자체(출자출연기관)","장학금","지역연고","과학고국제고마이스터고영재고예술고외국어고일반고체육고","2학년3학년","○ 직전학기 과목별 석차 3등급 이내 과목이 50% 이상인 학생","○ 해당없음","○ 100만원","○ 이통장 자녀","○ 관내 소재 초·중·고등학교 재학생 또는 졸업자○ 장학생 선발 공고일 기준 장학생 또는 장학생의 보호자(부모/ 조부모/ 외조부모/ 실양육자)가 공주시에 1년 이상 계속해서 주민등록을 둔 자","○ (재)공주시한마음장학회 운영세칙의 선발기준에 의거 (재)공주시한마음장학회 이사회에서 선발","○ 10명","○ 학교에서 징계처분을 받거나 자퇴 등으로 더 이상 학업을 수행하지 않는 경우○ 추천권자 및 학교장으로부터 중지 요구가 있을 경우○ 분야별 중복신청 불가","○ 공주시 행정지원과 추천","○ 장학금 신청서○ 개인정보 수집/이용/제공 및 조회 동의서○ 주민등록등본○ 재학증명서○ 신청인 서약서○ 가족관계증명서○ 통장사본(보호자 통장 가능)○ 학교생활기록부※ 자세한 사항은 첨부파일 또는 홈페이지 참고","http://gjjanghak.org","2026-04-08","2026-04-28"
"266 ","공주시한마음장학회","다문화가정자녀장학생","지자체(출자출연기관)","장학금","지역연고","과학고국제고마이스터고영재고예술고외국어고일반고체육고","1학년2학년3학년제한없음","해당없음","해당없음","○ 80만원","○ 부모 중 한사람이 외국인인 가정의 자녀로 가정 형편이 어려운 품행이 바르고 행실의 타의 귀감이 되는 학생※ 자세한 사항은 첨부파일 또는 홈페이지 참고","○ 관내 소재 초중고등학교 재학생 또는 졸업자○ 장학생 선발 공고일 기준 장학생 또는 장학생의 보호자(부모 조부모 외조부모 실양육자)가 공주시에 1년 이상 계속해서 주민등록을 둔 자","○ (재)공주시한마음장학회 운영세칙의 선발기준에 의거 (재)공주시한마음장학회 이사회에서 선발○ 장학생 선발명단은 공주시한마음장학회 홈페이지에 게시※ 자세한 사항은 첨부파일 또는 홈페이지 참고","○ 20명","○ 학교에서 징계처분을 받거나 자퇴 등으로 더 이상 학업을 수행하지 않는 경우○ 추천권자 및 학교장으로부터 중지 요구가 있을 경우※ 자세한 사항은 첨부파일 또는 홈페이지 참고","○ 학교장(교사) 추천","○ 장학금 추천·신청서○ 개인정보 수집·이용·제공 및 조회 동의서○ 주민등록등본 또는 초본○ 재학증명서○ 가족관계증명서○ 통장사본○ 기본증명서(외국인) 또는 외국인등록증※ 자세한 사항은 첨부파일 또는 홈페이지 참고","http://www.gongju.go.kr","2025-10-10","2025-10-24"
"267 ","공주시한마음장학회","희망복지장학생","지자체(출자출연기관)","장학금","지역연고","과학고국제고마이스터고영재고예술고외국어고일반고체육고","해당없음","○ 해당없음","○ 국민기초 수급자/ 차상위 계층/ 저소득 한부모 가족 및 저소득 가정의 자녀","○ 180만원 (월 15만원12개월분)","○ 효/선행/봉사 등 타의모범이 되는 학업열의가 있는 학생","○ 관내 소재 초·중·고등학교 재학생○ 장학생 선발 공고일 기준 장학생 또는 장학생의 보호자(부모/ 조부모/ 외조부모/ 실양육자)가 공주시에 1년 이상 계속해서 주민등록을 둔 자","○ (재)공주시한마음장학회 운영세칙의 선발기준에 의거 (재)공주시한마음장학회 이사회에서 선발","○ 18명","○ 학교에서 징계처분을 받거나 자퇴 등으로 더 이상 학업을 수행하지 않는 경우○ 추천권자 및 학교장으로부터 중지 요구가 있을 경우○ 분야별 중복신청 불가","○ 읍면동장 추천","○ 장학금 신청서○ 개인정보 수집이용 제공 및 조회 동의서○ 신청인 서약서○ 주민등록 등본 또는 초본○ 가족관계증명서○ 재학증명서○ 통장사본(보호자 통장 가능)※ 자세한 사항은 첨부파일 또는 홈페이지 참고","http://gjjanghak.org","2026-04-08","2026-04-28"
"268 ","공주시한마음장학회","성적우수장학생","지자체(출자출연기관)","장학금","지역연고","과학고국제고마이스터고영재고외국어고일반고","해당없음","○ 직전 학기 과목별 석차가 3등급 이내 과목이 70% 이상인 학생또는 직전 전국연합학력평가 4개영역(국어 / 수학 / 영어 / 탐구) 중 3등급 이내 과목이 3개영역 이상인 학생","○ 해당없음","○ 80만원","○ 해당없음","○ 관내 소재 초·중·고등학교 재학생 또는 졸업자○ 장학생 선발 공고일 기준 장학생 또는 장학생의 보호자(부모/ 조부모/ 외조부모/ 실양육자)가 공주시에 1년 이상 계속해서 주민등록을 둔 자","○ (재)공주시한마음장학회 운영세칙의 선발기준에 의거 (재)공주시한마음장학회 이사회에서 선발○ 장학생 선발명단은 공주시한마음장학회 홈페이지에 게시(개별통지 안함)※ 자세한 사항은 첨부파일 또는 홈페이지 참고","○ 25명","○ 학교에서 징계처분을 받거나 자퇴 등으로 더 이상 학업을 수행하지 않는 경우추천권자 및 학교장으로부터 중지 요구가 있을 경우 ※ 자세한 사항은 첨부파일 또는 홈페이지 참고","○ 학교장(교사) 추천","○ 장학금 추천·신청서○주민등록등본 또는 초본○ 재학증명서○ 가족관계증명서○ 통장사본※ 자세한 사항은 첨부파일 또는 홈페이지 참고","http://www.gongju.go.kr","2026-04-08","2026-04-28"
"269 ","공주시한마음장학회","공주의인 장학금","지자체(출자출연기관)","장학금","해당없음","과학고국제고마이스터고영재고예술고외국어고일반고자율고제한없음체육고","1학년2학년3학년제한없음","※ 기관확인필요","해당없음","○ 80만원","○ 공주시 관내 고등학교 재학생○ 공고일(2025.10.2)기준 재학생○ 직무 외의 행위로 자신의 생명 또는 신체상의 위험을 무릅쓰고 급박한 위해에 처한 다른 사람의 생명 신체를 구하기 위한 직접적 적극적 행위를 한 자로 국가기관 지방자치단체 공공기관 등에서 감사패 표창 등을 수여받은 학생","○ 장학생 선발 공고일 기준 장학생 또는 장학생의 보호자(부모 조부모 외조부모 실양육자)가 공주시에 1년 이상 계속해서 주민등록을 둔 자 ","○ (재)공주시한마음장학회 시행세칙 선발기준에 의거 장학회 이사회에서 선발","○ 자격요건 해당대상 추천시 선발","○ 휴학생","○ 읍면동장 추천","○ 장학금 추천 신청서○ 개인정보 수집 이용 제공 및 조회 동의서○ 주민등록 등본 또는 초본○ 가족관계증명서○ 재학증명서○ 통장사본※ 자세한 사항은 첨부파일 또는 홈페이지 참고","http://www.gongju.go.kr","2025-10-10","2025-10-24"
"270 ","만세보령장학회","학업우수장학금","지자체(출자출연기관)","장학금","지역연고","일반고","1학년2학년3학년제한없음","○ 직전학년(1/2학기) 전과목 평균 70점 이상","해당없음","○ 50만원","○ 관내 고등학교 재학생","○ 신청 공고일 기준 현재 보령시에 3개월 전 보령시에 주민등록이 되어 있는 학생 (또는 부모의 자)","※ 기관확인필요","※ 기관확인필요","○ 타 장학금 수혜자","○ 학교장 추천","○ 만세보령장학금 신청서○ 개인정보 이용제공동의서○ 서약서○ 성적증명서○ 주민등록등본○ 국민기초생활수급자 증명서 (해당자)○ 북한이탈주민등록확인서 (해당자)※ 자세한 사항은 첨부파일 또는 홈페이지 참고","http://www.brscholarship.com","2026-03-24","2026-04-06"
"271 ","만세보령장학회","저소득층장학금","지자체(출자출연기관)","장학금","지역연고","과학고국제고마이스터고영재고예술고외국어고일반고체육고","1학년2학년3학년제한없음","○ 직전학년 전과목 평균 50점 이상","해당없음","○ 50만원","○ 관내 고등학교 재학생","○ 신청공고일 기준 현재 보령시에 3개월 전 보령시에 주민등록이 되어 있는 학생 (또는 부모의 자)","※ 기관확인필요","※ 기관확인필요","○ 타 장학금 수혜자","○ 학교장 추천","○ 만세보령장학금 신청서○ 개인정보 이용제공동의서○ 서약서○ 성적증명서○ 주민등록등본○ 국민기초생활수급자 증명서 (해당자)○ 북한이탈주민등록확인서 (해당자)※ 자세한 사항은 첨부파일 또는 홈페이지 참고","http://www.brscholarship.com","2026-03-24","2026-04-06"
"272 ","만세보령장학회","기능우수자장학금","지자체(출자출연기관)","장학금","지역연고","예술고체육고","1학년2학년3학년제한없음","해당없음","해당없음","○ 50만원","○ 체육/ 미술/ 음악/ 과학/ 문예/ 실업분야에서 전국규모의 대회에서 상위(3위/ 장려) 입상한자 또는 도내 대회에서 우승한자중 학교장이 추천하는 자○ 관내 고등학교 재학생※ 비공인 단체가 주최한 각종 대회 입상자는 제외","○ 신청공고일 기준 현재 보령시에 3개월 전 보령시에 주민등록이 되어 있는 학생 (또는 부모의 자)","※ 기관확인필요","※ 기관확인필요","○ 타 장학금 수혜자","○ 학교장 추천","○ 만세보령장학금 신청서○ 개인정보 이용제공동의서○ 서약서○ 성적증명서○ 주민등록등본○ 국민기초생활수급자 증명서 (해당자)○ 북한이탈주민등록확인서 (해당자)※ 자세한 사항은 첨부파일 또는 홈페이지 참고","http://www.boryeong.chungnam.kr","2026-03-24","2026-04-06"
"273 ","만세보령장학회","특수학교장학금","지자체(출자출연기관)","장학금","지역연고","과학고국제고마이스터고영재고예술고외국어고일반고자율고제한없음체육고","1학년2학년3학년제한없음","해당없음","해당없음","○ 50만원","○ 관내 고등학교 재학생○ 특수학교 평가내용이 우수한 자○ 체육/미술/음악 및 직업교육/정보화교육 분야에서 도 대회 및 전국 대회에서 상위 입상한 자 ○ 지역내 장애인식개선을 위한 봉사활동과 선행을 실천한 자","○ 신청공고일 기준 현재 보령시에 3개월 전 보령시에 주민등록이 되어 있는 학생","※ 기관확인필요","※ 기관확인필요","○ 타 장학금 수혜자","○ 특수학교장 추천","○ 만세보령장학금 신청서○ 개인정보 이용제공동의서○ 서약서○ 성적증명서○ 주민등록등본○ 국민기초생활수급자 증명서 (해당자)○ 북한이탈주민등록확인서 (해당자)※ 자세한 사항은 첨부파일 또는 홈페이지 참고","http://www.brscholarship.com","2026-03-24","2026-04-06"
"274 ","만세보령장학회","인재육성장학금","지자체(출자출연기관)","장학금","지역연고","과학고국제고마이스터고영재고예술고외국어고일반고체육고","1학년2학년3학년제한없음","○ 신입생 : 중학교 3학년 국/영/수 과목의 성취도가 모두 A인 학생이 관내 고등학교에 상위 2% 이내로 입학 시○ 재학생 : 24/25년도 인재육성장학생으로 선정된 학생 중 고등학교 1/2학년 주요 과목 성적이 평균등급 2등급 이내 유지한 학생","해당없음","○ 300만원","○ 관내 고등학교 재학생","○ 신청공고일 기준 현재 보령시에 3개월 전 보령시에 주민등록이 되어 있는 학생 (또는 부모의 자)","※ 기관확인필요","○ 20명","※ 기관확인필요","○ 학교장","○ 인재육성장학금 신청/추천서○ 개인정보 이용정보제공 동의서○ 서약서○ 성적증명서○ 주민등록등본※ 자세한 사항은 첨부파일 또는 홈페이지 참고","http://www.brscholarship.com","2026-03-24","2026-04-06"
"275 ","서산인재육성재단","학업우수장학생","지자체(출자출연기관)","장학금","지역연고","과학고국제고마이스터고영재고예술고외국어고일반고자율고제한없음체육고","1학년","○ 해당없음","○ 해당없음","○ 100만원","○ 관내 고등학교 입학생 중 중학교 학교생활기록부 우수한 자","○ 본인 또는 부모(보호자)가 서산시에 주소를 두고 공고일 현재 만 5년 이상 계속 거주하고 있는 시민 또는 시민의 자녀로 2026년도 관내고등학교 입학생","○ 고입 내신성적 산출기준(200점) : 교과성적(160점)/ 출결상황성적(14점)/ 창의적 체험활동성적(7점)/ 봉사활동상황성적(12점)/ 행동특성 및 종합의견 성적(7점)○ 서류 심사 후 면접","○ 6명","※ 기관확인필요","○ 학교장 추천","○ 장학생 신청서○ 주민등록등본(5년간의 주소 이력 포함)○ 고등학교 장학생 추천서※ 자세한 사항은 첨부파일 또는 홈페이지 참고","http://www.sinjae.org","2026-03-23","2026-04-03"
"276 ","서산인재육성재단","복지장학생","지자체(출자출연기관)","장학금","지역연고","과학고국제고마이스터고영재고예술고외국어고일반고자율고체육고","1학년","○ 해당없음","○ 국민기초생활보장수급자/차상위 자녀/한부모 자녀○ 기타 생활형편이 곤란한 자","○ 100만원","○ 경제적 생활이 어려운 학생으로서 성적이 우수한 자","○ 본인 또는 부모(보호자)가 서산시에 주소를 두고 공고일 현재 만 5년 이상 계속 거주하고 있는 시민 또는 시민의 자녀로 2026년도 관내고등학교 입학생","○ 서류 심사 후 면접※ 자세한 사항은 첨부파일 또는 홈페이지 참고","○ 3명","※ 기관확인필요","○ 해당없음","○ 장학생 신청서○ 주민등록등본(5년간의 주소 이력 포함)○ 국민기초생활수급자 증명서 (해당자)○ 한부모 가족증명서 (해당자)○ 차상위 본인부담경감대상증명서 (해당자)○ 기타 생활형편이 곤란하다고 인정될 만한 증명 서류※ 자세한 사항은 첨부파일 또는 홈페이지 참고","http://www.sinjae.org","2026-03-23","2026-04-03"
"277 ","서산인재육성재단","영재장학생","지자체(출자출연기관)","장학금","지역연고","과학고국제고마이스터고영재고예술고외국어고일반고자율고체육고","1학년","○ 해당없음","○ 해당없음","○ 100만원","○ 학술·예술·체육·기능분야에서 탁월한 능력을 발휘한 자로 공공기관 및 단체에서 주최·주관한 전국규모 이상 대회에서 입상한 자 또는 국가대표로 선발된 고등학생※ 자세한 사항은 첨부파일 또는 홈페이지 참고","○ 본인 또는 부모(보호자)가 서산시에 주소를 두고 공고일 현재 만 5년 이상 계속 거주하고 있는 시민 또는 시민의 자녀로 2026년도 관내고등학교 입학생","○ 서류 심사 후 면접○ 대회 규모별 수상 실적 순으로 평가","○ 1명","※ 기관확인필요","○ 학교장 추천","○ 장학생 신청서○ 주민등록등본(5년간 주소 이력 포함)○ 고등학교 영재장학생 추천서○ 수상 상장 및 실적 내역※ 자세한 사항은 첨부파일 또는 홈페이지 참고","http://www.sinjae.org","2026-03-23","2026-04-03"
"278 ","아산시미래장학회","희망 장학금","지자체(출자출연기관)","장학금","해당없음","과학고국제고마이스터고영재고예술고외국어고일반고자율고제한없음체육고","1학년2학년3학년제한없음","○ 해당없음","○ 해당없음","○ 150만원","○ 기초생활수급자/차상위계층/한부모가정/2026년 기준 중위소득 130% 이하(건강보험료 수준) 중 1가지 이상 해당하는 자","○ 공고일 기준 본인 또는 부모(보호자)가 3년(36개월)이상 계속하여 아산시에 주민등록이 되어 있고 거주하는 자○ 관내 학교 예외 : 학교 밖 청소년 및 북한이탈 주민 자녀","○ 1차 선발 : 제출한 구비서류 및 자격조건 등 적격여부 심사○ 2차 선발 : 선발 심사위원회 구성 후 심사(고등학생) 1차 서류검토 적정성 확인 및 최종 적격여부 확인","○ 60명","○ 공고일 기준 휴학 또는 학교의 징계를 받았거나 유학생/수료상태(졸업유예자 포함)인 자○ 2026년 본 장학회에서 장학 수혜를 받았거나 받을 예정인 자","○ 고등학생 : 학교장 추천으로 접수","○ 2026년 희망 장학금 신청서○ 개인정보 수집·이용·제공 및 조희 동의서○ 주민등록등본※ 자세한 사항은 첨부파일 또는 홈페이지 참고","http://asanmirae.or.kr/main/","2026-05-26","2026-06-12"
"279 ","춘향장학재단","우수(일반계특성화)","지자체(출자출연기관)","장학금","지역연고","일반고특성화고","1학년2학년3학년제한없음","○ 신입생(일반계고/특성화고) : 중학교 내신총점 (학교 석차백분율)○ 일반계고 280점 이상○ 특성화고 255점 이상○ 재학생(일반계고)○ 전년도 내신성적 평균 90점 이상※ 자세한 사항은 첨부파일 또는 홈페이지 참고","해당없음","○ 200만원 ~ 500만원※ 학교별/학년별 지원금액이 상이하므로 자세한 사항은 첨부파일 참고","○ 2026학년 기준 관내 일반계고/특성화고 재학생 및 진학예정자","○ 남원시 관내 학교 재학생 및 신입생","○ 성적 기준에 따라 성적순 선발","○ 52명 (신입생 18명/ 재학생 34명)","○ 지원부문을 달리하여 중복접수 불가○ 타 기관·단체에서 장학금을 지원받는 경우 중복지원 받은 사실 확인시 선발 제외 (관련법/조례/학교규정에 의한 선발자 예외)○ 학교장 추천시 타 장학금과 중복추천 제한※ 자세한 사항은 첨부파일 또는 홈페이지 참고","○ (일반계고 재학생) 학교장 추천 / 일괄접수","○ 장학생 지원신청서○ 개인정보제공동의 및 활용승낙서○ (신입생) ○ 중학교 3개년 전체 내신총점 성적증명서○ 중학교 졸업증명서○ 고등학교 입학예정 증명서○ (재학생) 2025년 내신 성적증명서※ 자세한 사항은 첨부파일 또는 홈페이지 참고","http://namwon.go.kr","2026-02-23","2026-02-27"
"280 ","춘향장학재단","우수(특기생)","지자체(출자출연기관)","장학금","특기자","예술고체육고특성화고","1학년2학년3학년제한없음","해당없음","해당없음","○ 200만원","○ 2026학년 기준 관내 특성화고 학생○ 전년도 도내대회 이상 입상자","○ 남원시 관내 학교 재학생 및 신입생","○ 국제 > 전국 > 도단위 > 시단위 대회성적순○ 1위 > 2위 > 3위 순","○ 28명","○ 지원부문을 달리하여 중복접수 불가○ 타 기관·단체에서 장학금을 지원받는 경우 중복지원 받은 사실 확인시 선발 제외 (관련법/조례/학교규정에 의한 선발자 예외)○ 학교장 추천시 타 장학금과 중복추천 제한※ 자세한 사항은 첨부파일 또는 홈페이지 참고","○ 학교장 추천 / 일괄접수","○ 장학생 지원신청서○ 개인정보제공동의 및 활용승낙서○ 각종대회 입상증명서○ 학교장 추천서○ 2025년 수상실적 및 포상 등 증빙서류 사본(상장 등)※ 자세한 사항은 첨부파일 또는 홈페이지 참고","http://namwon.go.kr","2026-02-23","2026-02-27"
"281 ","춘향장학재단","보람(일반계)","지자체(출자출연기관)","장학금","지역연고","일반고","1학년2학년3학년제한없음","○ 전년도 내신평균 85점 이상","해당없음","○ 100만원","○ 2026학년 기준 관내 일반계고 재학생 및 진학 예정자○ 중학교 졸입인정 검정고시 합격자 중 일반계고 진학 신입생 포함","○ 남원시 관내 학교 재학생 및 신입생","○ 전년도 내신성적 또는 검정고시 성적평균 50% + 가정형편 50%","○ 15명 (학년별 5명)","○ 지원부문을 달리하여 중복접수 불가○ 타 기관·단체에서 장학금을 지원받는 경우 중복지원 받은 사실 확인시 선발 제외 (관련법/조례/학교규정에 의한 선발자 예외)※ 자세한 사항은 첨부파일 또는 홈페이지 참고","해당없음","○ 장학생 지원신청서○ 개인정보제공동의 및 활용승낙서○ 부·모 주민등록등본○ 가족관계증명서(해당자)○ 2025년 부·모 건강/장기요양보험 납부확인서○ (신입생) ○ 2025년 내신 성적증명서(중학교 3학년 성적)○ 중학교 졸업증명서○ 고등학교 입학예정 증명서○ 중학교졸업 인정 검정고시 합격증/성적증명서(해당자)○ (재학생) 2025년 내신 성적증명서 ※ 자세한 사항은 첨부파일 또는 홈페이지 참고","http://namwon.go.kr","2026-02-23","2026-02-27"
"282 ","춘향장학재단","희망장학","지자체(출자출연기관)","장학금","지역연고","과학고국제고마이스터고영재고예술고외국어고일반고체육고특성화고","1학년2학년3학년제한없음","○ 전년도 내신 성적평균 또는 검정고시 성적평균 (성적순 선발)","○ 국민기초생활수급자 / 차상위계층","○ 100만원","○ 2026학년 기준 관내 일반계고/특성화고 재학생 및 진학 예정자○ 중학교 졸업인정 검정고시 합격자 중 일반계고 및 특성화고 진학 신입생 포함","○ 남원시 관내 학교 재학생 및 신입생","○ 성적순 선발","○ 15명 (학년별 5명)","○ 지원부문을 달리하여 중복접수 불가○ 타 기관·단체에서 장학금을 지원받는 경우 중복지원 받은 사실 확인시 선발 제외 (관련법/조례/학교규정에 의한 선발자 예외)※ 자세한 사항은 첨부파일 또는 홈페이지 참고","해당없음","○ 장학생 지원신청서○ 개인정보제공동의 및 활용승낙서○ 부·모 주민등록등본○ 국민기초생활보장수급자 또는 차상위계층 증명서○ (신입생) ○ 2025년 내신 성적증명서(중학교 3학년 성적)○ 중학교 졸업증명서○ 고등학교 입학예정 증명서○ 중학교졸업 인정 검정고시 합격증/성적증명서(해당자)○ (재학생) 2025년 내신 성적증명서※ 자세한 사항은 첨부파일 또는 홈페이지 참고","http://namwon.go.kr","2026-02-23","2026-02-27"
"283 ","춘향장학재단","남원의 별 특별장학생","지자체(출자출연기관)","장학금","해당없음","과학고국제고마이스터고영재고예술고외국어고일반고자율고제한없음체육고","1학년2학년3학년제한없음","○ 해당없음","○ 해당없음","○ 50만원 ~ 1천만원","○ 대회수상자○ 국가대표선발자※ 자세한 사항은 첨부파일 또는 홈페이지 참고","○ 수상 기준일 본인 또는 보호자가 남원시에 3년 이상 주민등록상 주소지를 두고 있는 자","○ 대상자 본인이 각 분야별 제출서류 및 증빙자료 첨부하여 접수○ 수상실적이 여러 건인 경우 대회 등급별 최고 성적으로 접수○ 춘향장학재단 운영위원회 심의를 통한 장학생 선정","○ 00명","○ 동일종목 및 동일수상실적으로 춘향인재장학금과 중복 지급 불가○ 동일 종목에 대하여는 동일 연도 중 1회만 신청할 수 있으며 개인전/개인단체전/단체전을 동시에 입상한 경우에는 복수 신청이 불가하며 입상 실적 중 최고 금액 1건만 지급※ 자세한 사항은 첨부파일 또는 홈페이지 참고","○ 해당없음","○ 남원의 별 특별장학금 지원 신청서○ 수상 증명 자료○ 대회 요강 자료※ 자세한 사항은 첨부파일 또는 홈페이지 참고","http://namwon.go.kr","2026-01-26","2026-12-31"
"284 ","익산사랑장학재단","일반장학생","지자체(출자출연기관)","장학금","지역연고","과학고국제고마이스터고영재고예술고외국어고일반고자율고제한없음체육고","1학년2학년3학년제한없음","○ 2026년 1학기 평균 점수 90점 이상","해당없음","○ 70만원","○ 고등학교 재학생○ 자원봉사 실적 필수","○ 공고일 기준 본인 또는 보호자(부·모 중 1인)의 주소가 1년 이상 익산시에 연속하여 두고 있는 자","○ 성적 70% / 생활정도 10% / 자원봉사 20%","○ 30명","○ 자원봉사 실적이 없는 학생은 장학금 신청 불가○ 1세대당 1인 신청 가능○ 1인 1분야만 신청가능○ 익산사랑 장학금 수혜 1회로 제한○ 다다익산 선발 장학생은 익산사랑 장학금 중복 수혜 불가※ 자세한 사항은 첨부파일 또는 홈페이지 참고","○ 학교장 추천","○ 장학생 지원서○ 개인정보 수집·이용 동의서○ 자원봉사 확인서류○ 주민등록등본○ 가족관계증명서○ 건강보험납부확인서○ 성적증명서※ 자세한 사항은 첨부파일 또는 홈페이지 참고","http://www.ilsaf.or.kr","2026-09-03","2026-09-09"
"285 ","익산사랑장학재단","특별장학생","지자체(출자출연기관)","장학금","지역연고","과학고국제고마이스터고영재고예술고외국어고일반고자율고제한없음체육고","1학년2학년3학년제한없음","○ 2026년 1학기 평균 점수 80점 이상","○ 국민기초생활수급자 / 차상위계층(부·모 또는 학생)○ 건강보험료 납부 금액(부·모 합산) 월 5만원 이하인 가구","○ 70만원","○ 고등학교 재학생○ 자원봉사 실적 필수","○ 공고일 기준 본인 또는 보호자(부·모 중 1인)의 주소가 1년 이상 익산시에 연속하여 두고 있는 자","○ 성적 20% / 생활정도 60% / 자원봉사 20%","○ 15명","○ 신청 및 접수는 1세대당 1명 제한○ 익산사랑장학재단 장학금 기수혜자 신청 불가○ 자원봉사 실적이 없는 학생은 장학금 신청 불가※ 자세한 사항은 첨부파일 또는 홈페이지 참고","○ 학교장 추천","○ 장학생 지원서○ 개인정보제공동의서○ 자원봉사활동 확인서○ 주민등록등본○ 가족관계증명서○ 생활정도를 확인 할 수 있는 서류○ 건강보험납부확인서(부/모) 각 1부○ 성적증명서※ 자세한 사항은 첨부파일 또는 홈페이지 참고","http://www.ilsaf.or.kr","2026-09-03","2026-09-09"
"286 ","익산사랑장학재단","다문화가정장학생","지자체(출자출연기관)","장학금","지역연고","과학고국제고마이스터고영재고예술고외국어고일반고자율고제한없음체육고","1학년2학년3학년제한없음","해당없음","해당없음","○ 70만원","○ 관내 거주 다문화 가정 고등학생○ 자원봉사 실적 필수","○ 공고일 기준 본인 또는 보호자(부·모 중 1인)의 주소가 1년 이상 익산시에 연속하여 두고 있는 자","○ 성적 40% / 생활정도 40% / 자원봉사 20%","○ 10명","○ 신청 및 접수는 1세대당 1명○ 익산사랑장학재단 장학금 기수혜자○ 자원봉사 실적이 없는 학생은 장학금 신청 불가※ 자세한 사항은 첨부파일 또는 홈페이지 참고","해당없음","○ 장학생 지원서○ 개인정보 수집·이용 동의서○ 자원봉사활동 확인서○ 주민등록초본○ 가족관계증명서○ 생활정도를 확인할 수 있는 서류○ 성적증명서○ 해당 부·모의 혼인관계증명서※ 자세한 사항은 첨부파일 또는 홈페이지 참고","http://www.ilsaf.or.kr","2026-09-03","2026-09-09"
"287 ","익산사랑장학재단","예체기능장학생","지자체(출자출연기관)","장학금","특기자","과학고국제고마이스터고영재고예술고외국어고일반고자율고제한없음체육고","1학년2학년3학년제한없음","해당없음","해당없음","○ 100만원","○ 전국대회 이상의 예체기능 경연·경기에서 수상한 고등학교 재학생○ 자원봉사 실적 필수※ 자세한 사항은 첨부파일 또는 홈페이지 참고","○ 공고일 기준 본인 또는 보호자(부·모 중 1인)의 주소가 1년 이상 익산시에 연속하여 두고 있는 자","○ 수상실적 80% / 생활정도 10% / 자원봉사 10%","○ 3명","○ 1세대 1명 선발○ 익산사랑장학재단 장학금 기수혜자 선발 제외○ 자원봉사 실적이 없는 학생은 장학금 신청 불가※ 자세한 사항은 첨부파일 또는 홈페이지 참고","해당없음","○ 장학생 지원서○ 개인정보 수집·이용 동의서○ 자원봉사활동 확인서○ 주민등록초본○ 가족관계증명서○ 생활정도를 확인할 수 있는 서류○ 입상실적증명서○ 대회상장 및 대회요강※ 자세한 사항은 첨부파일 또는 홈페이지 참고","http://www.ilsaf.or.kr","2026-09-03","2026-09-09"
"288 ","익산사랑장학재단","다자녀장학생","지자체(출자출연기관)","장학금","지역연고","과학고국제고마이스터고영재고예술고외국어고일반고자율고제한없음체육고","1학년2학년3학년제한없음","○ 2026년 1학기 평균 점수 80점 이상","해당없음","○ 70만원","○ 다자녀(3자녀 이상) 가정인 고등학교 재학생○ 자원봉사 실적 필수","○ 공고일 기준 본인 또는 보호자(부·모 중 1인)의 주소가 1년 이상 익산시에 연속하여 두고 있는 자","○ 성적 60% / 생활정도 20% / 자원봉사 20%","○ 30명","○ 신청 및 접수는 1세대당 1명○ 익산사랑장학재단 장학금 기 수혜자○ 자원봉사 실적이 없는 학생은 장학금 신청 불가※ 자세한 사항은 첨부파일 또는 홈페이지 참고","○ 학교장 추천","○ 장학생 지원서(추천서)○ 개인정보 수집·이용 동의서○ 자원봉사활동 확인서○ 주민등록등본○ 가족관계증명서○ 건강보험료 납부 확인서○ 성적증명서※ 자세한 사항은 첨부파일 또는 홈페이지 참고","http://www.ilsaf.or.kr","2026-09-03","2026-09-09"
"289 ","익산사랑장학재단","인성장학생","지자체(출자출연기관)","장학금","지역연고","과학고국제고마이스터고영재고예술고외국어고일반고자율고제한없음체육고","1학년2학년3학년제한없음","해당없음","해당없음","○ 70만원","○ 자원봉사 실적이 우수한 학생","○ 공고일 기준 본인 또는 보호자(부·모 중 1인)의 주소가 1년 이상 익산시에 연속하여 두고 있는 자","○ 자원봉사 실적 100%","○ 2명","○ 신청 및 접수 1세대당 1명○ 익산사랑장학재단 장학금 기수혜자※ 자세한 사항은 첨부파일 또는 홈페이지 참고","해당없음","○ 장학생 지원서○ 개인정보 수집·이용 동의서○ 자원봉사활동확인서○ 주민등록등본○ 가족관계증명서※ 자세한 사항은 첨부파일 또는 홈페이지 참고","http://www.ilsaf.or.kr","2026-09-03","2026-09-09"
"290 ","재단법인김제사랑장학재단","일반장학금","지자체(출자출연기관)","장학금","지역연고","과학고국제고마이스터고영재고예술고외국어고일반고자율고제한없음체육고특성화고","2학년3학년","○ 전년도 전국연합학력평가 성적[6~12월] 3회 평균 400점 이상자○ 특목고/ 특성화고는 직전학년 1·2학기 내신성적 평균 85점 이상자","해당없음","○ 100만원","○ 김제시 지역고등학교 2·3학년생으로서 전년도 전국연합학력평가 성적[6~12월] 3회 평균 400점 이상자○ 특목고/ 특성화고는 직전학년 1·2학기 내신성적 평균 85점 이상자","○ 장학생 선발 공고일 기준 김제시에 1년 이상 주소를 두고 거주하는 김제시민의 자녀","○ 성적 반영 100%※ 자세한 사항은 첨부파일 또는 홈페이지 참고","○ 신청자 수 및 지급예산을 감안하여 김제사랑장학생 선발심의위원회에서 정함","※ 기관확인필요","해당없음","○ 장학생 지원서○ 성적증명서○ 개인정보제공 동의 및 활용승낙서○ 주민등록등본/주민등록초본/가족관계증명서○ 통장사본○ 기타 심사 시 필요한 참고서류※ 자세한 사항은 첨부파일 또는 홈페이지 참고","https://www.gimjelove.kr","2026-04-06","2026-04-10"
"291 ","재단법인김제사랑장학재단","이·통장자녀장학금","지자체(출자출연기관)","장학금","지역연고","과학고국제고마이스터고영재고예술고외국어고일반고체육고","1학년2학년3학년","○ 직전 학년 1/2학기 평균 내신성적 70점 이상○ 예능/기능/체육 전년도 3위 이내 수상 이력력","해당없음","○ 100만원","○ 공고일 현재 이·통장으로 재직 중인 사람의 자녀로서 학업성적이 우수하거나 예능/ 기능/ 체육에 소질이 뛰어난 사람(이·통장 자녀의 출신학교는 지역 제한 없음)○ 이통장 경력: 공고일 기준 10년 이내 재직 경력력","○ 장학생 선발 공고일 기준 김제시에 1년 이상 주소를 두고 거주하는 김제시민의 자녀","○ 성적 또는 특기 40% / 이통장 경력 50% / 이통장 상훈 10% 반영※ 자세한 사항은 첨부파일 또는 홈페이지 참고","○ 신청자 수 및 지급예산을 감안하여 김제사랑장학생 선발심의위원회에서 정함","○ 고등학교 1학년 때 모두누리 진학격려금을 받은 경우 해당 금액을 차감하여 지급함○ 성적우수(상위 20% 이내) 격려금 수령자는 신청 대상에서 제외※ 자세한 사항은 첨부파일 또는 홈페이지 참고","해당없음","○ 장학생 지원서○ 개인정보제공 동의 및 활용승낙서○ 주민등록등본/주민등록초본/가족관계증명서○ 장학금 지급통장 사본○ 기타 심사 시 필요한 참고서류※ 자세한 사항은 첨부파일 또는 홈페이지 참고","http://www.gimjelove.kr","2026-04-06","2026-04-10"
"292 ","(재)부안군근농인재육성재단","대학비진학창업취업학원비 지원금","지자체(출자출연기관)","장학금","지역연고","과학고국제고마이스터고영재고예술고외국어고일반고자율고제한없음체육고","1학년2학년3학년제한없음","해당없음","해당없음","○ 학원비 최대 200만원 이내 지원","○ 국내 고등학교 졸업 또는 고등학교 동등 학력 취득 후 4년 이내 대학교 비진학자 중 창업 취업 준비생 또는 부안군에서 인정하는 영농후계절차를 이행한 자","○ 부안군 지역 고등학교 졸업자: 부모 모두 주소 1년 이상 연속 부안군 거주○ 그 외 지역 국내 고등학교 졸업자(동등학력 취득자): 부모 모두 주소 3년 이상 연속 부안군 거주","※ 기관확인필요","○ 00명","○ 대학 입학 이력이 있는 경우 제외○ 당해 연도 만40세 이상 연령자","해당없음","○ 장학생 신청서○ 개인정보제공동의 및 활용승낙서○ 통장사본○ 고등학교 졸업증명서(검정고시 합격증명서)○ 재학증명서○ 부 또는 모 가족관계증명서(상세)○ 부모 모두의 주민등록초본(최근 5년)○ 학원등록비 납입영수증(학원 수강생 확인증 포함) 또는 영농후계농 확인서○ 대학 비진학 확인서※ 자세한 사항은 첨부파일 또는 홈페이지 참고","https://www.buan.go.kr","2026-09-07","2026-10-02"
"293 ","재단법인 완주군인재육성재단","지역고교입학장학금","지자체(출자출연기관)","장학금","지역연고","과학고국제고마이스터고영재고예술고외국어고일반고체육고","1학년","○ 중학교 졸업 석차배분율 30.00% 이하","해당없음","○ 50만원×3회○ 관내 고교 입학 시 50만원 지급(2026년 1학년)○ 2~3학년 재학중 매년 50만원 지급※ 계속지급은 직전학년 내신성적 3등급 이내 유지자(9등급제 내신 성적기준) 직전학년 내신 성적 2.5등급 이내 유지자(5등급제 내신 성적기준)","○ 완주지역 중학교 졸업자 중 관내 고등학교 입학생","○ 2026년 1월 1일 기준일 포함 완주군에 2년 이상 주소를 둔 자 또는 그 자녀","○ 성적 100%","○ 00명※ 기관확인필요","○ 주소지기준에 충족한 자가 완주군 외로 주소지를 변경하였을 경우 지급정지○ 장학생이 정학·휴학·퇴학·졸업한 경우 지급정지○ 고등학생이 직전학년 성적 3등급 미만으로 하락하였을 경우 지급정지","해당없음","○ 장학생 신청서○ 개인정보 수집이용 동의서○ 주민등록 초본○ 가족관계증명서○ 석차연명부○ 재학증명서○ 청구서 · 서약서 · 통장사본○ 성적증명서(입학시 미신청자)※ 자세한 사항은 첨부파일 또는 홈페이지 참고","http://wanjuinjae.or.kr","2026-03-16","2026-03-31"
"294 ","재단법인 완주군인재육성재단","예체능장학금","지자체(출자출연기관)","장학금","특기자","과학고국제고마이스터고영재고예술고외국어고일반고자율고제한없음체육고","1학년2학년3학년제한없음","해당없음","해당없음","○ 전국·국제대회 3위이내자 100만원○ 국가대표·상비군 선발자 100만원","○ 개인 : 완주지역 고등학생 중 전국 대회 이상의 예체기능 경연·경기에서 수상(직전년도)한 자○ 단체 : 완주지역 소재 고등학교 중 2025년 국제대회 도는 전국대회에서 수상한 단체","○ 2026년 1월 1일 기준일 포함 완주군에 2년 이상 주소를 둔 자 또는 그 자녀","○ 수상실적 100%※ 기관확인필요","※ 기관확인필요","해당없음","해당없음","○ 장학생 지원서○ 장학생 추천서○ 재학증명서○ 주민등록등본○ 가족관계증명서○ 개인정보 제공 동의 및 활용승낙서○ 2025년 경기실적증명서○ 해당자 소득증빙서류(해당자)※ 자세한 사항은 첨부파일 또는 홈페이지 참고","http://wanjuinjae.or.kr","2026-03-16","2026-03-31"
"295 ","재단법인 완주군인재육성재단","지역고교재학장학금","지자체(출자출연기관)","장학금","해당없음","과학고국제고마이스터고영재고예술고외국어고일반고자율고제한없음체육고","1학년","○ 중학교 졸업 석차배분율 30.00%이하○ 1~2년 재학 중 내신 성적 9(5)등급기준 3(2.5)등급 이내자","해당없음","○ 50만원","○ 완주지역 중학교 졸업자 중 관내 고등학교 입학생 (입학시 미 신청자)","○ 26년 1월 1일 기준일 포함 완주군에 2년 이상 주소를 둔 자 또는 그 자녀","○ 성적 100% (가산점 존재)※ 자세한 사항은 첨부파일 또는 홈페이지 참고","○ 00명","해당없음","해당없음","○ 신청서○ 개인정보 수집 이용 동의서○ 주민등록 초본○ 가족관계증명서○ 성적증명서 (직전 학년 내신 성적)○ 재학증명서○ 석차연명부※ 자세한 사항은 첨부파일 또는 홈페이지 참고","www.wanjuinjae.or.kr","2026-03-16","2026-03-31"
"296 ","장수군애향교육진흥재단","특기장학금","지자체(출자출연기관)","장학금","지역연고","예술고체육고","해당없음","○ 해당없음","○ 해당없음","○ 단체○ 1위 300만원○ 2위 200만원○ 3위 150만원○ 개인  ○ 1위 100만원○ 2위 80만원○ 3위 70만원※ 자세한 사항은 첨부파일 또는 홈페이지 참고","○ 고등학교 재학생으로 직적년도 국가/ 지방자치단체/ 공공기관/ 분야별 협회가 주최 또는 주관 하는 도 단위 이상 대회에서 우수한 성적을 거둔 자로 재단 이사회의 심사를 거쳐 결정","○ 보호자가 장수군 관내에 주소를 두고 공고일 이전 2년이상 계속 거주","※ 기관확인필요","※ 기관확인필요","○ 대회성격/ 규모/ 선발방법 등을 고려하여 기타 특기 장학금을 지급하기에 부적정하다고 이사회에서 결정하는 경우에는 장학금 지급금액을 하향하거나 장학생으로 선발하지 않을 수 있으며 수상인원이 정해져 있지 않고 일정비율로 선정하는 경우에는 장학금 지급대상 대회에서 제외할 수 있음※ 자세한 사항은 첨부파일 또는 홈페이지 참고","○ 해당없음","○ 장학금 지원 신청서○ 재학증명서○ 보호자 주민등록 초본○ 가족관계증명서○ 개인정보 수집 및 조회 동의서○ 공공기관 주최 또는 주관하는 대회 입증서류 사본○ 입상관련 사본○ 대회요강※ 자세한 사항은 첨부파일 또는 홈페이지 참고","http://www.jangsu.go.kr","2026-03-30","2026-04-24"
"297 ","진안사랑장학재단","복지장학생","지자체(출자출연기관)","장학금","지역연고","과학고국제고마이스터고영재고예술고외국어고일반고자율고제한없음체육고","1학년2학년3학년제한없음","해당없음","○ 국민기초수급·차상위 계층·소년소녀가장·한부모가정·보호시설출신자·장애인 자녀 중 읍·면장의 확인을 받은 자","○ 50만원","○ 학교 성적이 우수하며 국민기초수급·차상위 계층·소년소녀가장·한부모가정·보호시설출신자·장애인 자녀 중 읍·면장의 확인을 받은 자○ 고등학교 재학생","○ 본인 또는 그의 보호자(부·모)가 2025.1.1.부터 진안군에 계속하여 주민등록이 되어있는 자","○ 별도 구분 접수하고 성적 배점기준표·가산점에 의해 순위 결정 후 재단 이사회에서 선정","○ 00명","○ 일반·특기·복지 장학생 중복 신청 불가","해당없음","○ 장학금 지원 신청서○ 개인정보 수집 및 활용 동의서○ 신청인 서약서○ 진안사랑장학재단 장학인의 다짐○ 주민등록초본○ 재학증명서○ 성적증명서○ 통장사본○ 기타 추가서류○ 복지증명서※ 자세한 사항은 첨부파일 또는 홈페이지 참고","https;//www.jinan.go.kr","2026-04-01","2026-04-30"
"298 ","진안사랑장학재단","특기장학생","지자체(출자출연기관)","장학금","특기자","과학고국제고마이스터고영재고예술고외국어고일반고자율고제한없음체육고","1학년2학년3학년제한없음","해당없음","해당없음","○ 100만원 (재학중 1회)","○ 음악·미술·체육·무용 등 예체능 분야에서 전년도 도대회 1위·전국대회 3위 이내 입상자로 관내 중 고등학교에 재학중인 자○ 진안교육지원청 지정 예체능 특기생 육성학교 내 신입생(학교 자체 선정)","○ 본인 또는 그의 보호자(부·모)가 2025.1.1.부터 진안군에 계속하여 주민등록이 되어있는 자","○ 성적 100점 + 가산점 최대 10점※ 가산점 : 다자녀 가정자녀 (5점) / 자원봉사활동 연 60시간 이상 (5점)※ 별도 구분 접수하고 성적 배점기준표·가산점(해당자)에 의해 순위 결정 후 재단 이사회에서 선정","○ 00명","○ 일반·특기·복지 장학생 중복 신청 불가","해당없음","○ 장학금 지원 신청서○ 개인정보 수집 및 활용 동의서○ 신청인 서약서○ 진안사랑장학재단 장학인의 다짐○ 주민등록초본○ 재학증명서○ 성적증명서○ 통장사본○ 기타 추가서류○ 특기실적증명서○ 진안교육지원청 지정 예체능 특기생 육성학교 내 신입생 명단 공문※ 자세한 사항은 첨부파일 또는 홈페이지 참고","http://www.jinan.go.kr","2026-04-01","2026-04-30"
"299 ","재단법인 전남인재평생교육진흥원","황경자장학금","지자체(출자출연기관)","장학금","지역연고","과학고국제고마이스터고영재고외국어고일반고","1학년2학년3학년제한없음","○ 해당없음","○ 해당없음","○ 100만원","○ 공고일 현재 소방공무원 근무경력 3년 이상인 사람으로서 순천소방서에서 1년 이상 근무하고 있는 사람의 자녀○ 성실하고 창의적인 자세로 솔선수범하고 타의 모범이 된 사람의 자녀○ 각종 평가에 우수한 성적으로 소방발전에 기여한 사람의 자녀○ 기타 화재/ 구조/ 구급 등 현장 활동을 통한 도민생명보호에 공헌한 사람의 자녀","○ 공고일 현재 보호자(부모 또는 후견인)와 학생 본인이 1년 이상 전라남도에 주소를 두고 있는 고등학생","○ 선발은 서류심사 후(신청요건/ 선정기준 등) 재단 장학위원회 선발","○ 1명","○ 장학금 중복 지원 및 선발 불가○ 동시 지원 시 선접수된 지원서만 심사○ 한 가구 내 신청자 1인만 심사○ 자퇴/ 퇴학 시 지원 중단되며 반납해야함※ 자세한 사항은 첨부파일 또는 홈페이지 참고","○ 순천소방서 추천","○ 장학금신청서○ 주민등록등본○ 가족관계증명서○ 재학증명서○ 개인정보 수집이용 및 제공조회 동의서○ 장학금 지급 통장사본※ 자세한 사항은 첨부파일 또는 홈페이지 참고","https://www.jntle.kr","2026-04-17","2026-05-15"
"300 ","재단법인 전남인재평생교육진흥원","녹색에너지장학금","지자체(출자출연기관)","장학금","지역연고","과학고국제고마이스터고영재고예술고외국어고일반고자율고제한없음체육고","1학년2학년3학년제한없음","○ 성적분야 : 직전학기 성적 평균 80점 이상","○ 소득분야  : 국민기초생활수급자/ 차상위계층 및 다문화가정의 자녀","○ 50만원","※ 기관확인필요","○ 공고일 기준 학생 본인 또는 보호자 (부 또는 모/후견인)가 1년 이상 전라남도에 주민등록 되어 있는 학생※ 대상시군 : 영광군/장성군/함평군/무안군","○ 소득분야 : 소득 평가 100%○ 성적분야 : 성적 평가 70%/소득 평가 30%※ 동점의 경우 저소득계층 우선","○ 76명","○ 진흥원에서 추진하는 사업에 선정되어 지원금을 받고 있는 경우(중복수혜 금지사업에 해당할 경우) 장학금에 중복하여 신청 및 선발 불가○ 동시 지원 시 선접수된 지원서만 심사○ 1가구 2명 이상이 선발대상자일 경우 1인만 선발(소득분야)○ 자퇴/퇴학 시 지원 중단되며 반납해야함※ 자세한 사항은 첨부파일 또는 홈페이지 참고","○ 해당없음","○ 장학금신청서○ 주민등록등본○ 가족관계증명서○ 재학증명서○ 개인정보 수집·이용 및 제공·조회 동의서○ 장학금 지급통장 사본○ 건강보험료 납부확인서 및 건강보험 자격확인서○ 직전학기 성적증명서(성적분야)○ 행정정보 공동이용 서비스○ 봉사활동확인서(가점)※ 자세한 사항은 첨부파일 또는 홈페이지 참고","https://www.jntle.kr","2026-04-17","2026-05-15"
"301 ","재단법인 전남인재평생교육진흥원","율촌현대장학생","지자체(출자출연기관)","장학금","지역연고","과학고국제고마이스터고영재고예술고외국어고일반고자율고제한없음체육고","1학년2학년3학년제한없음","○ 직전학기 성적 평균 80점 이상※ 자세한 사항은 첨부파일 또는 홈페이지 참고","○ 해당없음","○ 50만원","※ 기관확인필요","○ 공고일 기준 학생 본인 또는 보호자 (부 또는 모/후견인)가 1년 이상 전라남도에 주민등록 되어 있는 학생○ 대상시군: 여수시/순천시/광양시","○ 시·군 자체 심사 및 추천 후 장학위원회 심사 결정○ 소득평가 100%(동점의 경우 저소득계층 우선)","○ 30명","○ 진흥원에서 추진하는 사업에 선정되어 지원금을 받고 있는 경우(중복수혜 금지사업에 해당할 경우) 장학금에 중복하여 신청 및 선발 불가○ 동시 지원 시 선접수된 지원서만 심사○ 1가구 2명 이상이 선발대상자일 경우 1인만 선발○ 자퇴/퇴학 시 지원 중단되며 반납해야함※ 자세한 사항은 첨부파일 또는 홈페이지 참고","○ 시·군 추천","○ 장학금신청서○ 주민등록등본○ 가족관계증명서○ 재학증명서○ 개인정보 수집·이용 및 제공·조회 동의서○ 장학금 지급 통장사본○ 직전학기 성적증명서○ 건강보험료 납부확인서 및 건강보험 자격확인서○ 행정정보 공동이용 서비스○ 봉사활동 확인서(가점)※ 자세한 사항은 첨부파일 또는 홈페이지 참고","https://www.jntle.kr","2026-04-17","2026-05-15"
"302 ","재단법인 전남인재평생교육진흥원","5.18민주유공자녀장학","지자체(출자출연기관)","장학금","지역연고","과학고국제고마이스터고영재고예술고외국어고일반고자율고제한없음체육고","1학년2학년3학년제한없음","해당없음","○ 경제적으로 어려운 저소득 계층을 우선적으로 선정","○ 50만원","○ 5·18민주유공자예우에 관한 법률 시행령 제6조2에 따른 5·18민주유공자증 또는 5·18민주유공자 유족증 소지자 및 그 자녀","○ 공고일 기준 학생 본인 또는 보호자 (부 또는 모/후견인)가 1년 이상 전라남도에 주민등록 되어 있는 학생","○ 경제적으로 어려운 저소득 계층을 우선적으로 선정","○ 15명","해당없음","○ 5·18민주화운동부상자회/5·18민주유공자유족회/5·18민주화운동공로자회 추천","○ 장학금신청서○ 주민등록등본○ 가족관계증명서○ 재학증명서○ 개인정보 수집·이용 및 제공·조회 동의서 ○ 장학금 지급 통장 사본○ 5·18민주유공자 증명서※ 자세한 사항은 첨부파일 또는 홈페이지 참고","https://www.jntle.kr","2025-10-01","2025-10-31"
"303 ","재단법인 전남인재평생교육진흥원","중소기업근로자녀장학금","지자체(출자출연기관)","장학금","지역연고","과학고국제고마이스터고영재고예술고외국어고일반고자율고제한없음체육고","1학년2학년3학년제한없음","○ 직전학기 성적 평균 70점 이상","해당없음","○ 50만원","○ 상시근로자 수 5명 이상 관내 중소기업/동일 사업장에 1년 이상 재직한 근로자의 자녀로 고등학교 재학생","○ 공고일 현재 보호자 또는 학생 본인이 1년 이상 전라남도에 주소를 두고 있는 학생","○ 수상실적 30% 소득평가 50% 자녀수 20%※ 자세한 사항은 첨부파일 또는 홈페이지 참고","○ 10명","○ 타 장학금을 받았거나 2분의 1이상의 학비감면을 받은 자○ 진흥원에서 추진하는 사업에 선정되어 지원금을 받고 있는 경우(중복수혜 금지사업에 해당할 경우) 장학금에 중복하여 신청 및 선발 불가○ 동시 지원 시 선접수된 지원서만 심사○ 1가구 2명 이상이 선발대상자일 경우 1인만 선발○ 자퇴/퇴학 시 지원 중단되며 반납해야함","○ 전라남도(중소벤처기업과) 추천","○ 장학금신청서○ 주민등록등본○ 가족관계증명서○ 재학증명서○ 개인정보 수집·이용 및 제공·조회 동의서○ 장학금 지급 통장 사본○ 건강보험료 납부확인서 및 건강보험 자격확인서○ 수상증빙자료(상장 등)※ 자세한 사항은 첨부파일 또는 홈페이지 참고","https://www.jntle.kr","2025-10-01","2025-10-31"
"304 ","재단법인 전남인재평생교육진흥원","전남정착장학생(지역계고)","지자체(출자출연기관)","장학금","지역연고","특성화고","해당없음","○ 고등학교 2학년 성적 평균 80점 이상","○ 소득인정액 기준 중위소득 180% 이하","○ 100만원○ 2027.06.30.까지 전라남도 내 소재지 기업/기관 취업 시 50만원 추가지원","○ 전라남도 소재 특성화고/ 마이스터고/ 직업계고 3학년 재학생※ 교육부 특성화고/마이스터고 포털 조회 가능한 학교","○ 공고일 기준 학생 본인 또는 보호자가 1년 이상 전라남도에 주민등록 되어 있는 학생","○ 성적 50% / 소득 30% / 에세이 20% / 지역공헌활동(가점 10점)※ 동점의 경우 저소득계층 우선","○ 40명","○ 장학금 지원은 매년 1회로 제한하며 이중·허위 수혜자는 적발 시 장학금 회수 및 3년간 지원 제외※ 자세한 사항은 첨부파일 또는 홈페이지 참고","해당없음","○ 장학금신청서○ 주민등록등본○ 가족관계증명서○ 재학증명서○ 개인정보 수집·이용 및 제공·조회 동의서 ○ 신청인 서약서○ 장학금 지급통장 사본○ 에세이○ 직전학기 성적증명서○ 건강보험료 납부확인서 및 건강보험 자격확인서※ 자세한 사항은 첨부파일 또는 홈페이지 참고","https://www.jntle.kr","2026-04-17","2026-05-15"
"305 ","재단법인 전남인재평생교육진흥원","으뜸 인재 발굴대회 장학생","지자체(출자출연기관)","장학금","지역연고","과학고국제고마이스터고영재고예술고외국어고일반고자율고제한없음체육고","1학년2학년3학년제한없음","해당없음","해당없음","○ 연간 500만원(으뜸인재로 선정된 해부터 졸업 시까지)","○ 미래리더 : 인문사회·자연공학·공학·마이스터 등○ 예체능리더 : 국악/실용음악·무용/연기/영상·클래식·미술·체육 등※ 자세한 사항은 첨부파일 또는 홈페이지 참고","○ 공고일 기준 부·모 또는 본인이 전라남도에 주민등록을 두고 있는 자○ 전라남도 소재 중·고등학교에 재학 중인 학생","○ 서류심사 면접/실기심사※ 자세한 사항은 첨부파일 또는 홈페이지 참고","○ 60명(중학생·대학생 및 학교밖청소년 포함)","○ 전공분야 재능계발 포기시 지급중지 ○ 진흥원 타 장학금과 중복 지원 불가※ 자세한 사항은 첨부파일 또는 홈페이지 참고","○ 추천서 2부 이내 (필수1/선택1)○ 필수 : 담임교사·교과목교사·교감 등 선생님 추천서(학교장 확인필)○ 선택 : 지원자를 잘 알고 객관적으로 평가할 수 있는 다른 교사 및 코치 등 사회인사","○ 지원신청서○ 자기소개서○ 자기계발계획서○ 개인정보 수집·이용·제공 동의서○ 주민등록등본○ 가족관계증명서○ 재학증명서○ 심사자료(활동실적)○ 추천서※ 자세한 사항은 첨부파일 또는 홈페이지 참고","http://www.jntle.kr/main","2026-04-01","2026-05-08"
"306 ","재단법인 전남인재평생교육진흥원","취업장려 장학금","지자체(출자출연기관)","장학금","해당없음","마이스터고특성화고","3학년","○ 고등학교 2학년 성적 평균 80점 이상","○ 소득인정액 기준 중위소득 180% 이하","○ 100만원","○ (고등학생) 도내 특성화고/ 마이스터고/ 직업계고 교육부 특성화고·마이스터고 포털(하이파이브 www.hifive.go.kr) 조회 가능한 학교 3학년 재학생","○ 공고일 기준 학생 본인 또는 보호자(부 또는 모/ 후견인)가 1년 이상 전라남도에 주민등록 되어 있는 학생","○ 성적(50%) 소득(30%) 에세이(20%) 지역공헌활동(가점 10점) 평가(동점의 경우 저소득계층 우선)","○ 40명","○ 진흥원에서 추진하는 사업(전라남도 으뜸인재)에 선정되어 지원금을 받는 경우 지원제외○ 장학금 지원은 매년 1회로 제한(상·하반기 연속 신청* 불가)하며 이중·허위 수혜자는 적발 시 장학금 회수 및 3년간 지원제외※ 자세한 사항은 첨부파일 또는 홈페이지 참고","○ 해당없음","○ 주민등록등본 1부○ 재학증명서 1부○ 개인정보 수집 이용 및 제공 조회 동의서 1부○ 신청인 서약서○ 장학금 지급 통장 사본 1부※ 자세한 사항은 첨부파일 또는 홈페이지 참고","https://www.jntle.kr/main","2026-04-17","2026-05-15"
"307 ","재단법인 전남인재평생교육진흥원","전남한전 지역상생","지자체(출자출연기관)","장학금","해당없음","과학고국제고마이스터고영재고예술고외국어고일반고자율고제한없음체육고","1학년2학년3학년제한없음","해당없음","○ 소득인정액 기준 중위소득 180% 이하","○ 100만원","○ 공고일 기준 도내 고등학교 재학생","○ 공고일 기준 학생 본인 또는 보호자(부 또는 모 / 후견인)가 1년 이상 전라남도에 주민등록 되어 있는 학생","○ 1차 성적(50%) 소득(50%) 지역공헌활동(가점 10점) 평가 / 2차 면접(대학생) 평가","○ 22명","○ 장학금 지원은 매년 1회로 제한(상·하반기 연속 신청* 불가)하며 이중·허위 수혜자는 적발 시 장학금 회수 및 3년간 지원제외○ 진흥원에서 추진하는 사업(전라남도 으뜸인재)에 선정되어 지원금을 받는 경우 지원제외※ 자세한 사항은 첨부파일 또는 홈페이지 참고","해당없음","○ 장학금신청서 1부○ 주민등록등본 1부○ 가족관계증명서○ 재학증명서 1부○ 신청인 서약서○ 장학금 지급 통장 사본 1부※ 자세한 사항은 첨부파일 또는 홈페이지 참고","https://www.jntle.kr/main","2026-04-17","2026-05-15"
"308 ","재단법인 전남인재평생교육진흥원","전남한전KPS지역상생","지자체(출자출연기관)","장학금","해당없음","마이스터고","3학년","○ 해당없음","○ 소득인정액 기준 중위소득 180% 이하","○ 100만원","○ 공고일 기준 도내 특성화·마이스터고등학교 전기/ 기계/계측/원자력공학에 재학 중인 3학년","○ 공고일 기준 학생 본인 또는 보호자(부 또는 모 / 후견인)가 1년 이상 전라남도에 주민등록 되어 있는 학생","○ 1차 성적(70%) 소득(30%) 지역공헌활동(가점 10점) 평가/ 2차 면접(대학생) 평가","○ 27명","○ 장학금 지원은 매년 1회로 제한(상·하반기 연속 신청* 불가)하며 이중·허위 수혜자는 적발 시 장학금 회수 및 3년간 지원제외○ 진흥원에서 추진하는 사업(전라남도 으뜸인재)에 선정되어 지원금을 받는 경우 지원제외※ 자세한 사항은 첨부파일 또는 홈페이지 참고","해당없음","○ 장학금신청서 1부○ 가족관계증명서○ 주민등록등본 1부○ 재학증명서 1부○ 개인정보 수집 이용 및 제공 조회 동의서 1부○ 신청인 서약서○ 장학금 지급 통장 사본 1부※ 자세한 사항은 첨부파일 또는 홈페이지 참고","https://www.jntle.kr/main","2026-04-17","2026-05-15"
"309 ","재단법인 전남인재평생교육진흥원","전남전력거래소 지역상생 장학금","지자체(출자출연기관)","장학금","해당없음","과학고국제고마이스터고영재고예술고외국어고일반고자율고제한없음체육고","1학년2학년3학년제한없음","○ 직전학기 성적 평균 80점 이상","○ 소득인정액 기준 중위소득 180% 이하","○ 50만원※ 학업장려금(생활비 재능개발비 등 등록금 이외의 교육비)으로 이중수혜 가능","○ 공고일 기준 도내 고등학교 재학생","○ 공고일 기준 학생 본인 또는 보호자(부 또는 모 후견인)가 전라남도에 1년 이상 연속하여 주민등록이 되어 있는 학생","○ 성적(50%) 소득(50%) 지역공헌활동(가점 10점) 평가","○ 16명","※ 자세한 사항은 첨부파일 또는 홈페이지 참고","※ 자세한 사항은 첨부파일 또는 홈페이지 참고","○ 장학금 신청서○ 주민등록등본○ 가족관계증명서○ 재학증명서○ 개인정보 수집 이용 및 제공 조회 동의서○ 통장 사본※ 자세한 사항은 첨부파일 또는 홈페이지 참고","https://www.jntle.kr/main","2025-10-01","2025-10-31"
"310 ","재단법인장성장학회","성적우수장학","지자체(출자출연기관)","장학금","지역연고","과학고국제고마이스터고영재고외국어고일반고","1학년2학년3학년제한없음","○ 고등학교 재학생 및 대학교 신입생 중 직전학기 학업성적이 평균 80점 이상인 자","○ 학업성적은 우수하나 경제적 이유로 수학이 곤란한 자","○ 70만원","○ 장성군에 거주를 둔 자 또는 그 자녀로서 고등학교 재학생","○ 공고일 현재 본인 또는 보호자가 6개월 이상 장성군에 주소를 두고 있는 고등학교 재학생","○ 출신학교 5점/ 소득정도 35점/ 성적 60점","○ 30명","○ 타 장학금으로 등록금 전액이상의 수혜를 받고 있는 자○ 정규학기 초과자/ 국외대학생/ 타장학금 수혜자※ 자세한 사항은 첨부파일 또는 홈페이지 참고","○ 학교장 발행 추천서 제출","○ 장학금 신청서○ 학교장 발행 추천서○ 신청인서약서○ 주민등록등본○ 가족관계증명서○ 재학증명서○ 건강보험료납부확인서○ 개인정보 수집·이용 및 제3자 제공 동의서○ 고교졸업증명서○ 직전학기 성적증명서※ 자세한 사항은 첨부파일 또는 홈페이지 참고","http://www.jangseong.go.kr/","2026-03-20","2026-04-17"
"311 ","재단법인장성장학회","예능특기","지자체(출자출연기관)","장학금","특기자","예술고체육고","1학년2학년3학년제한없음","○ 해당없음","○ 해당없음","○ 70만원","○ 체육·예술·기능 분야에 재능이 뛰어나 도 단위 이상의 대회에서 입상한 실적이 있는 자","○ 공고일 현재 본인 또는 보호자가 6개월 이상 장성군에 주소를 두고 있는 고등학교 재학생","※ 기관확인필요","○ 8명","○ 타 장학금으로 등록금 전액이상의 수혜를 받고 있는 자○ 정규학기 초과자/ 국외대학 학생/ 타장학금 수혜자※ 자세한 사항은 첨부파일 또는 홈페이지 참고","○ 학교장 발행 추천서 제출","○ 장학금 신청서○ 학교장 발행 추천서○ 신청인서약서○ 주민등록등본○ 가족관계증명서○ 재학증명서○ 건강보험료납부확인서○ 개인정보 수집·이용 및 제3자 제공 동의서○ 고교졸업증명서○ 직전학기 성적증명서○ 예체능 : 특기자 증명서※ 자세한 사항은 첨부파일 또는 홈페이지 참고","http://www.jangseong.go.kr/","2026-03-20","2026-04-17"
"312 ","재단법인장성장학회","복지","지자체(출자출연기관)","장학금","지역연고","과학고국제고마이스터고영재고예술고외국어고일반고체육고","1학년2학년3학년제한없음","○ 해당없음","○ 해당없음","○ 70만원","○ 생활형편이 어려운 가정의 자녀(중위소득 100%이하)","○ 공고일 현재 본인 또는 보호자가 6개월 이상 장성군에 주소를 두고 있는 고등학교 재학생","○ 출신학교 5점/ 소득정도 95점/ 가점 10점 (기초생활수급자 등)","○ 40명","○ 타 장학금으로 등록금 전액이상의 수혜를 받고 있는 자○ 정규학기 초과자/ 국외대학 학생/ 타장학금 수혜자※ 자세한 사항은 첨부파일 또는 홈페이지 참고","○ 학교장 발행 추천서 제출","○ 장학금 신청서○ 학교장 발행 추천서○ 신청인서약서○ 주민등록등본○ 가족관계증명서○ 재학증명서○ 건강보험료납부확인서○ 개인정보 수집·이용 및 제3자 제공 동의서○ 고교졸업증명서○ 직전학기 성적증명서○ 복지 : 저소득 증명서류 택1  국민기초생활수급자증명서/ 차상위증명서/ 한부모증명서/ 장애인증명서/ 다문화증명서 중 택1※ 자세한 사항은 첨부파일 또는 홈페이지 참고","http://www.jangseong.go.kr/","2026-03-20","2026-04-17"
"313 ","재단법인장성장학회","다자녀","지자체(출자출연기관)","장학금","지역연고","과학고국제고마이스터고영재고예술고외국어고일반고체육고","1학년2학년3학년제한없음","○ 해당없음","○ 해당없음","○ 70만원","○ 자녀수가 3명 이상인 다자녀 가정의 자녀(단 상위학교 재학생 1명에 대해서만 지급)","○ 공고일 현재 본인 또는 보호자가 6개월 이상 장성군에 주소를 두고 있는 고등학교 재학생","○ 출신학교 5점/ 소득정도 55점/ 자녀수 40점","○ 50명","○ 타 장학금으로 등록금 전액이상의 수혜를 받고 있는 자○ 정규학기 초과자/ 국외대학 학생/ 타장학금 수혜자※ 자세한 사항은 첨부파일 또는 홈페이지 참고","○ 학교장 발행 추천서 제출","○ 장학금 신청서○ 학교장 발행 추천서○ 신청인서약서○ 주민등록등본○ 가족관계증명서○ 재학증명서○ 건강보험료납부확인서○ 개인정보 수집·이용 및 제3자 제공 동의서○ 고교졸업증명서○ 직전학기 성적증명서○ 다자녀 : 형제자매의 휴학증명서 및 졸업증명서※ 자세한 사항은 첨부파일 또는 홈페이지 참고","http://www.jangseong.go.kr/","2026-03-20","2026-04-17"
"314 ","재단법인나주교육진흥재단","고교신입생 인재장학금","기타","장학금","지역연고","영재고일반고","1학년","○ 내신 성적 5% 이내 학생","해당없음","※ 자세한 사항은 첨부파일 또는 홈페이지 참고","○ 관내/외 중학교 졸업 예정자 중 관내 고등학교에 진학한 우수한 학생(단 특목고는 관내 출신으로 제한)","해당없음","○ 각 고등학교에서 대상 학생 전체 추천 및 접수","○ 1등급 : 7명2등급 : 14명3등급 : 23명등급외 : 4명","○ 본 재단 장학금 1회 이상 수혜자 및 타 장학금 수혜대상자 제외○ 당해년도 재학 중 변동사항(자퇴/ 관외지역 전학/ 무기정학/ 퇴학)이 있을 경우 반환※ 자세한 사항은 첨부파일 또는 홈페이지 참고","○ 각 학교 추천 필요","○ 장학금 지급 신청서○ 고입 내신성적 산출프로그램 백분율 산출대장○ 재학 증명서 (특목고 학생은 중학교 졸업 증명서)○ 기초생활수급자 또는 차상위계층 증명서(대상자)※ 자세한 사항은 첨부파일 또는 홈페이지 참고","http://njed.jne.go.kr","2025-02-26","2025-03-12"
"315 ","재단법인 목포인재육성재단","희망장학생(저소득)","지자체(출자출연기관)","장학금","지역연고","과학고국제고마이스터고영재고예술고외국어고일반고체육고","1학년2학년3학년제한없음","해당없음","해당없음","○ 50만원","※ 기관확인필요","○ 공고일 현재 본인 및 보호자가 목포시 내에 1년 이상 주소를 두고 목포시 소재 고등학교에 재학 중인 자","○ 건강보험료 100%","○ 14명","○ 2026년 전남인재평생교육진흥원 등 타 장학금 수령자○ 선발 전형에 상관없이 1가구 1명 선발 원칙","해당없음","○ 목포장학재단 장학금 신청서○ 신청인 서약서○ 개인정보수집·이용 및 제공·조회 동의서○ 주민등록등본○ 가족관계증명서○ 건강보험 자격확인서 및 건강보험료 납부확인서○ 재학증명서○ 통장사본※ 자세한 사항은 첨부파일 또는 홈페이지 참고","http://www.mokposaf.com/","2026-05-26","2026-06-12"
"316 ","(재)무안군승달장학회","성적우수장학금","지자체(출자출연기관)","장학금","지역연고","과학고국제고마이스터고영재고외국어고일반고","1학년2학년3학년제한없음","○ 2026년 1학기 평균성적이 교내 상위 20% 이내인 자","해당없음","○ 50만원","○ 고등학교에 입학하였거나 재학 중인 자","○ 공고일 현재 부모가 무안군에 주소를 두고 1년 이상 계속 거주하거나 부모 중 한 사람이 무안군에 주소를 두고 5년 이상 계속 거주한 군민의 자녀 (보호자(부/모)가 사망한 경우 학생 본인의 주소 확인)","○ 성적 70% 재산 30% 동점자 발생 시 성적우수자 우선 선발","○ 군 18명 / 시(광역시) 5명","○ 1명당 지원 분야 1개만 신청○ 2025년 하반기/2026년 상반기 승달장학금 수혜자○ 외국 소재 학교 재학생○ [초·중등교육법] 제2조에 해당하지 아니한 고등학교에 재학 중인 학생○ 학생 본인이 소득자(직장/사업자)인 경우 (파트타임 제외)※ 자세한 사항은 첨부파일 또는 홈페이지 참고","해당없음","○ 장학금 지원신청서○ 개인정보 수집·이용 및 제3자 제공·조회 동의서(학생/부모 각각)○ 주민등록등·초본(주소이력 포함)○ 가족관계증명서○ 건강보험료 납부확인서(2025.07.~2026.06.)○ 건강보험자격확인서 및 건강보험자격득실확인서○ 지방세 세목별 과세증명서(2025.07.~2026.06.)○ 성적증명서※ 자세한 사항은 첨부파일 또는 홈페이지 참고","http://www.muan.go.kr","2026-08-31","2026-09-11"
"317 ","(재)무안군승달장학회","저소득장학금","지자체(출자출연기관)","장학금","지역연고","과학고국제고마이스터고영재고외국어고일반고","해당없음","○ 직전학기(2026년 1학기) 평균성적 7등급 이상인 재학생 (5등급제 적용 고등학생은 평균성적 4등급 이상인 재학생)","○ 국민기초생활수급권자 / 장애연금·장애수당 수급자 / 한부모가족 / 차상위본인부담 경감대상자","○ 50만원","※ 기관확인필요","○ 공고일 현재 부모가 무안군에 주소를 두고 1년 이상 계속 거주하거나 부모 중 한 사람이 무안군에 주소를 두고 5년 이상 계속 거주한 군민의 자녀 (보호자(부/모)가 사망한 경우 학생 본인의 주소 확인)","○ 성적 70% 재산 30% 동점자 발생 시 성적우수자 우선 선발","○ 10명","○ 1명당 지원 분야 1개만 신청○ 2025년 하반기/2026년 상반기 승달장학금 수혜자○ 외국 소재 학교 재학생○ [초·중등교육법] 제2조에 해당하지 아니한 고등학교에 재학 중인 학생○ 학생 본인이 소득자(직장/사업자)인 경우 (파트타임 제외)※ 자세한 사항은 첨부파일 또는 홈페이지 참고","해당없음","○ 장학금 지원신청서○ 개인정보 수집·이용 및 제3자 제공·조회 동의서(학생/부모 각각)○ 주민등록등·초본(주소이력 포함)○ 가족관계증명서○ 건강보험료 납부확인서(2025.07.~2026.06.)○ 건강보험자격확인서 및 건강보험자격득실확인서○ 지방세 세목별 과세증명서(2025.07.~2026.06.)○ 성적증명서○ 저소득 증명서류※ 자세한 사항은 첨부파일 또는 홈페이지 참고","http://www.muan.go.kr","2026-08-31","2026-09-11"
"318 ","(재)무안군승달장학회","다자녀장학금","지자체(출자출연기관)","장학금","지역연고","과학고국제고마이스터고영재고외국어고일반고","1학년2학년3학년제한없음","해당없음","해당없음","○ 50만원","○ 고등학교에 입학하였거나 재학 중인 자로서 다자녀 가구(본인 포함 형제자매 3명 이상)","○ 공고일 현재 부모 모두 무안군에 주소를 두고 1년 이상 계속 거주하거나 부모 중 한 사람이 무안군에 주소를 두고 5년 이상 계속 거주한 군민의 자녀 (보호자(부/모)가 사망한 경우 학생 본인의 주소 확인)","○ 자녀수 50% / 생활정도 50%(재산세+건강보험료 납부액)※ 동정 시 다자녀 수 / 건강보험료 납부액(소득) 순으로 순위 결정※ 자세한 사항은 첨부파일 또는 홈페이지 참고","○ 13명","○ 최근 1년간 수혜가정○ 1명당 지원 분야 1개만 신청○ 2025년 하반기/2026년 상반기 승달장학금 수혜자○ 외국 소재 학교 재학생○ [초·중등교육법] 제2조에 해당하지 아니한 고등학교에 재학 중인 학생○ 학생 본인이 소득자(직장/사업자)인 경우 (파트타임 제외)※ 자세한 사항은 첨부파일 또는 홈페이지 참고","해당없음","○ 장학금 지원신청서○ 개인정보 수집·이용 및 제3자 제공·조회 동의서(학생/부모 각각)○ 주민등록등·초본(주소이력 포함)○ 가족관계증명서○ 건강보험료 납부확인서(2025.07.~2026.06.)○ 건강보험자격확인서 및 건강보험자격득실확인서○ 지방세 세목별 과세증명서(2025.07.~2026.06.)※ 자세한 사항은 첨부파일 또는 홈페이지 참고","http://www.muan.go.kr","2026-08-31","2026-09-11"
"319 ","(재)무안군승달장학회","우수학생장학금","지자체(출자출연기관)","장학금","지역연고","과학고국제고마이스터고영재고예술고외국어고일반고자율고제한없음체육고","1학년2학년3학년제한없음","해당없음","해당없음","○ 50만원","○ 학업성적이 우수하고 품행이 단정하여 모범이 되는 관내 고등학교 재학생 중 학교장이 추천한 자","○ 공고일 현재 부모가 무안군에 주소를 두고 1년 이상 계속 거주하거나 부모 중 한 사람이 무안군에 주소를 두고 5년 이상 계속 거주한 군민의 자녀 (보호자(부/모)가 사망한 경우 학생 본인의 주소 확인)","○ 성적 70% 재산 30% 동점자 발생 시 성적우수자 우선 선발","○ 8명","○ 1명당 지원 분야 1개만 신청○ 2025년 하반기/2026년 상반기 승달장학금 수혜자○ 외국 소재 학교 재학생○ [초·중등교육법] 제2조에 해당하지 아니한 고등학교에 재학 중인 학생○ 학생 본인이 소득자(직장/사업자)인 경우 (파트타임 제외)※ 자세한 사항은 첨부파일 또는 홈페이지 참고","○ 관내 고등학교장 추천","○ 장학금 지원신청서○ 개인정보 수집·이용 및 제3자 제공·조회 동의서(학생/부모 각각)○ 주민등록등 초본(주소이력 포함)○ 가족관계증명서○ 건강보험료 납부확인서(2025.01.~12.)○ 건강보험 자격확인(통보)서○ 지방세 세목별 과세증명서(2025.01.~12.)○ 재학증명서○ 성적증명서※ 자세한 사항은 첨부파일 또는 홈페이지 참고","http://www.muan.go.kr","2026-08-31","2026-09-11"
"320 ","(재)무안군승달장학회","체육꿈나무육성장학금","지자체(출자출연기관)","장학금","지역연고","과학고국제고마이스터고영재고예술고외국어고일반고자율고제한없음체육고","1학년2학년3학년제한없음","해당없음","해당없음","○ 150만원","○ 체육 분야에 탁월한 재능을 지닌 고등학생으로 지역 체육인재육성을 위해 지속적인 지원이 필요하다고 판단되는 학생으로 각 아래에 해당하는 자격을 갖춘 자 중 무안군 체육회와 무안군 장애인 체육회의 추천을 받은자 전국 규모 대회에서 입상한 자 전남광주통합특별시 단위이상 대회에서 3위이상 입상한 자 기타 뛰어난 소질을 지녀 장래가 촉망되는 자 ","○ 공고일 현재 부모가 무안군에 주소를 두고 1년 이상 계속 거주하거나 부모 중 한 사람이 무안군에 주소를 두고 5년 이상 계속 거주한 군민의 자녀 (보호자(부/모)가 사망한 경우 학생 본인의 주소 확인)","○ 무안군 승달장학회 운영세칙 승달장학생 선발기준(성적 70%/재산 30%)에 의거 평가 후 선발※ 자세한 사항은 첨부파일 또는 홈페이지 참고","○ 4명(초/중/고 총합)","○ 1명당 지원 분야 1개만 신청○ 2025년 하반기/2026년 상반기 승달장학금 수혜자○ 외국 소재 학교 재학생○ [초·중등교육법] 제2조에 해당하지 아니한 고등학교에 재학 중인 학생○ 학생 본인이 소득자(직장/사업자)인 경우 (파트타임 제외)※ 자세한 사항은 첨부파일 또는 홈페이지 참고","○ 무안군 체육회 및 무안군 장애인체육회 추천","○ 장학금 지원신청서○ 개인정보 수집·이용 및 제3자 제공·조회 동의서(학생/부모 각각)○ 주민등록등·초본(주소이력 포함)○ 가족관계증명서○ 건강보험료 납부확인서(2025.07.~2026.06.)○ 건강보험자격확인서 및 건강보험자격득실확인서○ 지방세 세목별 과세증명서(2025.07.~2026.06.)○ 성적증명서○ 실적을 입증할 증명서류류※ 자세한 사항은 첨부파일 또는 홈페이지 참고","http://www.muan.go.kr","2026-08-31","2026-09-11"
"321 ","(재)무안군승달장학회","예체능장학금","지자체(출자출연기관)","장학금","특기자","과학고국제고마이스터고영재고예술고외국어고일반고자율고제한없음체육고","1학년2학년3학년제한없음","○ 직전학기 평균성적 5등급 이상인 재학생(단 5등급제 적용 고등학생은 평균성적 3등급 이상인 재학생)","해당없음","○ 50만원","○ 예체능(미술/음악/체육/기타) 분야에 소질과 재능이 뛰어나 도 단위 이상 대회에서 입상한 자※ 2025년 이후 전국대회 및 전남광주통합특별시대회 3위 이내(장려상 포함)) 입상자 또는 이와 동등한 요건의 수상자※ 위 조건 신청인원 미달 시 예체능 관련 학교 및 학과 재학생 중 성적 우수자 선발 가능","○ 공고일 현재 부모가 무안군에 주소를 두고 1년 이상 계속 거주하거나 부모 중 한 사람이 무안군에 주소를 두고 5년 이상 계속 거주한 군민의 자녀 (보호자(부/모)가 사망한 경우 학생 본인의 주소 확인)","○ 성적 70% 재산 30% 동점자 발생 시 성적우수자 우선 선발","○ 2명","○ 1명당 지원 분야 1개만 신청○ 2025년 하반기/2026년 상반기 승달장학금 수혜자○ 외국 소재 학교 재학생○ [초·중등교육법] 제2조에 해당하지 아니한 고등학교에 재학 중인 학생○ 학생 본인이 소득자(직장/사업자)인 경우 (파트타임 제외)※ 자세한 사항은 첨부파일 또는 홈페이지 참고","해당없음","○ 장학금 지원신청서○ 개인정보 수집·이용 및 제3자 제공·조회 동의서(학생/부모 각각)○ 주민등록등·초본(주소이력 포함)○ 가족관계증명서○ 건강보험료 납부확인서(2025.07.~2026.06.)○ 건강보험자격확인서 및 건강보험자격득실확인서○ 지방세 세목별 과세증명서(2025.07.~2026.06.)○ 성적증명서○ 특기자 실적 증명 서류※ 자세한 사항은 첨부파일 또는 홈페이지 참고","http://www.muan.go.kr","2026-08-31","2026-09-11"
"322 ","(재)여수시인재육성장학회","특기장학생","지자체(출자출연기관)","장학금","지역연고","예술고체육고","1학년2학년3학년제한없음","해당없음","○ 재산세 과세액 40만원 이하인 자 (1년 부/모 합산)※ 자세한 사항은 첨부파일 또는 홈페이지 참고","○ 50만원","○ 품행이 단정하고 문화예술체육과학기능 분야에 소질과 재능이 뛰어난 자○ 최근 1년이내 도단위 이상 대회 및 경진대회에서 3위내 입상한 자○ 여수시에 소재한 고등학교에 재학중인 자","○ 공고일 현재 여수시에 6개월 이상 주소를 둔 시민 또는 시민의 자녀","※ 자세한 사항은 첨부파일 또는 홈페이지 참고","○ 10명","※ 기관확인필요","해당없음","○ 장학금신청서○ 정보제공동의서○ 직전학기성적증명서○ 주민등록등본○ 지방세 세목별과세증명서○ 입상경력증명 혹은 수상실적증명서※ 자세한 사항은 첨부파일 또는 홈페이지 참고","http://www.yeosuinjae.com/","2025-10-13","2025-10-24"
"323 ","(재)여수시인재육성장학회","저소득장학생","지자체(출자출연기관)","장학금","소득구분","과학고국제고마이스터고영재고예술고외국어고일반고체육고","1학년2학년3학년제한없음","해당없음","○ 국민기초생활수급자 차상위계층 등 생계곤란자 및 경제적 이유나 기타 이유로 학업이 곤란한 자○ 재산세 과세액 40만원 이하인 자 (1년 부 모 합산)※ 자세한 사항은 첨부파일 또는 홈페이지 참고","○ 50만원","○ 자세한 사항은 첨부파일 또는 홈페이지 참고국민기초생활수급자 차상위계층 한부모 가정 등 생계곤란자 및 경제적 이유나 기타 이유로 학업이 곤란한 자○ 여수시에 소재한 고등학교에 재학중인 자※ 자세한 사항은 첨부파일 또는 홈페이지 참고","○ 공고일 현재 여수시에 6개월 이상 주소를 둔 시민 또는 시민의 자녀","※ 기관확인필요","○ 30명","※ 자세한 사항은 첨부파일 또는 홈페이지 참고","해당없음","○ 장학금신청서○ 정보제공동의서○ 직전학기성적증명서○ 주민등록등본○ 지방세 세목별과세증명서※ 자세한 사항은 첨부파일 또는 홈페이지 참고","http://www.yeosuinjae.com/","2025-10-13","2025-10-24"
"324 ","(재)여수시인재육성장학회","농어촌자녀장학생","지자체(출자출연기관)","장학금","지역연고","과학고국제고마이스터고영재고외국어고","1학년2학년3학년제한없음","해당없음","○ 재산세 과세액 40만원 이하인 자 (1년 부/모 합산)※ 자세한 사항은 첨부파일 또는 홈페이지 참고","○ 50만원","○ 여수시에 소재한 고등학교에 재학중인 자○ 공고일 현재 여수시 7개 읍/면 지역에 6개월 이상 거주하고 있는 농/어촌 관련 종사자의 자녀※ 자세한 사항은 첨부파일 또는 홈페이지 참고","○ 공고일 현재 여수시에 6개월 이상 주소를 둔 시민 또는 시민의 자녀","※ 자세한 사항은 첨부파일 또는 홈페이지 참고","○ 농어촌 7개 읍·면지역별 각 2명씩 선발(고등학생/ 대학생) 총 28명 선발","※ 기관확인필요","해당없음","○ 장학금신청서○ 정보제공동의서○ 직전학기성적증명서○ 주민등록등본○ 지방세 세목별과세증명서○ 농업이나 어업 등 농어촌 종사자 확인할 수 있는 관련서류 제출※ 자세한 사항은 첨부파일 또는 홈페이지 참고","http://www.yeosuinjae.com/","2025-10-13","2025-10-24"
"325 ","(재)여수시인재육성장학회","학업성적우수장학생","지자체(출자출연기관)","장학금","성적우수","과학고국제고마이스터고영재고예술고외국어고일반고자율고제한없음체육고","1학년2학년3학년","○ 직전학기 학업성적이 평균3등급이내인 관내 소재 재학생","○ 재산세 과세액 40만원 이하인 자 (1년 부/모 합산)※ 자세한 사항은 첨부파일 또는 홈페이지 참고","○ 50만원","○ 여수시에 소재한 고등학교에 재학중인 자","○ 공고일 현재 여수시에 6개월 이상 주소를 둔 시민 또는 시민의 자녀","○ 성적 80% 생활정도 20% 반영※ 자세한 사항은 첨부파일 또는 홈페이지 참고","○ 50명","○ 여수시 7개 읍면지역 거주자를 제외한 고등학생 개별접수는 불가능","해당없음","○ 장학금신청서○ 정보제공동의서○ 직전학기성적증명서○ 주민등록등본○ 지방세 세목별과세증명서※ 자세한 사항은 첨부파일 또는 홈페이지 참고","http://www.yeosuinjae.com/","2025-10-13","2025-10-24"
"326 ","재단법인 진도군인재육성장학회","학업성적 장학생","지자체(출자출연기관)","장학금","지역연고","과학고국제고마이스터고영재고예술고외국어고일반고자율고제한없음체육고","1학년2학년3학년제한없음","○ 관내 고등학교 재학생으로서 해당 학기 성적이 당해 학교 동일 학년 석차 100분의 20 이내인 자","해당없음","※ 장학금은 생활비 지원을 목적으로 함","○ 관내 고등학교 재학생","○ 장학생 선발 공고일 현재 진도군에 주민등록을 두고 있는 군민 또는 그 자녀","○ (재)진도군인재육성장학회 운영규칙 제7조(장학생 선발요건) 및 제10조(장학생 선발)에 근거하여 이사회에서 선발","※ 기관확인필요","○ 2025년도 상반기장학생/명문고장학생/전남인재장학생/복지장학생은 신청 제외","○ 학교장 추천","○ 인재육성장학금신청서 1부○ 주민등록등본 1부○ 재학증명서 1부○ 개인정보 수집·이용 및 제공·조회 동의서 1부○ 장학금 지급 통장 사본 1부○ 학교장 추천서 1부○ 직전 학기 성적증명서 1부※ 자세한 사항은 첨부파일 또는 홈페이지 참고","https://www.jindo.go.kr","2025-09-10","2025-09-26"
"327 ","재단법인 진도군인재육성장학회","보배사랑 장학생","지자체(출자출연기관)","장학금","지역연고","과학고국제고마이스터고영재고예술고외국어고일반고자율고제한없음체육고","1학년2학년3학년제한없음","해당없음","해당없음","※ 장학금은 생활비 지원을 목적으로 함","○ 한부모 가정○ 조손 가정○ 다문화 및 새터민 가정○ 장애가정○ 저소득가정○ 다자녀가정○ 소년·소녀 가장○ 위탁가정※ 자세한 사항은 첨부파일 또는 홈페이지 참고","○ 장학생 선발 공고일 현재 진도군에 3년 이상 주민등록 주소지를 두고 있으며 관내 고등학교 재학중인 자","○ (재)진도군인재육성장학회 운영규칙 제7조(장학생선발요건) 및 제 10조(장학생 선발)에 근거하여 이사회에서 선발","※ 기관확인필요","○ 2025년도 상반기장학생/명문고장학생/전남인재장학생/복지장학생은 신청 제외","해당없음","○ 인재육성장학금 신청서1부○ 주민등록등본 1부○ 재학증명서 1부○ 직전학기 성적증명서 1부○ 개인정보 수집·이용 및 제공·조회 동의서 1부○ 장학금 지급통장 사본 1부○ 건강보험료 납부확인서 및 건강보험 자격확인서○ 해당증명서류○ (다자녀가정/조손가정/다문화가정) 가족관계증명서 1부○ (장애가정) 장애인 증명서 1부○ 국민기초생활수급자 또는 차상위계층인 경우 증명서 1부※ 자세한 사항은 첨부파일 또는 홈페이지 참고","https://www.jindo.go.kr","2025-09-10","2025-09-26"
"328 ","재단법인 영주시인재육성장학회","우수장학생","지자체(출자출연기관)","장학금","지역연고","과학고국제고마이스터고영재고예술고외국어고일반고체육고","해당없음","○ 고등학교 입학성적이 전체 입학생의 상위 10% 이내의 학생○ 직전 학기 내신 성적이 해당 학년 재학생 상위 10% 이내의 학생※ 자세한 사항은 첨부파일 또는 홈페이지 참고","○ 재학성적이 전체 학년 재학생의 100분의 30이내의 학생 중 생계 또는 의료급여 수급자 또는 차상위계층 자녀","○ 100만원","○ 고등학교 입학성적이 전체 입학생의 상위 10% 이내의 학생○ 직전 학기 내신 성적이 해당 학년 재학생 상위 10% 이내의 학생※ 자세한 사항은 첨부파일 또는 홈페이지 참고","○ 영주시 고등학교 재학생","※ 기관확인필요","○ 70명","해당없음","○ 고등학교장 추천","○ 고등학교장 장학생 추천서 ○ 주민등록등본○ 서약서○ 재능기부 참여 확약서○ 가족관계증명서○ 생계 또는 의료수급자 또는 차상위계층 증명서(해당자)※ 자세한 사항은 첨부파일 또는 홈페이지 참고","http://www.yeongju.go.kr/index.html","2026-03-05","2026-04-10"
"329 ","재단법인 영주시인재육성장학회","특기장학생","지자체(출자출연기관)","장학금","지역연고","과학고국제고마이스터고영재고예술고외국어고일반고체육고","해당없음","해당없음","해당없음","○ 1인당 100만원○ 1팀당 100만원","○ 예술/ 체육/ 과학 등 기능분야에 소질과 능력이 뛰어난 자로 전국 단위 3위 이상 개인 입상자 또는 단체 입상한 개인 또는 단체체※ 자세한 사항은 첨부파일 또는 홈페이지 참고","○ 영주시 고등학교 재학생","※ 기관확인필요","○ (개인) 13명○ (단체) 7팀","○ 국가 기관이나 지방자치단체/ 학교/ 기타 장학관련 단체로부터 장학금을 받은 자○ 영주시 인재육성장학금 2회 수혜자○ 외국 소재 학교 또는 외국 학교의 국내 분교에 재학하는 학생※ 자세한 사항은 첨부파일 또는 홈페이지 참고","○ 학교장 추천","○ 고등학교 장학생 추천서○ 주민등록초본 또는 등본○ 서약서○ 재능기부 참여 확약서○ 입상증명서 사본○ 건강보험료 납부확인서○ 관외 고등학생은 관내 초등학교 또는 중학교 졸업증명서※ 자세한 사항은 첨부파일 또는 홈페이지 참고","http://www.yeongju.go.kr/index.html","2026-03-05","2026-04-10"
"330 ","재단법인 영주시인재육성장학회","기회균등장학생","지자체(출자출연기관)","장학금","지역연고","과학고국제고마이스터고영재고예술고외국어고일반고체육고","해당없음","해당없음","○ 생계·의료급여 수급자 또는 차상위계층","○ 100만원","○ 기초생활(생계·의료·주거) 수급자 또는 차상위계층/장애인/한부모가정/다문화가정/탈북민 가정 자녀 중 학업성적이 우수한 학생(학교별 1명)","○ 영주시 고등학교 재학생","※ 기관확인필요","○ 9명","○ 국가 기관이나 지방자치단체/ 학교/ 기타 장학관련 단체로부터 장학금을 받은 자○ 영주시 인재육성장학금 2회 수혜자○ 외국 소재 학교 또는 외국 학교의 국내 분교에 재학하는 학생※ 자세한 사항은 첨부파일 또는 홈페이지 참고","○ 학교장 추천","○ 고등학교장 장학생 추천서○ 주민등록등본○ 가족관계증명서○ 서약서○ 재능기부 참여 확약서○ 생계 또는 의료수급자 증명서※ 자세한 사항은 첨부파일 또는 홈페이지 참고","http;//www.yeongju.go.kr/index.html","2026-03-05","2026-04-10"
"331 ","사단법인 고령군교육발전위원회","전공관련 자격증 취득장학금","지자체(출자출연기관)","장학금","지역연고","과학고국제고마이스터고영재고예술고외국어고일반고자율고제한없음체육고","해당없음","해당없음","해당없음","○ 1인당 100만원 이내","○ 전공 관련 자격증 3개 이상 취득한 고3학생에 한함 (동종 자격증 중 상위 자격증 1개만 인정)","○ 관내 고령고등학교에 재학 중인 학생","※ 기관확인필요","※ 기관확인필요","※ 기관확인필요","○ 재학 고등학교장 추천에 의하여 신청·접수","○ 장학생 추천서○ 전공 관련 자격증 사본 각 1부○ 통장사본※ 자세한 사항은 첨부파일 또는 홈페이지 참고","http://www.gredu.or.kr","2026-02-19","2026-02-25"
"332 ","재단법인 안동시장학회","성적우수장학생","지자체(출자출연기관)","장학금","지역연고","과학고국제고마이스터고영재고외국어고일반고","1학년2학년3학년제한없음","○ 관내 고등학교에 재학 중인 자로서 그 성적이 직전 학년(신입생은 입학성적 또는 중학교 3학년 내신성적)의 2등급 이내인 자 또는 직전학기 대비 내신 1등급 이상 향상된 자","해당없음","○ 80만원","○ 관내 고등학교 재학생","○ 공고일 현재 보호자가 안동시에 1년 이상 주소를 두고 있는 국내 학교의 재학생","※ 기관확인필요","○ 73명","○ 외국 소재 학교 또는 외국 학교의 국내 분교에 재학하는 학생 제외○ 당해 연도 1세대 2인 신청 시 1명 선발○ 안동시장학회로부터 동일 학교에서 동일 분야로 장학금을 신청한 자 제외○ 보호자가 안동시 관외로 거주지를 이전 시 지급 정지※ 자세한 사항은 첨부파일 또는 홈페이지 참고","○ 해당 학교장 추천","○ 장학금 지원신청서○ 개인정보 동의서○ 추천서○ 장학금 지급신청서○ 서약서○ 장학금 수혜(비수혜)확인서○ 재학증명서 또는 합격통지서○ 교육비(등록금) 납입증명서○ 보호자의 주민등록등본○ 성적증명서※ 자세한 사항은 첨부파일 또는 홈페이지 참고","https://www.ascholarship.or.kr","2026-03-16","2026-04-03"
"333 ","재단법인 안동시장학회","진학장학생","지자체(출자출연기관)","장학금","지역연고","과학고국제고마이스터고영재고예술고외국어고일반고체육고","1학년","○ 관내·외 중학교 졸업생 중 관내 고등학교 성적우수 입학생(학교별 전체 성적이 10% 이내/ 거주요건 제외)","해당없음","○ 80만원","○ 관내·외 중학교 졸업생 중 관내 고등학교 성적우수 입학생으로 학교장의 추천을 받은 자","해당없음","※ 기관확인필요","○ 54명","○ 외국 소재 학교 또는 외국 학교의 국내 분교에 재학하는 학생 제외○ 당해 연도 1세대 2인 신청 시 1명 선발○ 안동시장학회로부터 동일 학교에서 동일 분야로 장학금을 신청한 자 제외○ 보호자가 안동시 관외로 거주지를 이전 시 지급 정지※ 자세한 사항은 첨부파일 또는 홈페이지 참고","○ 학교장 추천","○ 장학금 지원신청서○ 개인정보 동의서○ 추천서○ 장학금 지급신청서○ 서약서○ 장학금 수혜(비수혜)확인서○ 재학증명서 또는 합격통지서○ 교육비(등록금) 납입증명서○ 보호자의 주민등록등본※ 자세한 사항은 첨부파일 또는 홈페이지 참고","https://www.ascholarship.or.kr","2026-03-16","2026-04-03"
"334 ","재단법인 안동시장학회","특별장학생","지자체(출자출연기관)","장학금","지역연고","과학고국제고마이스터고영재고예술고외국어고일반고체육고","2학년3학년","○ 직전 학년 성적이 상위 60% 이내인 자","○ 가정 형편이 어려운 관내 고등학생(국민기초생활보장수급자/ 차상위계층/ 다문화가족)","○ 80만원","○ 가정 형편이 어려운 관내 고등학생","○ 공고일 현재 보호자가 안동시에 1년 이상 주소를 두고 있는 국내 학교의 재학생","※ 기관확인필요","○ 74명","○ 외국 소재 학교 또는 외국 학교의 국내 분교에 재학하는 학생 제외○ 당해 연도 1세대 2인 신청 시 1명 선발○ 안동시장학회로부터 동일 학교에서 동일 분야로 장학금을 신청한 자 제외○ 보호자가 안동시 관외로 거주지를 이전 시 지급 정지※ 자세한 사항은 첨부파일 또는 홈페이지 참고","○ 학교장 추천","○ 장학금 지원신청서○ 개인정보 동의서○ 장학금 지급신청서○ 서약서○ 장학금 수혜(비수혜)확인서○ 재학증명서 또는 합격통지서○ 교육비(등록금) 납입증명서○ 보호자의 주민등록등본○ 성적증명서○ 국민기초생활보장수급자 또는 차상위계층 증명서○ 특별장학생 추천서※ 자세한 사항은 첨부파일 또는 홈페이지 참고","https://www.ascholarship.or.kr","2026-03-16","2026-04-03"
"335 ","재단법인 안동시장학회","효행장학생","지자체(출자출연기관)","장학금","지역연고","과학고국제고마이스터고영재고예술고외국어고일반고체육고","1학년2학년3학년제한없음","해당없음","해당없음","○ 80만원","○ 효행심이 투철한 초중고·대학생으로서 읍면동장 추천서 및 관계 증빙서류 제출","○ 공고일 현재 보호자가 안동시에 1년 이상 주소를 두고 있는 국내 학교의 재학생","※ 기관확인필요","○ 24명(초·중·대 포함인원/ 읍면동별 1인 추천)","○ 외국 소재 학교 또는 외국 학교의 국내 분교에 재학하는 학생 제외○ 당해 연도 1세대 2인 신청 시 1명 선발○ 안동시장학회로부터 동일 학교에서 동일 분야로 장학금을 신청한 자 제외○ 보호자가 안동시 관외로 거주지를 이전 시 지급 정지※ 자세한 사항은 첨부파일 또는 홈페이지 참고","○ 읍면동장 추천","○ 장학금 지원신청서○ 개인정보 동의서○ 효행장학생 추천서○ 장학금 지급신청서○ 서약서○ 장학금 수혜(비수혜)확인서○ 재학증명서 또는 합격통지서○ 교육비(등록금) 납입증명서○ 보호자의 주민등록등본※ 자세한 사항은 첨부파일 또는 홈페이지 참고","https://www.ascholarship.or.kr","2025-03-17","2025-04-04"
"336 ","재단법인 안동시장학회","특기장학생","지자체(출자출연기관)","장학금","특기자","과학고국제고마이스터고영재고예술고외국어고일반고자율고제한없음체육고","1학년2학년3학년제한없음","해당없음","해당없음","○ 80만원","○ 관내 고등·대학교 재학생 중 중앙 및 지방의 행정기관 또는 공신력 있는 기관이 주최한 예술(미술/ 음악)/ 과학/ 기타 기능분야(체육 제외) 전국 단위 경연대회에서 3위 이상/ 도 단위 1위 이상 입상하여 안동의 명예를 드높인 자○ 2인 이상 참여 수상자는 1인만 신청하여 장학금 배분","○ 공고일 현재 보호자가 안동시에 1년 이상 주소를 두고 있는 국내 학교의 재학생","※ 기관확인필요","○ 5명","○ 외국 소재 학교 또는 외국 학교의 국내 분교에 재학하는 학생 제외○ 당해 연도 1세대 2인 신청 시 1명 선발○ 안동시장학회로부터 동일 학교에서 동일 분야로 장학금을 신청한 자 제외○ 보호자가 안동시 관외로 거주지를 이전 시 지급 정지※ 자세한 사항은 첨부파일 또는 홈페이지 참고","○ 안동교육지원청 교육장 추천","○ 장학금 지원신청서○ 개인정보 동의서○ 특기장학생 추천서○ 장학금 지급신청서○ 서약서○ 장학금 수혜(비수혜)확인서○ 재학증명서 또는 합격통지서○ 교육비(등록금) 납입증명서○ 보호자의 주민등록등본○ 각종 대회 입상 관련 자료 (행사 공고문/ 수상실적 증명)※ 자세한 사항은 첨부파일 또는 홈페이지 참고","https://www.ascholarship.or.kr","2026-03-16","2026-04-03"
"337 ","재단법인 안동시장학회","다자녀장학생","지자체(출자출연기관)","장학금","지역연고","과학고국제고마이스터고영재고예술고외국어고일반고체육고","2학년3학년","○ 직전 학년 성적이 상위 40% 이내인 자","해당없음","○ 80만원","○ 3명 이상의 자녀를 둔 가정에서 1명 이상이 관내 고등학교에 재학 중인 자","○ 공고일 현재 보호자가 안동시에 1년 이상 주소를 두고 있는 국내 학교의 재학생","○ 자녀수가 많은 가정을 우선순위","○ 54명","○ 외국 소재 학교 또는 외국 학교의 국내 분교에 재학하는 학생 제외○ 당해 연도 1세대 2인 신청 시 1명 선발○ 안동시장학회로부터 동일 학교에서 동일 분야로 장학금을 신청한 자 제외○ 보호자가 안동시 관외로 거주지를 이전 시 지급 정지※ 자세한 사항은 첨부파일 또는 홈페이지 참고","○ 해당 학교장","○ 장학금 지원신청서○ 개인정보 동의서○ 다자녀 장학생 추천서○ 장학금 지급신청서○ 서약서○ 장학금 수혜(비수혜)확인서○ 재학증명서 또는 합격통지서○ 교육비(등록금) 납입증명서○ 보호자의 주민등록등본○ 성적증명서※ 자세한 사항은 첨부파일 또는 홈페이지 참고","https://www.ascholarship.or.kr","2026-03-16","2026-04-03"
"338 ","재단법인 구미시장학재단","성적우수장학금","지자체(출자출연기관)","장학금","지역연고","과학고국제고마이스터고영재고예술고외국어고일반고자율고제한없음체육고","1학년2학년3학년제한없음","○ 직전학년 성적(신입생은 입학성적)이 100분의 20이내에 해당하는 자","해당없음","○ 50만원","○ 관내 고등학교 재학생","○ 공고일 현재 본인 또는 구미시에 1년 이상 주소를 두고 있는 시민의 자녀 중 관내 고등학생","○ 소속 학교장 추천에 의한 선발","○ 21명(관내 21개 고등학교/학교별 1명 추천)","○ 1인당 1종류의 장학금 신청만 가능○ 장학금 지급은 1가구당 1명에 한함","○ 학교장 추천","※ 자세한 사항은 첨부파일 또는 홈페이지 참고","http://www.gumi.go.kr/","2026-04-27","2026-05-08"
"339 ","재단법인 구미시장학재단","특기장학금","지자체(출자출연기관)","장학금","지역연고","과학고국제고마이스터고영재고예술고외국어고일반고자율고제한없음체육고","2학년3학년","○ 해당없음","○ 해당없음","○ 100만원","○ 관내 고등학교 재학생 (2~3학년)○ 도 단위 이상 대회 3위 이상 개인 입상자※ 자세한 사항은 첨부파일 또는 홈페이지 참고","○ 공고일 현재 본인 또는 그 보호자가 구미시에 1년 이상 주소를 두고 있는 시민의 자녀 중 관내 고등학생","○ 상위대회 입상자 우선(공공기관/ 해당단체/ 기타)○ 동률일 경우 대회규모 및 입상횟수 고려 후 선발","○ 5명","○ 1인당 1종류의 장학금 신청만 가능","○ 해당없음","○ 장학금 지원신청서○ 개인정보 제공 및 수집 동의서○ 주민등록초본○ 재학증명서○ 고등학교 졸업학력 검정고시 합격증명서(해당자)○ 고교특기 도 단위(대회) 입상 실적증명서※ 자세한 사항은 첨부파일 또는 홈페이지 참고","http://www.gumi/go.kr","2026-04-27","2026-05-08"
"340 ","재단법인 구미시장학재단","국가유공자등 후손장학금","지자체(출자출연기관)","장학금","특기자","과학고국제고마이스터고영재고예술고외국어고일반고자율고제한없음체육고","1학년2학년3학년제한없음","○ 직전학기 성적이 재적학년의 100분의 70이내 해당","해당없음","○ 100만원","○ 성적기준을 충족한 국가유공자 등 보훈대상자 자녀 및 후손","○ 공고일 현재 본인이 1년 이상 계속하여 구미시에 주소를 둔 구미시 소재 고등학교 재학생","○ 구미시 보훈단체장 추천에 의한 선발","○ 14명 (대학생 포함)","○ 1인당 1종류의 장학금 신청만 가능○ 26년 서울 구미학숙 입사생 선발대상에서 제외","○ 구미시 보훈단체장 추천","○ 장학생 추천서○ 기타 해당서류※ 자세한 사항은 첨부파일 또는 홈페이지 참고","http://www.gumigh.or.kr","2026-04-27","2026-05-08"
"341 ","김천시인재양성재단","진학우수장학","지자체(출자출연기관)","장학금","지역연고","과학고국제고마이스터고영재고예술고외국어고일반고자율고제한없음체육고","1학년","○ 관내 고등학교 우수 입학생","해당없음","○ 200만원(생활비 장학금)","○ 2026학년도 관내 고등학교 신입생 입학석차 10/100이내 학생 중 해당 학교장이 추천한 자","○ 장학금 수혜대상자(학생) 또는 보호자가 공고일 기준 1년 이상 연속하여 김천시에 주소를 두고 거주하는 자※ 기관확인필요","○ 학교장 선발","○ 10명","○ 1인 1회 선발제한※ 기관확인필요","○ 학교별 배정 인원에 따라 학교장 선발","○ 장학생 신청서○ 서약서○ 장학생 추천서○ 장학금 수혜(비수혜)확인서○ 통장 사본○ 개인정보 제공·이용 동의서○ 김천시 주소 주민등록초본○ 재학증명서※ 자세한 사항은 첨부파일 또는 홈페이지 참고","https://www.gc.go.kr/injae/bbs/list.dosearchCategory=injae&ptIdx=1807&mId=0401000000","2026-03-30","2026-04-17"
"342 ","김천시인재양성재단","성적우수장학","지자체(출자출연기관)","장학금","지역연고","과학고국제고마이스터고영재고외국어고일반고","1학년2학년3학년제한없음","○ 재학생 중 직전학년 성적이 10/100 이내에 해당하는 자로 학교장이 추천한자","해당없음","○ 100만원","○ 재학생 중 직전학년 성적이 10/100이내인 학생 중 관내 각 고등학교별 배정이원에 따라 학교장 추천 선발","○ 장학금 수혜대상자(학생) 또는 보호자가 공고일 기준 1년 이상 연속하여 김천시에 주소를 두고 거주하는 자※ 자세한 사항은 첨부파일 또는 홈페이지 참고","○ 학교장 선발","○ 60명","※ 기관확인필요","○ 학교장 추천","○ 장학생 신청서○ 개인정보 제공·이용 동의서○ 서약서○ 장학생 추천서○ 장학금 수혜(비수혜)확인서○ 통장 사본○ 김천시 주소 주민등록초본○ 재학증명서※ 자세한 사항은 첨부파일 또는 홈페이지 참고","https://www.gc.go.kr/injae/bbs/list.dosearchCategory=injae&ptIdx=1807&mId=0401000000","2026-03-30","2026-04-17"
"343 ","김천시인재양성재단","특기장학","지자체(출자출연기관)","장학금","지역연고","예술고체육고","1학년2학년3학년제한없음","해당없음","해당없음","○ 100만원","○ 고등학교 재학중인 예·체능 특기자","○ 장학금 수혜대상자(학생) 또는 보호자가 공고일 기준 1년 이상 연속하여 김천시에 주소를 두고 거주하는 자※ 기관확인필요","○ 재단 선발○ 기관/단체/협회 등에서 주최한 2025년 전국단위 대회 이상 수상 실적 전체를 합산하여 점수 환산○ 각 예체능 부문별 최고득점자 1명 우선 선발 후 나머지 전체 종목 신청자 중 신청 종목 비율 및 고득점 순위 등에 따라 선발※ 자세한 사항은 첨부파일 또는 홈페이지 참고","○ 15명 (관내 중학생 포함)","※ 기관확인필요","해당없음","○ 장학생 신청서○ 개인정보 제공·이용 동의서○ 서약서○ 특기 장학생 추천서○ 장학금 수혜(비수혜)확인서○ 통장 사본○ 김천시 주소 주민등록초본○ 재학증명서○ 예/체능 특기실적증명서※ 자세한 사항은 첨부파일 또는 홈페이지 참고","https://www.gc.go.kr/injae/bbs/list.dosearchCategory=injae&ptIdx=1807&mId=0401000000","2026-03-30","2026-04-17"
"344 ","김천시인재양성재단","행복나눔장학","지자체(출자출연기관)","장학금","지역연고","과학고국제고마이스터고영재고예술고외국어고일반고체육고","1학년2학년3학년제한없음","○ 신입생 중 입학석차 50/100 이내○ 재학생 중 직전학년 성적 50/100 이내","○ 국민기초생활보장 및 차상위계층(한부모가족 포함)","○ 100만원","○ 국민기초생활보장 생계·의료·주거·교육급여 수급자 · 차상위계층(한부모가족) 관내 고등학생","○ 장학금 수혜대상자(학생) 또는 보호자가 공고일 기준 1년 이상 연속하여 김천시에 주소를 두고 거주하는 자※ 기관확인필요","○ 관내 고등학교 신입생 및 재학생 중 관내 고등학교별 배정 인원에 따라 학교장 추천 선발","○ 24명","※ 기관확인필요","○ 학교장 추천","○ 장학생 신청서○ 개인정보 제공·이용 동의서○ 서약서○ 장학생 추천서○ 장학금 수혜(비수혜)확인서○ 통장사본○ 김천시 주소 주민등록초본○ 재학증명서○ 기초생활보장수급자/차상위계층/한부모가족 증명서※ 자세한 사항은 첨부파일 또는 홈페이지 참고","https://www.gc.go.kr/injae/bbs/list.dosearchCategory=injae&ptIdx=1807&mId=0401000000","2026-03-30","2026-04-17"
"345 ","김천시인재양성재단","다자녀장학","지자체(출자출연기관)","장학금","지역연고","과학고국제고마이스터고영재고예술고외국어고일반고자율고제한없음체육고","2학년3학년","○ 재학생 중 직전학년 성적 30/100 이내","해당없음","○ 100만원","○ 3자녀 이상 가정의 관내 고등학교 재학생","○ 장학금 수혜대상자(학생) 또는 보호자가 공고일 기준 1년 이상 연속하여 김천시에 주소를 두고 거주하는 자※ 기관확인필요","○ 학교별 배정 인원에 따라 학교장 선발","○ 12명 (관내 고등학교 12개교별 각 1명씩 추천하여 선발)","※ 기관확인필요","해당없음","○ 장학생 신청서○ 개인정보 제공·이용 동의서○ 서약서○ 장학생 추천서○ 장학금 수혜(비수혜)확인서○ 통장 사본○ 김천시 주소 주민등록초본○ 재학증명서○ 가족관계증명서※ 자세한 사항은 첨부파일 또는 홈페이지 참고","https://www.gc.go.kr/injae/bbs/list.dosearchCategory=injae&ptIdx=1807&mId=0401000000","2026-03-30","2026-04-17"
"346 ","재단법인영덕군교육발전위원회","관내고교장학","지자체(출자출연기관)","장학금","지역연고","과학고국제고마이스터고영재고외국어고일반고","해당없음","○ 신입생 : 중학교 졸업성적 상위 10% 이내의 자로 고교 진학 후 직전학년에 이수과목의 1/2이상이 2등급 이상이고 4등급을 초과하는 과목이 없는 자○ 재학생 : 평가원 모의고사 성적 (6월/9월 중 택1)※ 자세한 사항은 첨부파일 또는 홈페이지 참고","○ 경제적 여건이 곤란한 학생","○ 50만원 ~ 700만원","※ 기관확인필요","○ 부모 또는 보호자의 주민등록이 영덕군 내에 있고 관내학교 재학 중인 학생","※ 기관확인필요","※ 기관확인필요","○ 타 지역 고교 전학시 지급된 장학금 전액 환수","○ 학교장추천","※ 자세한 사항은 첨부파일 또는 홈페이지 참고","https://www.ydedu.or.kr","2025-04-15","2025-05-07"
"347 ","재단법인영덕군교육발전위원회","재학생성적우수장학","지자체(출자출연기관)","장학금","성적우수","과학고국제고마이스터고영재고예술고외국어고일반고자율고제한없음체육고특성화고","1학년2학년3학년제한없음","※ 자세한 사항은 첨부파일 또는 홈페이지 참고","해당없음","○ (재학생 성적우수자) 모의고사 성적에 따라 상이하니 첨부파일 또는 홈페이지 참고○ (특성화고) 50만원○ (경제적 여건이 곤란한 우수학생) 50만원","○ 재학생 성적우수 장학금: 모의고사 성적(6/9월 중 택 1)에 따라 지급○ 특성화고: 각 학년별 1학기 성적 상위 10% 이내인 자○ 경제적 여건이 곤란한 우수학생: 학교장 추천※ 자세한 사항은 첨부파일 또는 홈페이지 참고","해당없음","○ 각 학교장 추천 후 법인이사회 선청","※ 기관확인필요","○ 우수신입생 장학금과 중복수혜 불가","해당없음","※ 자세한 사항은 첨부파일 또는 홈페이지 참고","https://www.ydedu.or.kr","2024-04-05","2024-12-31"
"348 ","재단법인 양산시인재육성장학재단","성적우수장학생","지자체(출자출연기관)","장학금","해당없음","과학고국제고마이스터고영재고예술고외국어고일반고자율고제한없음체육고","1학년2학년","○ 당해 학기(1학기) 성적이 상위 10% 이내인 자로 성적이 우수한 학생순으로 추천","※ 자세한 사항은 첨부파일 또는 홈페이지 참고","○ 인당 120만원","○ 내년도 양산지역 중고등학교 진학 예정자 (관외 전학 진학 전출 예정자 제외)※ 자세한 사항은 첨부파일 또는 홈페이지 참고","○ 공고일(2025.9.8) 기준 관내 중 고등학교에 재학 중인 학생으로 학부모 (부 또는 모)와 학생이 양산시에 3년 이상 주소(주민등록)가 되어 있으며 사실상 거주하고 있는자","○ 소위원회(추천자에 대하여 적격여부 심사) 후 이사회 심의를 거쳐 최종 선발됨","○ 50명","○ 장학생이 학칙에 의해 제적 편입 또는 정학이상의 징계처분을 받은 경우○ 본 장학재단의 장학생으로서 적절치 못한 행위로 인하여 사회의 물의 를 빚은 경우와 이사회에서 장학금 지급이 부적절하다고 인정되는 경우※ 자세한 사항은 첨부파일 또는 홈페이지 참고","○ 학교장 추천 필요","○ 장학금 신청서○ 장학금 서약서○ 학교장 추천서○ 성적증명서※ 자세한 사항은 홈페이지 공고문 참조","https://www.yangsan.go.kr/scholarship/main.do","2025-10-13","2025-10-23"
"349 ","재단법인 양산시인재육성장학재단","푸른 꿈 장학생","지자체(출자출연기관)","장학금","해당없음","과학고국제고마이스터고영재고예술고외국어고일반고자율고제한없음체육고","1학년2학년3학년제한없음","○ 1학기 성적이 상위 50% 이내","○ 기초생활보장법에 의한 수급자와 차상위계층○ 초중고 교육비지원대상자 중 소년소녀 가정 장애인가정 한부모 가정","○ 인당 700천 원","○ 내년도 양산지역 중고등학교 진학 예정자 (관외 전학 진학 전출 예정자 제외)※ 자세한 사항은 첨부파일 또는 홈페이지 참고","○ 공고일(2025.9.8) 기준 관내 중 고등학교에 재학 중인 학생으로 학부모 (부 또는 모)와 학생이 양산시에 3년 이상 주소(주민등록)가 되어 있으며 사실상 거주하고 있는자","○ 소위원회(추천자에 대하여 적격여부 심사) 후 이사회 심의를 거쳐 최종 선발됨","○ 200명 (북한이탈주민 장학생 2명 포함)","○ 장학생이 학칙에 의해 제적 편입 또는 정학이상의 징계처분을 받은 경우○ 본 장학재단의 장학생으로서 적절치 못한 행위로 인하여 사회의 물의를 빚은 경우와 이사회에서 장학금 지급이 부적절하다고 인정되는 경우","○ 학교장 추천 필요○ 북한이탈주민 장학생의 경우 양산시 행정과장 추천 필요","○ 장학금 신청서○ 장학금 서약서○ 학교장 추천서○ 행정과장 추천서(북한이탈주민에 한함)○ 저소득 증빙서류※ 자세한 사항은 첨부파일 또는 홈페이지 참고","https://www.yangsan.go.kr/scholarship/main.do","2025-10-13","2025-10-23"
"350 ","재단법인 양산시인재육성장학재단","예체능탐구 특기 장학생","지자체(출자출연기관)","장학금","해당없음","과학고국제고마이스터고영재고예술고외국어고일반고자율고제한없음체육고","1학년2학년3학년제한없음","※ 자세한 사항은 첨부파일 또는 홈페이지 참고","※ 자세한 사항은 첨부파일 또는 홈페이지 참고","○ 개인 50만원○ 단체 400만원 이내","○ 2025 예체능탐구 특기분야 전국 3위 이상 및 도 단위 1위 입상자","○ 공고일(2025.9.8) 기준 관내 중 고등학교에 재학 중인 학생으로 학부모 (부 또는 모)와 학생이 양산시에 3년 이상 주소(주민등록)가 되어 있으며 사실상 거주하고 있는자","○ 소위원회(추천자에 대하여 적격여부 심사) 후 이사회 심의를 거쳐 최종 선발됨","○ 60명","○ 장학생이 학칙에 의해 제적 편입 또는 정학이상의 징계처분을 받은 경우○ 본 장학재단의 장학생으로서 적절치 못한 행위로 인하여 사회의 물의를 빚은 경우와 이사회에서 장학금 지급이 부적절하다고 인정되는 경우※ 자세한 사항은 첨부파일 또는 홈페이지 참고","○ 학교장 추천 필요","○ 장학금 신청서○ 장학금 서약서○ 학교장 추천서○ 대회요강자료 및 입증자료※ 자세한 사항은 첨부파일 또는 홈페이지 참고","https://www.yangsan.go.kr/scholarship/main.do","2025-10-13","2025-10-23"
"351 ","재단법인 양산시인재육성장학재단","고교 진학 양산사랑 장학생","지자체(출자출연기관)","장학금","해당없음","과학고국제고마이스터고영재고예술고외국어고일반고자율고제한없음체육고","1학년2학년","○ 고등학교 당해 학년 전체 (12학기별) 상위 10% 이내 성적 유지○ 성적증명서는 반드시 12학기별 평균 점수 및 학년 석차를 환산하여 상위 성적 비율 (%) 기재","※ 자세한 사항은 첨부파일 또는 홈페이지 참고","○ 인당 150만원","○ 성적 상위 10%이내 유지○ 내년도 양산지역 중고등학교 진학 예정자 (관외 전학 진학 전출 예정자 제외)","○ 공고일(2025.9.8) 기준 관내 중 고등학교에 재학 중인 학생으로 학부모 (부 또는 모)와 학생이 양산시에 3년 이상 주소(주민등록)가 되어 있으며 사실상 거주하고 있는자","○ 소위원회(추천자에 대하여 적격여부 심사) 후 이사회 심의를 거쳐 최종 선발됨","○ 60명○ 2023년 선발된 양산사랑장학생(고2) : 30명○ 2024년 선발된 양산사랑장학생 (고1) : 30명","○ 장학생이 학칙에 의해 제적 편입 또는 정학이상의 징계처분을 받은 경우○ 본 장학재단의 장학생으로서 적절치 못한 행위로 인하여 사회의 물의를 빚은 경우와 이사회에서 장학금 지급이 부적절하다고 인정되는 경우※ 자세한 사항은 첨부파일 또는 홈페이지 참고","○ 학교장 추천 필요","○ 장학금 신청서○ 장학금 서약서○ 성적증명서○ 주민등록초본○ 주민등록등본※ 자세한 사항은 첨부파일 또는 홈페이지 참고","https://www.yangsan.go.kr/scholarship/main.do","2025-12-29","2026-01-06"
"352 ","창녕군인재육성장학재단","성적우수장학생","지자체(출자출연기관)","장학금","지역연고","과학고국제고마이스터고영재고외국어고일반고","2학년3학년","○ 고등학교 성적(반석차)이 1~10위인 학생","해당없음","○ 100만원","○ 관내 고등학교 재학생으로 학교장의 추천을 받은 자","○ 학부모와 학생이 해당 연도 공고일 현재 1년이상 창녕군에 주소를 두고 사실상 거주하는 자 (최소 2024.12.5. ~ 2025.12.4.)","※ 자세한 사항은 첨부파일 또는 홈페이지 참고","○ 40명※ 자세한 사항은 첨부파일 또는 홈페이지 참고","※ 기관확인필요","○ 학교장 추천","○ 장학금 지급 신청서○ 개인정보 수집·이용 동의서○ 통장사본(보호자 또는 학생)○ 주민등록초본 각 1부(부·모·학생/주소변동 포함)○ 학교장 추천서○고등학교 성적증명서 ※ 자세한 사항은 첨부파일 또는 홈페이지 참고","http://www.cng.go.kr/life/injae","2026-02-12","2026-03-12"
"353 ","창녕군인재육성장학재단","관내고교진학생","지자체(출자출연기관)","장학금","지역연고","과학고국제고마이스터고영재고예술고외국어고일반고체육고","1학년","○ 고등학교 1학년: 관내 출신 중학생 중○ 1순위: 중학교 성적이 6.50%이내인 학생○ 2순위: 중학교 성적이 10.00%이내인 학생","해당없음","○ 100만원","○ 관내 고등학교 진학생으로 성적이 우수하여 출신학교장의 추천을 받은 자","○ 학부모와 학생이 당해 연도 공고일로부터 계속해서 창녕군내 1년 이상 주소를 두고 사실상 거주하는 자","※ 기관확인필요","○ 20명","해당없음","○ 학교장 추천","○ 장학금 지급 신천서○ 개인정보 수집이용 동의서○ 학교장 추천서○ 주민등록초본(보호자/ 학생/ 주소변동 포함)○ 통장사본(보호자 또는 학생)○ 중학교 성적증명서※ 자세한 사항은 첨부파일 또는 홈페이지 참고","http://www.cng.go.kr/life/injae","2026-02-12","2026-03-12"
"354 ","창녕군인재육성장학재단","기능.체육.예능 우수장학생","지자체(출자출연기관)","장학금","특기자","예술고일반고체육고","해당없음","해당없음","해당없음","○ 100만원","○ 2025년 기능/체육/예술분야 대회 입상자","○ 학부모와 학생이 당해 연도 공고일로부터 계속해서 창녕군내 1년 이상 주소를 두고 사실상 거주하는 자","○ 1순위: 전국대회 3위 이상 입상자○ 2순위: 도 단위 대회 1위 입상자","○ 8명","○ 종합체육대회 제외","○ 학교장이 장학재단에 추천","○ 장학금 지급 신청서○ 학교장 추천서○ 주민등록초본○ 통장사본○ 입상성적 증빙서류※ 자세한 사항은 첨부파일 또는 홈페이지 참고","http://www.cng.go.kr/life/injae","2026-02-12","2026-03-12"
"355 ","사단법인남해군향토장학회","예체능분야 장학금","지자체(출자출연기관)","장학금","지역연고","과학고국제고마이스터고영재고예술고외국어고일반고자율고제한없음체육고","1학년2학년3학년제한없음","해당없음","○ 서민자녀의 경우 가정형편이 어려운 사각지대 학생 우선 추천","○ 70만원~150만원※ 유형별로 상이하므로 선발 공고문 확인","○ 대회입상자○ 당해 연도 도대회 이상 3위 이상 입상자 및 국가대표와 그에 상응하는 대표로 선발된 자 및 단체○ 서민자녀○ 수급자/차상위계층/중위소득 70% 이하의 서민자녀로 음악·미술·체육·무용 분야에서 재능이 있는 학생","○ 선발공고일 현재 부모가 남해군에 주소를 두고 있는 학생","※ 기관확인필요","○ 대회입상자○ 재학생 10명○ 국가대표 2명 (초중고 합산)○ 서민자녀 5명","※ 기관확인필요","○ 학교장 추천","○ 공통서류 ○ 장학생 신청서○ 개인정보 수집·이용·제공 및 조회 동의서○ 학교장 추천서○ 주민등록 등본○ 통장사본○ 대회입상자○ 특기생 증빙서류○국가대표의 경우 이를 증빙할 수 있는 서류○ 서민자녀○ 추천사유 상세 기재(자율서식)○ 전공분야를 확인할 수 있는 서류(대회참가증/상장 등)※ 자세한 사항은 첨부파일 또는 홈페이지 참고","http://www.namhae.go.kr","2026-01-02","2026-01-22"
"356 ","밀양시민장학재단","장학생","지자체(출자출연기관)","장학금","지역연고","과학고국제고마이스터고영재고예술고외국어고일반고자율고제한없음체육고특성화고","1학년2학년3학년제한없음","해당없음","해당없음","○ 학기당 50만원(연 2회회)","○ 초·중등교육법  제 2조에 따른 밀양시 관내 소재 고등학교 재학생","○ 본인 및 부모 모두가 공고일 현재 밀양시에 주소를 두고 있는 자","○ 서류심사 후 장학재단 이사회에서 최종 선발○ 고등학생 : 관내 각 고등학교별 학생 수의 비율로 배정된 인원 학교장 추천○ 특성화고 : 학교장 추천","○ 45명 ○ 특성화고 9명 (별도)","※ 기관확인필요","○ 학교장 추천","※ 자세한 사항은 첨부파일 또는 홈페이지 참고","http://www.miryang.go.kr","2026-02-02","2026-02-27"
"357 ","재단법인 산청군향토장학회","입학장학금","지자체(출자출연기관)","장학금","성적우수","과학고국제고마이스터고영재고예술고외국어고일반고자율고제한없음체육고","1학년","○ 중학교 내신성적(고교입학전형 내신성적 산출)이 상위 10% 이내인 자 중에서 관내 고등학교 입학생※ 상위 10%인 자가 없을 경우 상위 1명 지급","○ 해당없음","○ 100만원","○ 산청군 소재 고등학교에 입학한 학생","○ 공고일 현재 부모 또는 학생이 산청군에 1년 이상 계속하여 주소를 두고 있으며 산청군 소재 고등학교에 입학한 학생","※ 기관확인필요","○ 20명","○ 해당없음","○ 학교장 추천","○ 장학생 신청(추천)서○ 중학교 내신성적증명서○ 부모(또는 본인) 주민등록초본(주소변동사항 포함)○ 개인(신용)정보 수집·이용 및 제공·조회 동의서○ 통장사본※ 자세한 사항은 첨부파일 또는 홈페이지 참고","http://www.sancheong.go.kr","2026-04-13","2026-05-08"
"358 ","재단법인 산청군향토장학회","예체능장학금 ","지자체(출자출연기관)","장학금","특기자","일반고","1학년2학년3학년제한없음","해당없음","해당없음","○ 50만원(단체의 경우 1인 기준 25만원)","○ 예체능특기자: 문화예술/ 체육/ 과학/ 컴퓨터/ 기술/ 수학/ 외국어 경시대회 등○ 당해연도 국가대표선수로 선발된 실적이 있는 자○ 당해연도 정부처/ 대한체육회 주관(주최) 전국대회 또는 장관급 이상 상을 수여하는 전국대회 3위 이내 입상자○ 도지사/ 도교육감/ 도체육회 주관(주최) 도대회 1위 입상자","○ 공고일 현재 부모 또는 학생이 산청군에 1년 이상 계속하여 주소를 두고 있으며 산청군에 소재한 고등학교 재학생 또는 학교 밖 청소년 중 예체능특기자","※ 자세한 사항은 첨부파일 또는 홈페이지 참고","○ 미정","○ 타기관 장학금과 중복수혜 불가","○ 학교장 추천(비인가 학교 및 학교 밖 청소년의 경우 장학회에 직접 신청)","○ 장학생 선발 신청(추천)서○ 상장사본○ 대회 주관 및 순위를 확인할 수 있는 대회 요강○ 보호자(학생)의 주민등록초본○ 개인(신용)정보 수집·이용·제공 및 조회 동의서○ 통장사본○ 학교 밖 청소년 증명 서류(해당자)※ 자세한 사항은 첨부파일 또는 홈페이지 참고","https:..wwwsancheong.go.kr/www/index.do","2025-11-03","2025-11-21"
"359 ","재단법인 함안군장학재단","진학장학금","지자체(출자출연기관)","장학금","지역연고","과학고국제고마이스터고영재고예술고외국어고일반고자율고제한없음체육고","1학년2학년3학년","해당없음","해당없음","○ 30만원","○ 다문화가정·난민 및 북한이탈주민 출신으로 관내 고등학교로 진학한 자(신입생)","○ 관내 고등학교에 재학 중인 학생으로서 신청일 현재 부·모 중 한명과 학생이 함안군에 주소를 두고 신청기준의 자격을 갖춘 자※ 자세한 사항은 첨부파일 또는 홈페이지 참고","○ 서류심사 후 함안군장학재단 이사회의 심의를 거쳐 대상자 최종확정","※ 기관확인필요","○ 관외 학교로 전학한 때○ 징계(제적/정학 등) 처분을 받은 때○ 한 학기 이상 휴학한 때○ 학생의 본분을 벗어난 행동으로 사회적 물의를 야기하였을 때○ 기타 장학금을 지급해서는 아니 될 중대한 사유가 있어 이사회에서 지급 중단을 의결하였을 때※ 자세한 사항은 첨부파일 또는 홈페이지 참고","○ 소속 학교장 추천(각 학교별 신청)○ 각 학교에 별도 통지하여 학교별 접수","○ 주민등록 등본 1통○ 보호자 통장사본 또는 학교통장사본○ 기타 심의에 필요한 서류○ 개인정보 수집 및 활용동의서○ 가족관계증명서와 부모 주민등록등본(해당자)○ 장학생 추천서(별지 제1호 서식)○ 중학교 내신 성적증명서(석차연명부)○ 학교별 추천 장학생 성적 연명부(별지서식)※ 자세한 사항은 첨부파일 또는 홈페이지 참고","https://www.hamansf.or.kr","2026-07-17","2026-07-27"
"360 ","재단법인 함안군장학재단","우수장학금","지자체(출자출연기관)","장학금","지역연고","과학고국제고마이스터고영재고예술고외국어고일반고자율고제한없음체육고특성화고","1학년2학년3학년","○ 직전 학기 학업성적(전국연합학력평가 및 대학수학능력시험 모의평가 국어/수학/영어) 단위학교 각 학년별 상위 5%이내인 자※ 특성화고는 해당학교 자체 성적기준 상위 5%이내인 자※ 자세한 사항은 첨부파일 또는 홈페이지 참고","해당없음","○ 100만원","○ 관내 고등학교에 재학 중인 자","○ 관내 고등학교에 재학 중인 학생으로서 신청일 현재 부·모 중 한명과 학생이 함안군에 주소를 두고 신청기준의 자격을 갖춘 자※ 자세한 사항은 첨부파일 또는 홈페이지 참고","○ 서류심사 후 함안군장학재단 이사회의 심의를 거쳐 대상자 최종확정","※ 기관확인필요","○ 관외 학교로 전학한 때○ 징계 처분을 받은 때○ 학생의 본분을 벗어난 행동으로 사회적 물의를 야기하였을 때○ 기타 장학금을 지급해서는 아니 될 중대한 사유가 있어 이사회에서 지급 중단을 의결하였을 때※ 자세한 사항은 첨부파일 또는 홈페이지 참고","○ 소속 학교장 추천(각 학교별 신청)○ 각 학교에 별도 통지하여 학교별 접수","○ 주민등록 등본 1통○ 장학생 추천서(별지 제1호 서식)○ 가족관계증명서와 부모주민등록등본(해당자)○ 직전학기 전국학력평가 성적증명서○ 학교별 추천 장학생 성적 연명부(별지서식)○ 보호자 통장사본 또는 학교 통장사본○ 개인정보 수집 및 활용 동의서○ 기타 심의에 필요한 서류※ 자세한 사항은 첨부파일 또는 홈페이지 참고","https://www.hamansf.or.kr","2026-07-17","2026-07-27"
"361 ","재단법인 함안군장학재단","자립장학금","지자체(출자출연기관)","장학금","지역연고","과학고국제고마이스터고영재고예술고외국어고일반고자율고제한없음체육고","2학년3학년","해당없음","○ 경제수준이 어려운 자 순으로 예산의 범위 내 선발","○ 100만원","○ 경제적인 이유로 학업을 계속하기가 곤란하다고 인정되는 고등학생","○ 관내 고등학교에 재학 중인 학생으로서 신청일 현재 부·모 중 한명과 학생이 함안군에 주소를 두고 신청기준의 자격을 갖춘 자※ 결손가정이나 소년소녀가정은 예외","○ 서류심사 후 함안군장학재단 이사회의 심의를 거쳐 대상자 최종확정○ 선발기준에 해당하는 자로서 경제수준이 어려운 자 순으로 예산의 범위 내 선발. 단 건강보험 납부액이 같을 경우 성적 우수자 순(전년도 건강보험 납부액 합계)","※ 기관확인필요","○ 관외 학교로 전학한 때○ 징계 처분을 받은 때○ 학생의 본분을 벗어난 행동으로 사회적 물의를 야기하였을 때○ 기타 장학금을 지급해서는 아니 될 중대한 사유가 있어 이사회에서 지급 중단을 의결하였을 때○ 본 장학재단 내 중복 신청은 불가※ 자세한 사항은 첨부파일 또는 홈페이지 참고","○ 소속 학교장 추천","○ 주민등록 등본○ 보호자 통장사본 또는 학교 통장사본○ 개인정보 수집 및 활용 동의서 ○ 가족관계증명서와 부모 주민등록등본(해당자)○ 장학생 추천서○ 직전학기 성적증명서 ○ 건강보험료 납부증명서(2025. 1~ 2025. 12월 내역)○ 학교별 추천 장학생 성적 연명부※ 자세한 사항은 첨부파일 또는 홈페이지 참고","https://www.hamansf.or.kr","2026-01-12","2026-01-19"
"362 ","재단법인 함안군장학재단","특기장학금","지자체(출자출연기관)","장학금","지역연고","과학고국제고마이스터고영재고예술고외국어고일반고자율고제한없음체육고","해당없음","해당없음","해당없음","○ 100만원 (단체전은 300만원 지급)","○ 아래 기준 택 중 1 문화·예술·체육·과학·기능분야에서 우수자 중 중앙정부기관 및 광역지방자치단체 주최 전국대회 3위 이내 입상자 (단체전 입상은 학교에 지급) 함안군 관내 고등학교 재학생 중 전문 국가기술자격(한국산업인력공단 기능사 이상) 취득자 (단 필기 면제 검정 자격증 취득자 제외)","○ 관내 고등학교에 재학 중인 학생으로서 신청일 현재 부·모 중 한명과 학생이 함안군에 주소를 두고 신청기준의 자격을 갖춘 자※ 결손가정이나 소년소녀가정은 예외","○ 서류심사 후 함안군장학재단 이사회의 심의를 거쳐 대상자 최종확정","※ 기관확인필요","○ 관외 학교로 전학한 때○ 징계 처분을 받은 때○ 학생의 본분을 벗어난 행동으로 사회적 물의를 야기하였을 때○ 기타 장학금을 지급해서는 아니 될 중대한 사유가 있어 이사회에서 지급 중단을 의결하였을 때○ 본 장학재단 내 중복 신청은 불가※ 자세한 사항은 첨부파일 또는 홈페이지 참고","○ 소속 학교장 추천","○ 주민등록 등본 1통※ 부모사실을 확인 할 수 없을 때 : 가족관계증명서와 부모 주민등록등본 각 1통○ 보호자 통장사본 또는 학교통장사본○ 개인정보 수집 및 활용 동의서○ 기타 심의에 필요한 서류○ 장학생 추천서 (별지 제1호 서식)○ 입상(수상) 증명서 또는 상장 (관련공문포함)※ 자세한 사항은 첨부파일 또는 홈페이지 참고","https://www.hamansf.or.kr","2026-07-17","2026-07-27"
"363 ","(재)합천군인재육성재단","예체능특기자장학금","지자체(출자출연기관)","장학금","지역연고","예술고체육고","1학년2학년3학년제한없음","해당없음","해당없음","○ 100만원","○ 2024년 문화·예술·체육·과학 등의 분야에서 ○ 전국적인 공인대회 3위 이내 입상자○ 경상남도대회 2위 이내 입상자○ 합천군청·합천교육지원청이 주최·주관하는 공식 대회 1위 입상자","○ 신청일 현재 합천군 관내 2년 이상 계속해서 주소를 두고 있는 학생 및 학부모","※ 자세한 사항은 첨부파일 또는 홈페이지 참고","○ 00명","○ 2개 부문 이상 장학금 선발대상에 해당하는 경우 1개 부문만 지급○ 품행이 극히 불량하고 학업성적이 자격수준 이하로 떨어졌을 때○ 퇴학 또는 정학 이상의 징계처분을 받거나 기타 사유로 학업을 중단였을 경우","○ 학교장 추천","○ 장학생 지원서○ 주민등록등본○ 통장사본○ 학교장의 장학생 추천서○ 기타 사실을 증명 할 수 있는 서류 ○ 대회 입상 성적증명서○ 관내 중학교 졸업증명서(관외 예술·체육고 진학자)※ 자세한 사항은 첨부파일 또는 홈페이지 참고","http://www.hc.go.kr/edu/main/","2025-02-12","2025-03-12"
"364 ","(재)합천군인재육성재단","희망장학금","지자체(출자출연기관)","장학금","지역연고","과학고국제고마이스터고영재고예술고외국어고일반고체육고","1학년2학년3학년제한없음","○ 직전 학기 교과목 평균 100점 만점 50점 이상인 학생","○ 기초생활수급자·한부모·차상위계층 가정 자녀","○ 50만원","○ 고등학교 재학생","○ 신청일 현재 합천군 관내 2년 이상 계속해서 주소를 두고 있는 학생 및 학부모","※ 자세한 사항은 첨부파일 또는 홈페이지 참고","○ 00명","※ 기관확인필요","○ 학교장 추천","○ 장학생 지원서○ 주민등록등본○ 통장사본○ 학교장의 장학생 추천서○ 기타 사실을 증명 할 수 있는 서류○ 해당자격증명서(수급자·한부모·차상위)○ 직전학기 성적증명서※ 자세한 사항은 첨부파일 또는 홈페이지 참고","http://www.hc.go.kr/edu/main/","2025-02-12","2025-03-12"
"365 ","(재)합천군인재육성재단","관내고교진학장학금","지자체(출자출연기관)","장학금","지역연고","과학고국제고마이스터고영재고예술고외국어고일반고체육고","1학년","○ 관내 중학교 졸업생 중 내신 석차 10% 이내로 관내 고등학교 진학한 학생○ 매년 학기말 내신 석차 50% 이내 학생에 한하여 3년간 지급※ 졸업생이 10명 미만 학교 : 상위 1명","해당없음","○ 100만원 (3년간 연 지급/상·하반기 2회 분할 지급)","해당없음","○ 신청일 현재 합천군 관내 2년 이상 계속해서 주소를 두고 있는 학생 및 학부모","※ 자세한 사항은 첨부파일 또는 홈페이지 참고","※ 자세한 사항은 첨부파일 또는 홈페이지 참고","○ 2개 부문 이상 장학금 선발대상에 해당하는 경우 1개 부문만 지급○ 품행이 극히 불량하고 학업성적이 자격수준 이하로 떨어졌을 때○ 퇴학 또는 정학 이상의 징계처분을 받거나 기타 사유로 학업을 중단였을 경우","○ 학교장 추천","○ 장학생 지원서○ 주민등록등본○ 통장사본○ 학교장의 장학생 추천서○ 기타 사실을 증명 할 수 있는 서류○ 중학교 내신 백분위가 기재된 석차 연명부※ 자세한 사항은 첨부파일 또는 홈페이지 참고","http://www.hc.go.kr/edu/main/","2025-02-12","2025-03-12"
"366 ","(재)합천군인재육성재단","성적우수자장학금","지자체(출자출연기관)","장학금","지역연고","과학고국제고마이스터고영재고외국어고일반고","2학년3학년","○ 고등학생 성적우수자○ 해당 학년 학생수 100명 이상 학교: 내신석차 상위 3명○ 해당 학년 학생수 100명 미만 50명 이상 학교: 내신석차 상위 2명○ 해당 학년 학생수 50명 미만 학교: 내신석차 상위 1명○ 수능성적우수자 (국·영·수·사탐/과탐)○ 수능등급 1등급 3개 영역 이상○ 수능등급 1등급 2개 영역 이상○ 수능등급 1등급 1개 영역 포함 2등급 2개 영역 이상○ 수능등급 1등급 1개 영역 이상 또는 수능등급 2등급 2개 영역 이상","해당없음","○ 고등학생성적우수자 : 100만원 (1회)○ 수능성적우수자 : 100만원 ~ 700만원 (1회)","○ 관내 고등학교 졸업생","○ 신청일 현재 합천군 관내 2년 이상 계속해서 주소를 두고 있는 학생 및 학부모","※ 자세한 사항은 첨부파일 또는 홈페이지 참고","○ 해당 학년 학생수 50명 이상 학교: 3명○ 해당 학년 학생수 50명 미만 20명 이상 학교: 2명○ 해당 학년 학생수 20명 미만 학교 : 1명","※ 기관확인필요","○ 학교장 추천","○ 장학생 지원서○ 주민등록등본○ 통장사본○ 학교장의 장학생 추천서○ 기타 사실을 증명 할 수 있는 서류 ○ 직전학기 성적증명서※ 자세한 사항은 첨부파일 또는 홈페이지 참고","http://www.hc.go.kr/edu/main/","2025-02-12","2025-03-12"
"367 ","서울미래인재재단","서울미래고교장학금","지자체(출자출연기관)","장학금","지역연고","과학고국제고마이스터고영재고예술고외국어고일반고자율고제한없음체육고","1학년2학년3학년제한없음","해당없음","○ 기초생활수급자 및 차상위계층○ 북한이탈주민○ 경제적 어려움이 있는 학생 중 학교장 추천 받은 학생","○ 200만원 (2회 분할 지급)","○ 자기주도적인 학습태도로 진로개발 의지를 갖고 노력하는 학생","○ 서울지역 고등학교 재학생(2025년 1·2학기)","○ 배정인원 : 증빙서류 및 자격요건 적격자 전원 선발○ 후보인원 : 후보인원 선발 기준에 따라 잔여예산 범위 내 선발※ 자세한 사항은 첨부파일 또는 홈페이지 참고","○ 990명 (학교 별 배정인원 3명/ 후보인원 1명)","※ 기관확인필요","○ 학교추천(교사 신청)","○ 온라인 신청서○ 교사추천서○ 자기소개서○ 경제상황 증빙서류○ 가족관계 증명서(해당자)○ 생활기록부 스캔본(후보인원 필수 제출)※ 자세한 사항은 첨부파일 또는 홈페이지 참고","http://www.hissf.or.kr ","2026-04-15","2026-04-29"
"368 ","서울미래인재재단","서울미래예체능장학금","지자체(출자출연기관)","장학금","특기자","예술고일반고체육고","1학년2학년3학년제한없음","해당없음","○ 기초생활수급자/ 차상위계층/ 중위소득 90% 이하에 해당하는자○ 학교장 추천 저소득 학생(학교장이 가정형편이 어려워 추천한 사각지대 학생)","○ 연간 350만원(175만원/학기)","○ 서울시 소재 고등학교 재학생○ 음악/ 미술/ 체육/ 무용 분야에서 재능을 보이는 학생○ 저소득 예체능 특기자로 학교장의 추천을 받은 학생※ 자세한 사항은 첨부파일 또는 홈페이지 참고","○ 대한민국 국적자로 초·중등 교육법에 의한 서울시 소재 고등학교 재학생","○ 1차 서류심사○ 2차 면접심사○ 3차 재단 장학생 선정위원회 심사","○ 180명 (학교별 추천인원 4명)","○ 방송연예 분야(밴드음악/힙합댄스/대중가요/모델 등) 제외○ 사전협의 없이 장학생 활동에 불참하는 등 장학생 활동에 불성실하게 참여하는 경우○ 전학/ 자퇴 등 지원자격을 상실하거나 현저히 학업을 유지할 수 없는 경우","○ 학교장 추천으로 개인 신청 필요 없음","○ 온라인 신청내역서○ 경제상황 증빙서류 택 1 (수급자 증명서 / 차상위계층 증빙서류 / 교육청학비지원 조사결과 중위소득값 기재 / 학교 회의록 사본)○ 신청자 체크리스트○ 학교장 추천 확인서○ 추천서○ 자기소개서 및 개인정보동의서○ 실기자료 소개양식○ 수상실적 상장사본(해당자)※ 자세한 사항은 첨부파일 또는 홈페이지 참고","https://www.hissf.or.kr","2026-04-15","2026-04-29"
"369 ","서울미래인재재단","서울미래직업계고장학금","지자체(출자출연기관)","장학금","해당없음","과학고국제고마이스터고영재고예술고외국어고일반고자율고제한없음체육고","3학년","○ 해당없음","○ 해당없음","○ 350만원","○ 2026년 서울직업교육혁신지구 학교 3학년 재학생○ 서울 협약형 특성화 고등학교(용산철도고등학교/인덕과학기술고등학교) 3학년 재학생○ 학교생활에 모범적이고 고등학교 1~2학년 동안의 취업 활동 참여도가 높아 고등학교 졸업 후 즉시 취업 의지가 강한 학생※ 자세한 사항은 첨부파일 또는 홈페이지 참고","○ 해당없음","○ 경제상황 및 생활기록부 기재(자격증 취득 개수/교과 및 출결(전년도) /수상경력) 환산 점수 합계 고득점자순 선발○ 동점자 발생 시 경제상황>출결>교과 점수 높은 순 우선 선발","○ 80명","○ 해당없음","○ 해당없음","○ 온라인 신청서○ 자기소개서○ 경제상황 증빙서류※ 자세한 사항은 첨부파일 또는 홈페이지 참고","https://www.hissf.or.kr ","2026-04-15","2026-04-29"
"370 ","재단법인 성혜장학회","학업우수장학생","기타","장학금","성적우수","과학고국제고마이스터고영재고예술고외국어고일반고자율고제한없음체육고","1학년2학년3학년제한없음","○ 학업 성적이 우수하고 품행이 타의 모범이 되는 학생(심사 기준은 본 재단 소정의 기준에 준함)","해당없음","○ 생활비 지원(1/2학기로 2회 분할 지급)※ 자세한 사항은 첨부파일 또는 홈페이지 참고","○ 고등학교 재학 또는 입학예정인 학생","해당없음","※ 기관확인필요","○ 00명","○ 국가 기관이나 지방자치단체/학교/기타 장학 관련 단체로부터 명시적인 장학금으로 수업료 또는 등록금을 전액 면제·지원 받는 학생","○ 담임선생님 이상의 추천○ 출석 교회 담임 목사님 추천(해당자에 한함)","○ 신청서 및 자기소개서 1부○ 성적 증명서 1부○ 재학 증명서 1부○ 추천서○ 주민등록등본 1부○ 가족관계증명서 1부○ 세목별 과세(납세)증명서 1부○ 소득금액증명원 1부○ 건강보험료 납부 확인서 1부(2024년~현재)○ 주택 임대차 계약서 사본 1부(자가 주택 이외)○ 기타 해당 서류(해당자에 한함)○ 국민 기초생활보장 수급자 증명서 1부○ 장애인 증명서 1부○ 한부모 가정 증명서 1부○ 기타 ※ 자세한 사항은 첨부파일 또는 홈페이지 참고","http://shscholar.com/","2026-02-10","2026-02-25"
"371 ","재단법인 성혜장학회","사랑복지장학생","기타","장학금","소득구분","과학고국제고마이스터고영재고예술고외국어고일반고자율고제한없음체육고","1학년2학년3학년제한없음","해당없음","○ 품행이 타의 모범이 되고 가정형편이 어려운 저소득층의 학생(심사 기준은 본 재단 소정의 기준에 준함)","○ 생활비 지원(1/2학기로 2회 분할 지급)※ 기관확인필요","○ 고등학교 재학 또는 입학예정인 학생","해당없음","※ 기관확인필요","○ 00명","○ 국가기관이나 지방자치단체/ 학교/ 기타 장학관련 단체로부터 명시적인 장학금으로 수업료 또는 등록금을 전액 면제·지원받고 있는 학생","○ 담임선생님 이상의 추천○ 출석 교회 담임 목사님 추천(해당자에 한함)","○ 신청서 및 자기소개서 1부○ 성적 증명서 1부○ 재학 증명서 1부○ 추천서 ○ 주민등록등본 1부○ 가족관계증명서 1부○ 세목별 과세(납세)증명서 1부○ 소득금액증명원 1부○ 건강보험료 납부 확인서 1부(2023년~현재)○ 주택 임대차 계약서 사본 1부(자가 주택 이외)○ 기타 해당 서류(해당자에 한함)○ 국민 기초생활보장 수급자 증명서 1부○ 장애인 증명서 1부○ 한부모 가정 증명서 1부○ 기타※ 자세한 사항은 첨부파일 또는 홈페이지 참고","https://shscholar.com/","2026-02-10","2026-02-25"
"372 ","재단법인 신안군장학재단","내고장학교장학금","지자체(출자출연기관)","장학금","지역연고","과학고국제고마이스터고영재고예술고외국어고일반고체육고","1학년2학년3학년제한없음","○ 관내 신입생으로 입학성적이 우수한 학생","해당없음","○ 70만원","○ 관내 중학교를 졸업○ 관내 고등학교 신입생(1학년)으로 고등학교 입학성적이 우수하고 학교장이 추천한 자","○ 부 또는 모(친권자)와 학생 본인이 공고일 현재 신안군에 6개월 이상 주민등록되어 있는 고등학생","○ 성적평가 100%○ 학교장 추천 후 재단 심사","○ 중고등학생 36명","○ 중복 신청자※ 자세한 사항은 첨부파일 또는 홈페이지 참고","○ 학교장추천","○ 장학금신청서○ 신청인서약서○ 개인정보 수집·이용 및 제공·조회 동의서○ 주민등록 등본○ 가족관계증명서○ 재학증명서○ 통장사본○ 관내 초/중학교 졸업증명서○ 학교장 추천서○ 붙임5 신안군 관내 중·고등학교 진학 약정서※ 자세한 사항은 첨부파일 또는 홈페이지 참고","https://www.shinan.go.kr","2025-10-01","2025-10-22"
"373 ","재단법인 신안군장학재단","일반(저소득)장학금","지자체(출자출연기관)","장학금","지역연고","일반고","1학년2학년3학년제한없음","해당없음","○ 국민기초생활수급자 및 차상위계층의 자녀○ 한부모 가정의 자녀○ 새터민 가정의 자녀○ 장애인 또는 장애인가정의 자녀○ 의사상자의 자녀○ 시설입소자 및 산업체 근로청소년○ 조손가정의 자녀○ 소득인정액 기준 중위소득 100% 이내의 건강보험료를 납부하는 가정※ 자세한 사항은 첨부파일 또는 홈페이지 참고","○ 70만원","○ 초중등교육법 제2조에 따른 신안군 소재 고등학교 재학생","○ 부 또는 모(친권자)와 학생 본인이 공고일 현재 신안군에 6개월 이상 주민등록되어 있는 고등학생","○ 소득평가 100%","○ 초등학생 15명 중학생 15명 고등학생 10명 대학생 10명","○ 중복 신청자※ 자세한 사항은 첨부파일 또는 홈페이지 참고","○ 재단 추천","○ 장학금신청서○ 신청인서약서○ 개인정보 수집·이용 및 제공·조회 동의서○ 주민등록 등본○ 가족관계증명서○ 재학증명서○ 통장사본○ 건강보험료납부확인서 및 건강보험자격확인서○ 국민기초생활수급자 및 차상위계층인 경우 해당 증명서※ 자세한 사항은 첨부파일 또는 홈페이지 참고","https://www.shinan.go.kr","2025-10-01","2025-10-22"
"374 ","재단법인 신안군장학재단","다문화가정장학금","지자체(출자출연기관)","장학금","지역연고","과학고국제고마이스터고영재고예술고외국어고일반고자율고제한없음체육고","1학년2학년3학년제한없음","해당없음","○ 저소득가정 우선선발","○ 70만원","○ 초중등교육법 제2조에 따른 신안군 소재 고등학교 재학생○ 다문화가정의 자녀","○ 부 또는 모(친권자)와 학생 본인이 공고일 현재 신안군에 6개월 이상 주민등록되어 있는 고등학생","○ 소득평가 100%","○ 20명 (초/중/고/대학생 포함)","○ 중복 신청자※ 자세한 사항은 첨부파일 또는 홈페이지 참고","○ 재단단 추천","○ 장학금신청서○ 신청인서약서○ 개인정보 수집·이용 및 제공·조회 동의서○ 주민등록 등본○ 가족관계증명서○ 재학증명서○ 통장사본○ 혼인관계증명서○ 건강보험납부확인서 및 건강보험자격확인서○ 국민기초생활수급자 및 차상위계층인 경우 해당 증명서※ 자세한 사항은 첨부파일 또는 홈페이지 참고","https://www.shinan.go.kr","2025-10-01","2025-10-22"
"375 ","재단법인 신안군장학재단","위기가정지원금","지자체(출자출연기관)","장학금","지역연고","과학고국제고마이스터고영재고예술고외국어고일반고자율고제한없음체육고","1학년2학년3학년제한없음","해당없음","○ 위기상황이 발생한 가정","○ 70만원","○ 신안군 소재 학교의 재학생○ 군에서 위기가정 긴급지원 대상으로 확정한 가정","○ 부 또는 모(친권자)와 학생 본인이 공고일 현재 신안군에 6개월 이상 주민등록되어 있는 고등학생","○ 이사장 결정 후 수시로 지급","○ 00명 (초중고대학생) ※ 예산범위 내 탄력적 운영","※ 자세한한 사항은 첨부파일 또는 홈페이지 참고","○ 재단 추천","○ 장학금신청서○ 신청인 서약서○ 개인정보 수집이용 및 제공조회 동의서○ 주민등록 등본○ 재학증명서○ 가족관계증명서○ 통장사본○ 위기가정 긴급지원 대상 증빙자료※ 자세한 사항은 첨부파일 또는 홈페이지 참고","https://www.shinan.go.kr","2025-10-01","2025-10-22"
"376 ","재단법인 신안군장학재단","낙도 학생 장학 사업","지자체(출자출연기관)","장학금","지역연고","과학고국제고마이스터고영재고예술고외국어고일반고자율고제한없음체육고","1학년2학년3학년제한없음","해당없음","○ 국민기초생활수급자 및 차상위계층의 자녀○ 소득인정액 기준 중위소득 100% 이내의 건강보험료를 납부하는 가정","○ 50만원","○ 신안군 낙도주민 정주여건 개선을 위한 생활 지원 조례 제2조에 정의하고 있는 낙도에 주민등록되어 있는 부모의 자녀○ 신안군 관내 고등학교에 재학중인 학생","○ 부 또는 모와 학생 본인이 공고일 기준 6개월 이상 신안군에 주민등록이 되어 있는 고등학생","※ 기관확인필요","○ 15명","해당없음","해당없음","○ 장학금 신청서○ 신청인서약서○ 개인정보 수집이용 및 제공조희 동의서○ 주민등록등본○ 가족관계증명서○ 재학증명서○ 통장사본○ 건강보험료납부확인서 및 건강보험자격확인서※ 자세한 사항은 첨부파일 또는 홈페이지 참고","https://www.shinan.go.kr","2025-04-21","2025-05-09"
"377 ","(재)제주평생교육장학진흥원","재능장학금","지자체(출자출연기관)","장학금","지역연고","과학고국제고마이스터고영재고예술고외국어고일반고자율고제한없음체육고","1학년2학년3학년제한없음","해당없음","해당없음","○ 100만원","○ 공고일 기준 국내에 소재하는 학교(비학위과정 제외)에 재학 중인 39세 이하 학생○ 전국 단위 이상의 문화/예술/체육/과학 등의 최근 2년 이내 대회에서 3위 이내 입상자※ 자세한 사항은 첨부파일 또는 홈페이지 참고","○ 학생이 공고일 전일까지 제주특별자치도에 주민등록표상 주소지를 두었던 기간이 합산하여 총 5년 이상○ 공고일 기준 현재 학생 또는 부모(법정대리인 포함)가 제주특별자치도에 주민등록이 되어 있는 자","○ 최근 2년 이내 대회에서 3위 이내 입상한 상위 실적 최대 3건에 대한 평가○ 제출한 입상 실적을 대상으로 각 실적 평가점수를 합산하여 고득점자 순으로 선발○ 동점자 처리:1순위 사회적 배려 대상자/2순위 최근 입상 실적 순/3순위 다자녀 가정※ 자세한 사항은 첨부파일 또는 홈페이지 참고","○ 16명","○ 신청 제외 대상자가 신청하는 경우/접수 마감일까지 서류 미비 신청자는 심사 대상에서 제외※ 자세한 사항은 첨부파일 또는 홈페이지 참고","○ 학교장 추천","○ 제주인재육성장학금 신청서○ 장학생 추천서○ 개인정보 수집/이용/제3자 제공 동의서○ 학생 주민등록표초본○ 부 또는 모(보호자) 주민등록표초본○ 재학증명서○ 대회 입상 실적 작성서○ 실적 증빙서류○ 통장사본○ 가족관계증명서※ 자세한 사항은 첨부파일 또는 홈페이지 참고","http://jiles.or.kr","2026-06-01","2026-06-19"
"378 ","(재)제주평생교육장학진흥원","JDC환경장학생","지자체(출자출연기관)","장학금","해당없음","과학고국제고마이스터고영재고예술고외국어고일반고자율고제한없음체육고","1학년2학년3학년제한없음","○ 1~2학년: 251학기 내신 성적 중 국 영 수 중 2과목 이상을 포함한 가장 우수한 3개 과목의 등급 평균 수○ 3학년: 25년 6월 한국교육과정평가원 전국연합학력평가 국 영 수 한국사 영역의 등급 평균 순","해당없음","○ 1인당 100만원","○ 대한민국 내 고등학교에 재학 중인 대한민국 국적의 학생○ 공고일 기준 그 보호자가 제주특별자치도 소속 환경미화원으로 재직중인 자","해당없음","○ 가정유형 30% 및 학업성적 70%","○ 총 51명 내외 (중학생 26명 내외 고등학생 25명 내외)","○ 25년 정학 이상의 징계처분을 받았거나 휴학 그 밖의 사유로 학업을 계속하지 아니한 자○ 자격 및 선발 기준에 미달되거나 위배되는 자○ 그 밖에 지원을 하지 아니하는 것이 타당하다고 인정되는 자 ","해당없음","○ 제주인재육성장학금 신청서○ 개인정보 수집 이용 제3자 제공 동의서○ 보호자 경력증명서○ 재학증명서○ 가족관계증명서○ 통장사본○ 성적증명서 (학년별로 해당 서류 다름)○ 해당 서류 ※ 자세한 사항은 첨부파일 또는 홈페이지 참고","https://jiles.or.kr","2025-08-01","2025-08-21"
"379 ","울산광역시 남구장학재단","성적우수장학생","지자체(출자출연기관)","장학금","지역연고","과학고국제고마이스터고영재고외국어고일반고","해당없음","○ 신입생 : 중학교 3학년 1학기/2학기 내신성적 평균 90점 이상○ 재학생 : 전 학년 1학기/2학기 내신성적 평균이 90점 이상※ 자세한 사항은 첨부파일 또는 홈페이지 참고","해당없음","○ 150만원","○ 초중고 한개 학교를 울산남구 소재 학교에 재학 중이거나 졸업한 학생","○ 신청일 현재 본인 또는 부모가 울산남구에 1년 이상 거주","○ 성적 70% 가정형편 30%","○ 2명","○ 무상교육 혜택을 받는 학교의 학생 제외○ 1세대 1명만 지원가능※ 자세한 사항은 첨부파일 또는 홈페이지 참고","○ 담당교사","○ 장학금 지원 신청서○ 자기소개서○ 장학생 추천서○ 주민등록등본○ 개인정보 수집/이용/제공 및 조회 동의서○ 학생명의 보통예금통장 사본○ 자원봉사 활동 확인서○ 가족관계증명서○ 서약서○ 학교생활기록부○ 지방세 세목별 과세 증명서○ 건강보험 납부확인서 또는는 자격득실확인서※ 자세한 사항은 첨부파일 또는 홈페이지 참고","http://www.unsf.or.kr/","2026-03-09","2026-03-18"
"380 ","현대차 정몽구 재단","문화예술인재장학금","기타","장학금","특기자","과학고국제고마이스터고영재고예술고외국어고일반고자율고제한없음체육고","1학년2학년","해당없음","○ 2024년 기준 가구 중위소득 150%이하○ 법정 저소득층: 기초생활수급자 차상위계층 한부모가족 등○ 한국장학재단 소득구간 심사자: 2025년 1학기 학자금 지원구간 7구간 이하※ 자세한 사항은 첨부파일 또는 홈페이지 참고","○ 학습장학금 450만원○ 국제콩쿠르 참가 지원 최대 500만원(연 1회)○ 글로벌 우수 장학금 300만원(입상 시)○ 해외 진출 장학생 장학금 300600만원(학기당)○ 정상급 음악가를 통한 연주 교육 및 대형무대 연주 기회 제공(온드림 앙상블)※ 자세한 사항은 첨부파일 또는 홈페이지 참고","○ 국내 음악.무용 전공 고등학생(1/2학년) 및 홈스쿨링 학생(서류제출일 기준 만 17세 이하)","해당없음","○ 1차 : 서류 및 연주 영상 심사○ 2차 : 온라인 인성검사○ 3차 : 실기 검사","○ 15명(중고등)","○ 해당 전공자 외 지원불가","해당없음","○ 지원서 및 자기소개서○ 가족관계증명서○ 소득수준 심사 증빙서류○ 최근 3개월 이내 연주영상 유튜브 링크 제출※ 자세한 사항은 첨부파일 또는 홈페이지 참고","http://www.hyundaicmkfoundation.org/","2026-03-25","2026-04-15"
"381 ","강북구청","복지장학생","지자체(출자출연기관)","장학금","지역연고","과학고국제고마이스터고영재고예술고외국어고일반고체육고","1학년2학년3학년제한없음","해당없음","○ 생활이 어려운 고등학생으로 기준 중위소득 120% 이하","○ 100만원","○ 국가/지방자치단체/학교/민간다체로부터 장학금 등을 지원 받지 않는 학생○ 2026년 타 장학금 등 수혜사실이 없는 학생○ 초중등교육법 제 2조에 따른 고등학교 재학생","○ 공고일을 기준으로 강북구 관내에 계속하여 1년 이상 주민등록 주소지를 두고 있는 주민 또는 주민의 자녀","○ 실태조사표 고득점자 순 : 가구현황(60점) 성적(20점) 거주기간(10점) 자녀 수(10점)○ 결격사유 : 실태조사표 점수 50점 미만 및 기준 중위소득 120% 초과","○ 21명","○ 2024년 이후 강북구 장학생 수혜자는 중복 지원 불가 ○ 장학생 또는 장학생 부모가 강북구 관외로 거주지 이전한 경우○ 1가구당 1명/1분야만 신청가능","○ 동장 추천","○ 장학생 신청서○ 재학증명서○ 주민등록 등·초본○ 가족관계증명서(해당자)○ 개인정보 수집·이용 및 제3자 제공 동의서○ 행정정보 공동이용 사전동의서○ 장학생 추천서 도는 추천 의견서○ 성적증명서(2026년 1학기)○ 소득증빙서류○ 통장사본※ 자세한 사항은 첨부파일 또는 홈페이지 참고","http://www.gangbuk.go.kr","2026-08-03","2026-08-26"
"382 ","강북구청","우등장학생","지자체(출자출연기관)","장학금","지역연고","과학고국제고마이스터고영재고외국어고일반고자율고","1학년2학년3학년제한없음","○ (1·2학년) 직전 학기 재학 중의 성적이 평균등급 1.5등급 이내○ (3학년) 직전 학기 재학 중의 성적이 평균등급 2.9등급 이내","해당없음","○ 100만원","○ 초중등 교육법 제2조에 따른 고등학교 재학생○ 국가 또는 지방자체단체·학교·민간단체로부터 장학금 등을 지원받지 않는 학생","○ 공고일을 기준으로 강북구 관내에 계속하여 1년 이상 주민등록 주소지를 두고 있는 주민 또는 주민의 자녀","○ 5등급제(1·2학년)와 9등급제(3학년)을 백분율로 환산하여 성적이 우수한 자○ 결격사유; (1·2학년) 1.5등급 초과 / (3학년) 2.9등급 초과※ 미수혜자 우선 선발","○ 3명","○ 장학생 또는 장학생 부모가 강북구 관외로 거주지 이전한 경우○ 1가구당 1명/1분야만 신청가능","○ 학교장 추천","○ 장학생 신청서○ 장학생 추천서 또는 추천 의견서○ 재학증명서○ 주민등록 등·초본○ 가족관계증명서(해당자)○ 개인정보 수집·이용 및 제3자 제공 동의서○ 행정정보 공동이용 사전동의서○ 성적증명서(2026년 1학기)○ 통장사본※ 자세한 사항은 첨부파일 또는 홈페이지 참고","http://www.gangbuk.go.kr","2026-08-03","2026-08-26"
"383 ","강북구청","유공장학생","지자체(출자출연기관)","장학금","지역연고","과학고국제고마이스터고영재고예술고외국어고일반고자율고제한없음체육고","1학년2학년3학년제한없음","해당없음","해당없음","○ 100만원","○ 관내 거주 또는 관내 사업장에 종사하면서 유공기간이 1년 이상인 사람의 자녀○ 초중등교육법 제2조에 따른 고등학생 재학생○ 국가 또는 지방자체단체·학교·민간단체로부터 장학금을 지원받지 않는 학생","해당없음","○ 실태조사표 고득점자 순 : 유공(50점) 가구현황(30점) 거주기간(10점) 자녀 수(10점)○ 결격사유 : 실태조사표 점수 50점 미만 및 유공기간 1년 미만※ 미수혜자 우선 선발","○ 3명","○ 장학생의 퇴학정학 또는 그 밖의 사유로 학업을 중단한 경우○ 보호자가 거주지 또는 사업장을 강북구 관외로 이전하였을 때도 해당○ 1가구당 1명/1문야만 신청 가능※ 자세한 사항은 첨부파일 또는 홈페이지 참고","○ 동장 추천","○ 장학생 신청서○ 장학생 추천서 또는 추천 의견서○ 재학증명서○ 주민등록 등·초본○ 가족관계증명서(해당자)○ 개인정보 수집·이용 및 제3자 제공 동의서○ 행정정보 공동이용 사전동의서○ 유공 증빙자료○ 소득증빙서류○ 통장사본※ 자세한 사항은 첨부파일 또는 홈페이지 참고","http://www.gangbuk.go.kr","2026-08-03","2026-08-26"
"384 ","강북구청","강북희망장학생","지자체(출자출연기관)","장학금","지역연고","과학고국제고마이스터고영재고예술고외국어고일반고자율고제한없음체육고","1학년2학년3학년제한없음","해당없음","해당없음","○ 100만원 (연 2회 분할지급)","○ 모범적인 선행 및 효행활동·사회봉사 등 특별한 공적이 있어 학교장의 추천을 받은자","해당없음","○ 고등학교별 배정인원 내 학교장이 추천한 자를 대상으로 선발","○ 11명","○ 장학생 또는 장학생 부모가 강북구 관외로 거주지 이전한 경우○ 장학생의 퇴학정학 또는 그 밖의 사유로 학업을 중단한 경우○ 1세대 당 1명만 신청가능○ 국가 또는 지방자체단체·학교·민간단체로부터 장학금을 지원받지 않는 학생(기회균등전형 고등학생 제외)","○ 학교장 추천(개별 신청 불가능)","○ 장학생 신청서○ 재학증명서○ 주민등록 등·초본○ 가족관계증명서(해당자)○ 개인정보 수집·이용 및 제3자 제공 동의서○ 행정정보 공동이용 사전동의서○ 학교장추천서·추천자명단·의견서○ 추천증명서류○ 통장사본(보호자)※ 자세한 사항은 첨부파일 또는 홈페이지 참고","http://www.gangbuk.go.kr","2024-04-29","2024-05-17"
"385 ","강북구청","체육장학생","지자체(출자출연기관)","장학금","해당없음","과학고국제고마이스터고영재고예술고외국어고일반고자율고제한없음체육고","1학년2학년3학년제한없음","해당없음","해당없음","○ 150만원","○ 신청일자 기준 관내 학교 재학생○ 체육경기 실적 우수자○ 강북구체육상 수상경력자○ 지속적인 엘리트 체육 학생 중 가정형편이 어려운 자","○ 신청일자 기준 관내 주소를 둔 체육학생","○ 강북구체육진흥협의회 장학금심의위원회 선정","○ 15명 내외","※ 기관확인필요","○ 학교장 추천","○ 장학금 지원신청서(본인 및 보호자 작성)○ 학교장 추천서○ 최근 1년간 경기실적 및 공적사항○ 사회적 배려 대상자일 경우 관련 증빙서류※ 자세한 사항은 첨부파일 또는 홈페이지 참고","https://infoedu.gangbuk.go.kr/portal/bbs/B0000145/view.domenuNo=200081&nttId=181784","2026-05-12","2026-07-01"
"386 ","인천광역시교육청","학비지원금","지자체(출자출연기관)","장학금","해당없음","외국어고일반고","1학년2학년3학년제한없음","※ 해당 지원 사업에 대한 자세한 내용은 가정통신문으로 안내할 예정","○ 법정지원대상자○ 중위소득 60%이하 가구","○ 학비 감면 (입학금/수업료/학교운영지원비)※ 자세한 사항은 첨부파일 또는 홈페이지 참고","○ 지원 대상학교 : 하늘고 / 포스코고 / 인천외고○ 법정지원대상자 / 중위소득 60%이하 가구 자녀 / 난민인정자 및 특별기여자※ 자세한 사항은 첨부파일 또는 홈페이지 참고","※ 해당 지원 사업에 대한 자세한 내용은 가정통신문으로 안내할 예정","※ 기관확인필요※ 해당 지원 사업에 대한 자세한 내용은 가정통신문으로 안내할 예정","※ 기관확인필요","※ 기관확인필요※ 해당 지원 사업에 대한 자세한 내용은 가정통신문으로 안내할 예정","※ 해당 지원 사업에 대한 자세한 내용은 가정통신문으로 안내할 예정","※ 기관확인필요※ 해당 지원 사업에 대한 자세한 내용은 가정통신문으로 안내할 예정","https://www.ice.go.kr/ice/na/ntt/selectNttInfo.do","2026-03-01","2027-02-28"
"387 ","충청북도교육청","미래핵심인재장학생","지자체(출자출연기관)","장학금","해당없음","과학고예술고외국어고일반고체육고","1학년2학년3학년제한없음","해당없음","해당없음","○ 100만원","○ 일반고 및 특목고 재학생으로서 학교 교육활동 프로그램에 적극 참여하여 자기주도성과 협업 능력을 발휘한 미래핵심역량을 지닌 우수 인재○ 학업역량/기능우수자/학생자치활동 등 다양한 분야에서 뚜렷한 실적과 역량을 지닌 우수 인재○ 어려운 환경 속에서도 성실히 생활하며 다른 학생의 모범이 되는 학생","해당없음","※ 재단이 학교측에 장학생을 추천받아 선발하는 장학금으로 자세한 사항은 학교 장학부서에 문의","○ 57명※ 충청북도내 일반고(53교)와 특목고(4교) 재학생※ 학교별 1명","○ 학교 폭력 가해 등 사회적 물의를 일으킨 학생은 추천제외※ 자세한 사항은 첨부파일 또는 홈페이지 참고","○ 학교별 장학생 추천","○ 장학생신상카드○ 장학생 지원 및 추천서○ 개인정보 수집이용 및 제공 동의서○ 장학생 추천 대상자 명단※ 자세한 사항은 첨부파일 또는 홈페이지 참고","https://www.cbe.go.kr/cbe/main.do","2026-04-22","2026-06-22"
"388 ","(재)논공효천장학회","일반장학생(특기자)","기타","장학금","지역연고","과학고국제고마이스터고영재고예술고외국어고일반고자율고제한없음체육고","1학년2학년3학년제한없음","해당없음","해당없음","○ 50만원","○ 예·체·기능의 특기가 있는 자○ 시/도 단위 대회 우승자○ 전국대회 3위 이상의 입상자 ○ 국가대표선수로 선발된 실적이 있는 자※ 수상 및 선발 시기는 2025.1.1 ~ 2025.12.31 내로 한함","○ 선발 공고일 현재 농공읍에 등록기준지 또는 주소를 3년 이상 계속 두고 거주하고 있는 읍민과 그의 자녀","※ 기관확인필요","○ 3명 (초/중/고 총합)","○ 대회요강자료가 없을 경우 순위를 파악할 수 없어 선발 제외○ 동일 수상실적으로 장학금을 지원받은 내역이 없어야 함○ 직전년도 효천장학금 수혜자 (수혜대상자가 없을 경우 이사회를 거쳐 선발 가능)※ 자세한 사항은 첨부파일 또는 홈페이지 참고","○ 읍민장 및 이장 / 학교장 추천","○ 장학생 선발신청서○ 학교장 추천서○ 논공읍장 및 이장 추천서○ 신청인 서약서○ 개인(신용)정보 수집·이용·제공 및 조회 동의서○ 주민등록등본 및 초본 (주소변동사항 포함)○ 가족관계증명서○ 2025년 건강보험료 납입증명서(부모 모두)○ 2025년 지방세 세목별 과세증명서(부모 모두)○ 교육비납입증명서○ 재학증명서○ 대회성적 증빙자료(상장/경기실적증명서/대회요강 등)※ 자세한 사항은 첨부파일 또는 홈페이지 참고","http://dalseong.daegu.kr","2026-02-02","2026-02-27"
"389 ","(재)논공효천장학회","특별장학생","지자체(출자출연기관)","장학금","지역연고","과학고국제고마이스터고영재고예술고외국어고일반고자율고제한없음체육고","해당없음","해당없음","해당없음","○ 100만원 (생활비 명목)","○ 학교장이 추천한 학생","○ 선발공고일 현재 논공읍에 등록기준지 또는 주소를 3년 이상 계속 두고 거주하고 있는 읍민과 그의 자녀","○ 학교장이 추천한 학생 중 선발※ 자세한 사항은 첨부파일 또는 홈페이지 참고","○ 3명","○ 직전년도 효천장학금 수혜자 (단 수혜대상자가 없을 경우 이사회를 거쳐 선발 가능)※ 자세한 사항은 첨부파일 또는 홈페이지 참고","○ 학교장 추천","○ 장학생 선발신청서○ 학교장 추천서○ 논공읍장 및 이장 추천서○ 신청인 서약서○ 개인정보 수집·이용·제공 및 조회 동의서○ 주민등록등본 및 주민등록초본(주소변동사항 포함)○ 가족관계증명서○ 2025년 건강보험료 납입증명서(부모 모두)○ 2025년 지방세 세목별 과세증명서(부모 모두)○ 교육비납입증명서○ 재학증명서※ 자세한 사항은 첨부파일 또는 홈페이지 참고","http://dalseong.daegu.kr","2026-02-02","2026-02-27"
"390 ","밀알복지재단","꿈이룸장학(학업지원형)","기타","장학금","해당없음","과학고국제고마이스터고영재고예술고외국어고일반고자율고제한없음체육고","3학년","해당없음","○ 기초생활수급자○ 차상위계층","○ 월 25만원 (연간 300만원)","※ 자세한 사항은 첨부파일 또는 홈페이지 참고","해당없음","※ 자세한 사항은 첨부파일 또는 홈페이지 참고","○ 10명","○ 기관 또는 학교를 통해서 신청 가능 (개인 신청 불가)○ 한 기관당 4명까지 가능","※ 자세한 사항은 첨부파일 또는 홈페이지 참고","○ KSD 꿈이룸 장학사업 신청서○ 주민등록등본○ 개인정보 수집 및 이용 동의서○ 소득증빙서류※ 자세한 사항은 첨부파일 또는 홈페이지 참고","https://www.miral.org","2026-03-03","2026-04-03"
"391 ","밀알복지재단","꿈이룸장학(인재양성형)","기타","장학금","해당없음","과학고국제고마이스터고영재고예술고외국어고일반고자율고제한없음체육고","1학년","○ 국/영/수 상위 30% 이내","○ 소득분위 4분위(90%) 이하","○ 월 30만원(연간 360만원)","○ 기초생활수급자/차상위계층/보호종료아동청소년 또는 가족돌봄청년 우대","해당없음","※ 자세한 사항은 첨부파일 또는 홈페이지 참고","○ 20명","○ 기관 또는 학교를 통해서 신청 가능 (개인 신청 불가)○ 한 기관당 4명까지 신청 가능","○ 추천 필요※ 자세한 사항은 첨부파일 또는 홈페이지 참고","○ KSD 꿈이룸 장학사업 신청서○ 주민등록등본○ 개인정보 수집 및 이용 동의서○ 성적증명서○ 학업계획서※ 자세한 사항은 첨부파일 또는 홈페이지 참고","https://www.miral.org","2026-03-03","2026-04-03"
"392 ","삼성꿈장학재단","SOS꿈나눔 장학금","기타","장학금","소득구분","과학고국제고마이스터고영재고예술고외국어고일반고자율고제한없음체육고","해당없음","해당없음","○ 갑작스런 경제의 위기/학교 부적응 등 긴박한 어려움에 처하여 긴급하게 장학금 및 멘토링이 필요한 고등학생※ 자세한 사항은 첨부파일 또는 홈페이지 참고","○ 월 30만원(선정된 달부터 다음해 2월까지 지원)※ 선정된 달부터 다음해 2우러까지 지원※ 멘토 명의 통장계좌로 분기별 지급","해당없음","해당없음","※ 기관확인필요","※ 기관확인필요","○ 학생의 부모/형제/친인척 또는 보호자는 멘토가 될 수 없음○ 한 명의 멘토는 한 명의 장학생만 지원 가능※ 자세한 사항은 첨부파일 또는 홈페이지 참고","○ 멘토의 지원 필요※ 학교밖청소년의 경우 학교밖청소년지원센터의 담당 선생님이 멘토로 신청할 수 있고 멘토링 계획서에 기관장 추천서 제출※ 자세한 사항은 첨부파일 또는 홈페이지 참고","○ 학생○ SOS장학 지원신청서○ 주민등록등본○ 경제상황증빙서류○ 멘토○ 멘토링계획서※ 자세한 사항은 첨부파일 또는 홈페이지 참고","https://www.sdream.or.kr","2026-06-01","2026-06-30"
"393 ","롯데장학재단","신격호 롯데 장애예술인 지원금","기타","장학금","해당없음","과학고국제고마이스터고영재고예술고외국어고일반고자율고제한없음체육고","1학년2학년3학년제한없음","해당없음","○ 기초생활수급자 / 차상위계층 / 한부모가족은 가산점","○ 인(팀)당 300만원","○ 만 13세~19세○ 국내 거주중인 장애인복지법에 따른 등록 장애인○ 분야 : 클래식 / 실용음악 / 국악 / 무용용","해당없음","○ 심사기준 : 예술적 기량 및 잠재력(40점) / 활동 계획의 구체성 및 실현 가능성(30점) / 지원의 필요성 및 기대효과(25점) / 행정 가산점(5점)○ 접수  비대면심사(온라인)  대면심사(오프라인)","○ 5명/팀","○ 본 사업과 유사한 성격의 타 장학금이나 지원금을 중복 수혜하고 있는 경우 선정 과정에서 제외되거나 조정될 수 있음※ 자세한 사항은 첨부파일 또는 홈페이지 참고","○ 해당 시 추천서(교사/강사 등 제3자의 추천) 제출필요※ 자세한 사항은 첨부파일 또는 홈페이지 참고","○ 지원 신청서 및 자기소개서○ 개인정보 수집·이용 동의서○ 등록 장애인 증명서○ 예술 활동 내역 및 영상(포트폴리오)○ 활동 계획서 (지원금 사용 계획 포함)○ 관련 분야 수상 증명서(해당자)○ 추천서 (해당자)○ 기타 가산점 서류 (해당자)※ 자세한 사항은 첨부파일 또는 홈페이지 참고","http://fdca.or.kr/bbs/board.phpbo_table=notice&wr_id=476","2026-07-01","2026-07-31"
"394 ","(재)고속도로장학재단","고속도로장학생","기타","장학금","기타","과학고국제고마이스터고영재고예술고외국어고일반고체육고","1학년2학년3학년제한없음","해당없음","해당없음","○ 기초·차상위 : 300만원○ 일반 : 200만원","○ 고속도로 사고(건설/ 유지관리 안전사고)로 사망한 자의 자녀 및 장애의 정도가 심한 장애인(기존 1∼3급/ 장애인복지법)으로 판정을 받은 자 또는 그의 자녀","해당없음","○ 장학재단 장학금 수혜대상자 조사표에 의거 서류 심사 후 심의위원회 의결을 거쳐 선발","○ 대학생/고등학생 00명","○ 1가구 1인 신청 원칙(기초생활수급자/ 차상위계층의 경우 1가구 2인 신청 가능)","해당없음","○ 고속도로장학금 신청서 (개인정보 수집/이용 동의서 함께 제출) 1부○ 교통사고 사실 확인원(경찰서 발행) 1부○ 사고자와의 관계 증명 서류 (가족관계증명서 또는 제적등본/주민등록등본) 1부○ 재학증명서 1부○ 신청자 본인 통장 사본 1부○ 국민기초생활보장법에 의한 수급자 증명서 등 생활형편증명서류 1부(해당자)○ 장애인의 경우 장애인복지카드(장애인 등록증) 사본 1부○ 재적증명서 및 1학기 등록금 납입 영수증 1부(휴학생)○ 기타 사실관계 확인 및 증빙을 위하여 필요한 서류※ 자세한 사항은 첨부파일 또는 홈페이지 참고","http://www.hsf.or.kr","2025-09-08","2025-10-10"
"395 ","IBK행복나눔재단","IBK다문화사랑","기타","장학금","기타","과학고국제고마이스터고영재고예술고외국어고일반고자율고제한없음체육고","1학년2학년3학년제한없음","해당없음","해당없음","○ 100만원","○ 결혼이나 취업 등으로 국내에 거주 중인 다문화가족(중소기업 외국인 근로자 포함) 중 생계가 매우 어려운 사람","해당없음","○ 사전상담 신청 전화 인터뷰 서류제출 및 심사 지원결정","※ 기관확인필요","※ 기관확인필요","해당없음","※ 자세한 사항은 첨부파일 또는 홈페이지 참고","http://www.ibkfoundation.or.kr/","2024-03-11","2024-04-12"
"396 ","재단법인 신한장학재단","신규장학생","기타","장학금","소득구분","과학고국제고마이스터고영재고예술고외국어고일반고체육고","3학년","○ 수능 4개 영역(국어/수학/영어/탐구) 중 3개 영역이상 4등급 이내 또는 고교 내신 이수과목 1/2 이상 4등급 이내※ 자세한 사항은 첨부파일 또는 홈페이지 참고","○ 국민기초생활보장제도에 따른 기초생활수급자 또는 차상위계층","○ 600만원 (연간)","※ 기관확인필요","해당없음","○ 적격심사/ 서류심사/ 면접심사","○ 총 100명 내외","○ 장학금 중복수혜 금지","○ 추천서 필요","○ 장학생 추천서○ 장학생 신청서○ 생활기록부 사본○ 주민등록등본○ 가족관계증명서○ 수능성적표(해당자)○ 장애인증명서(해당자)○ 소득증빙서류※ 자세한 사항은 첨부파일 또는 홈페이지 참고","http://www.shsf.or.kr","2024-12-09","2025-01-08"
"397 ","경기도민회장학회","성적소득장학생","지자체(출자출연기관)","장학금","지역연고","과학고국제고마이스터고영재고외국어고일반고","1학년2학년3학년제한없음","○ 수능성적 과목별 백분위 표시 평균 80점 이상 또는 고교 3학년 내신성적 전과목 평균 80점 이상인 자","해당없음","○ 60만원~400만원※ 자세한 사항은 첨부파일 또는 홈페이지 참고","○ 접수일 현재까지 주민등록상 부 또는 모가 3년 이상 연속하여 경기도내에서 거주하고 있는 경기도민의 자녀○ 국내 소재 학교에 재학 중이거나 신입 또는 복학 예정인 학생","○ 부모 중 한분이라도 경기도 내 3년 이상 연속하여 거주하고 있어야함","○ 서류 접수 후 심사를 거쳐 선발됨","○ 대학생 316명/ 전문대생 85명/ 사이버대생 및 방통대생 30명","○ 1년 (휴학/퇴학/타장학금 등록금 초과자 제외)○ 한국장학재단의 학자금 중복지원방지 제도에 따라 학기별 장학금 총액이 등록금을 초과하는 경우","해당없음","※ 기관확인필요","http://ggdm.kr/","2025-06-02","2025-06-13"
"398 ","장보고장학회(완도군청)","성적우수자","지자체(출자출연기관)","장학금","성적우수","일반고","1학년2학년3학년제한없음","○ 환산점수 평균 80점 이상인 자","○ 해당없음","○ 70만원","○ 완도군 청소년으로서 만23세 이하인 자○ 완도군 관내의 초중등교육법 제2조에 따른 고등학교에 재학 중인 학생","○ 공고일 기준 학생본인 및 보호자의 주민등록기준지가 '완도군' 내에 1년이상 주소를 두고 있는 자","○ 선발기준 : 성적 90%/소득 10%(건강보험료 100%)","○ 10명","○ 2026년 고교신입생 장학생으로 선발된 자○ 장학금 지원 매년 1회로 제한(상/하반기 연속 지원불가)○ 1가정 1인 선발○ 이중 및 허위 수혜자 적발 시 장학금 회수 및 3년간 지원 제외※ 자세한 사항은 첨부파일 또는 홈페이지 참고","○ 해당없음","○ 장학금 신청서○ 주민등록초본○ 가족관계증명서○ 재학증명서○ 장학금 지급 통장 사본○ 직전학기 성적증명서○ 건강보험 납부확인서※ 자세한 사항은 첨부파일 또는 홈페이지 참고","http://www.wando.go.kr/","2026-04-08","2026-04-23"
"399 ","장보고장학회(완도군청)","저소득자녀","지자체(출자출연기관)","장학금","소득구분","과학고국제고마이스터고영재고예술고외국어고일반고체육고","1학년2학년3학년제한없음","○ 환산점수 60점 이상","○ 재산세 15만원 이하○ 건강보험료 월 합산 평균 15만원 이하","○ 70만원","○ 완도군 청소년으로서 만23세 이하인 자○ 완도군 관내의 초중등교육법 제2조에 따른 고등학교에 재학 중인 학생","○ 공고일 기준 학생본인 및 보호자의 주민등록기준지가 '완도군' 내에 1년이상 주소를 두고 있는 자","○ 선발기준 : 성적 20%/소득 80%(재산세 50%/건강보험료 50%)","○ 7명","○ 2026년 고교신입생 장학생으로 선발된 자○ 장학금 지원 매년 1회로 제한(상/하반기 연속 지원불가)○ 1가정 1인 선발○ 이중 및 허위 수혜자 적발 시 장학금 회수 및 3년간 지원 제외※ 자세한 사항은 첨부파일 또는 홈페이지 참고","○ 해당없음","○ 장학금 신청서○ 주민등록초본○ 가족관계증명서○ 재학증명서○ 장학금 지급 통장 사본○ 직전학기 성적증명서○ 건강보험 납부확인서○ 지방세세목별과세 증명서○ 기초생활보장수급자/차상위계층 증명서(해당자)※ 자세한 사항은 첨부파일 또는 홈페이지 참고","http://www.wando.go.kr/","2026-04-08","2026-04-23"
"400 ","장보고장학회(완도군청)","다자녀장학","지자체(출자출연기관)","장학금","지역연고","과학고국제고마이스터고영재고예술고외국어고일반고자율고제한없음체육고","1학년2학년3학년제한없음","해당없음","해당없음","○ 30만원","○ 완도군 관내지역의 학교에 재학 중인 자○ 2자녀 이상 가정의 자녀 중 1명만 신청가능(부모기준 가족관계증명서에 본인을 포함한 형제자매 2명이상)","○ 공고일 기준 학생본인 및 보호자가 2년 이상 완도군에 주소를 두고 있는 고등학생","○ (재)장보고장학회 실무위원회 심의/선발","○ 00명","※ 자세한 사항은 첨부파일 또는 홈페이지 참고","해당없음","○ 장학금 지원신청서○ 주민등록초본○ 가족관계증명서○ 재학증명서○ 졸업증명서○ 통장사본※ 자세한 사항은 첨부파일 또는 홈페이지 참고","http://www.wando.go.kr","2026-04-29","2026-05-14"
"401 ","사단법인 서천사랑장학회","열정장학생","지자체(출자출연기관)","장학금","지역연고","과학고국제고마이스터고영재고예술고외국어고일반고체육고특성화고","1학년2학년3학년제한없음","○ 신입생○ (우선)관내 중학교 졸업자 중 상위 10%인 자가 관내 고등학교 입학○ (일반)관내 중학교 졸업자 중 상위 40%이내인 자가 관내 특성화고/ 특목고/ 대안고에 입학한 자○ (일반)관외 중학교 졸업자로서 상위 10% 이내인 학생 중 관내 고등학교에 입학한 자○ 재학생○ 직전학년 성적 중 3등급 이상 과목이 전체과목의 80% 이상○ 입학 시 우선선발 열정장학생으로 선발되었던 학생 중 직전학년 성적 중 3등급 이상 과목이 70% 이상※ 자세한 사항은 첨부파일 또는 홈페이지 참고","해당없음","○ 50만원~150만원※ 해당자격 별로 장학금액 상이","○ 관내·외 중학교를 졸업한 관내·외 고등학교 신입생/ 재학생으로 성적 우수자○ 선발기준에 적합하고 타에 모범이 되며 품행이 단정한 자○ 봉사활동 실적이 우수한 자","○ 공고일 현재 본인 또는 본인의 부모가 서천군 내 주소지를 둔 자","※ 기관확인필요","※ 자세한 사항은 첨부파일 또는 홈페이지 참고","※ 자세한 사항은 첨부파일 또는 홈페이지 참고","○ 학교장의 추천으로 선발","○ 장학생추천서 (23학년의 경우 직전학년 성적 및 봉사시간 기재)○ 자기소개서○ 주민등록 등본○ 서약서○ 개인정보 제공동의서(보호자 서명)○ (23학년) 성적증명서※ 자세한 사항은 첨부파일 또는 홈페이지 참고","http://www.seocheon.go.kr","2026-03-03","2026-03-20"
"402 ","사단법인 서천사랑장학회","드림장학생","지자체(출자출연기관)","장학금","지역연고","과학고국제고마이스터고영재고예술고외국어고일반고체육고","1학년2학년3학년제한없음","해당없음","○ 기초생활수급자/ 한부모가정/ 차상위가정/ 조손가정○ 기타 생활형편이 곤란한 자","○ 100만원 (학교장 추천 고등학생 기준)","○ 관내 고등학교 재학생 중 가정형편이 어렵고 봉사활동이 많으며 서천사랑 인재로 촉망되는 자○ 2025년도 중졸/고졸 검정고시 합격자 (추천)","○ 공고일 현재 본인 또는 본인의 부모가 서천군 내 주소지를 둔 자","※ 기관확인필요","○ 50명","○ 재학중 2회 초과 수혜자※ 자세한 사항은 첨부파일 또는 홈페이지 참고","○ 학교장 추천○ 서천군다문화센터 추천○ (2025년도 중졸/고졸 검정고시 합격자) 청소년 상담복지센터 추천","○ 장학생추천서○ 주민등록등본○ 자기소개서○ 서약서○ 건강보험료 납부 확인서○ 개인정보 제공동의서○ 기관장 추천서(서천군다문화센터)※ 자세한 사항은 첨부파일 또는 홈페이지 참고","http://www.seocheon.go.kr","2026-03-03","2026-03-20"
"403 ","사단법인 서천사랑장학회","특별장학생","지자체(출자출연기관)","장학금","지역연고","과학고국제고마이스터고영재고예술고외국어고일반고체육고","1학년2학년3학년제한없음","해당없음","해당없음","○ 100만원○ 근로자녀: 50만원","○ 꿈나무대표 선수 및 국가대표 선수로 선발된 자○ 서천군 내 초·중학교를 졸업하였거나 연고가 있는 출향인사의 자녀로서 2025년도 지역의 위상을 높인 근거가 확실한 자와 각 향우회 자녀○ 상시고용 30인 이상의 기업이나 공공기관이 서천군에 이전하여 주소를 두고 거주한 근로자의 자녀","해당없음","※ 기관확인필요","○ 11명○ 근로자 자녀의 경우 선발 대상 전원","○ 근로자 자녀 장학금의 경우 자녀 1명에게만 1회 한정 지급※ 자세한 사항은 첨부파일 또는 홈페이지 참고","해당없음","○ 장학금 추천서○ 주민등록 등본○ 최종학교 졸업증명서○ 재학증명서○ 서약서○ 관련증빙자료(2025년도 상장 등)○ 개인정보제공동의서○ 기업 및 공공기관 확인서※ 자세한 사항은 첨부파일 또는 홈페이지 참고","http://www.seocheon.go.kr","2026-03-03","2026-03-20"
"404 ","사단법인 서천사랑장학회","특기장학생","지자체(출자출연기관)","장학금","지역연고","예술고일반고체육고","1학년2학년3학년제한없음","해당없음","해당없음","○ 30만원~500만원※ 자세한 사항은 첨부파일 또는 홈페이지 참고","○ 관내 고등학교 재학생 및 관내 중학교를 졸업한 관외 고등학생 중 전년도 도단위 이상 규모 체육·기능대회 3위내 입상자","○ 공고일 현재 본인 또는 본인의 부모가 서천군 내 주소지를 둔 자","※ 기관확인필요","○ 선발 대상 전원","※ 기관확인필요","○ 학교장 추천","○ 장학금신청서○ 입상증명서 대회요강자료○ 서약서○ 주민등록등본○ 관내최종학교졸업증명서○ 개인정보제공동의서※ 자세한 사항은 첨부파일 또는 홈페이지 참고","http://www.seocheon.go.kr","2026-03-03","2026-03-20"
"405 ","재단법인 송원문화재단","오륙도장학생","기타","장학금","해당없음","과학고국제고마이스터고영재고예술고외국어고일반고자율고제한없음체육고","1학년2학년3학년제한없음","해당없음","해당없음","○ 분기 150만원 상한액 월 50만원 상한으로 3개월간 지급 ","○ 부산광역시 소재 고등학교에 재학 중인 학생○ 향후 발전 가능성이 크며 훌륭한 인성을 보유한 학생","해당없음","○ 지원서 작성 및 제출○ 면접심사","○ 00명","해당없음","○ 소속학교 교사○ 공공기관 및 비영리단체의 대표 또는 관리자○ 학습단체대표(학원장 센터장 등)","○ 지원서○ 개인정보 활용에 관한 동의서○ 추천서※ 자세한 사항은 첨부파일 또는 홈페이지 참고","https://dkfd.org/","2025-06-18","2025-06-30"
"406 ","영양군인재육성장학회","장학생","지자체(출자출연기관)","장학금","성적우수","과학고국제고마이스터고영재고예술고외국어고일반고자율고제한없음체육고","1학년2학년3학년제한없음","○ 관내 고등학교 신입생 및 재학생으로서 그 성적이 재적학년(신입생은 입학성적 또는 중학교 3학년 내신성적)의 100분의 20이내에 해당 되는자 (단 학교장이 추천하는 가정 형편 등이 어려운 학생은 성적에 관계없이 예외)","○ 해당없음","○ 30만원","○ 해당없음","○ 공고일 기준 현재 부모 또는 보호자의 주민등록이 영양군 관내에 1년 이상 주소를 두고 있는 군민의 자녀","○ 장학재단 정관 및 운영규정에 의하여 영양군인재육성장학회 장학심의위원회에서 심의","○ 50명","※ 기관확인필요","○ 학교장 추천","○ 장학생추천서○ 부모 또는 보호자 및 장학생 주민등록초본※ 자세한 사항은 첨부파일 또는 홈페이지 참고","http://www.yyg.go.kr","2026-03-04","2026-03-27"
"407 ","태안군사랑장학회","우수장학금","지자체(출자출연기관)","장학금","지역연고","과학고국제고마이스터고영재고예술고외국어고일반고자율고제한없음체육고","1학년2학년3학년","○ 입학생 : 고등학교 입학 성적 산출 시스템 기준 교과 성적 우수자로 교과 성적(200점 만점) 최고 득점자 순으로 선발○ 2~3학년 : 학년별 성적 우수자","○ 해당없음","○ 150만원","○ 고등학교 입학생 또는 재학생으로 성적 우수자","○ 선발 공고일 3년전부터 계속하여 보호자 또는 본인이 태안군에 주소를 두고 거주한 자","※ 기관확인필요","○ 27명","○ 해당없음","○ 학교장 추천","○ 장학금 지원 신청서○ 서약서○ 개인정보 수집·이용·제공 동의서○ 최종학교 졸업증명서○ 주민등록등본(과거주소변동사항 포함 최근5년)※ 자세한 사항은 첨부파일 또는 홈페이지 참고","http://love.taean.go.kr","2026-03-09","2026-03-27"
"408 ","태안군사랑장학회","특기장학금","지자체(출자출연기관)","장학금","특기자","과학고국제고마이스터고영재고예술고외국어고일반고자율고제한없음체육고","1학년2학년3학년제한없음","○ 해당없음","○ 해당없음","○ 100만원 ~ 300만원(전국 1위 300만원/전국 2위 200만원/전국 3위 100만원/도 1위 100만원)※ 자세한 사항은 첨부파일 또는 홈페이지 참고","○ 2025년도 관내 고등학교(고등학교 입학생은 중학교)에 재학 중 체육예술과학기술수학외국어 경시·컴퓨터·기능올림픽 등 각종 특기분야 중앙부처 주관대회·전국(소년)체전 전국 3위 이내 또는 충남도 및 도교육청 주관대회 개인전 또는 단체전 충남1위 입상자","○ 선발 공고일 3년전부터 계속하여 보호자 또는 본인이 태안군에 주소를 두고 거주하면서 장학금 신청자격을 갖춘 자","※ 기관확인필요","○ 45명","○ 해당없음","○ 학교장 추천","○ 장학금 지원 신청서○ 서약서○ 개인정보 수집·이용·제공 동의서○ 최종학교 졸업증명서○ 주민등록초본○ 주민등록등본(과거주소변동사항 포함 최근5년)○ 각종 특기관련 수상 증빙서류※ 자세한 사항은 첨부파일 또는 홈페이지 참고","http://love.taean.go.kr","2026-03-09","2026-03-27"
"409 ","태안군사랑장학회","복지장학금","지자체(출자출연기관)","장학금","지역연고","과학고국제고마이스터고영재고예술고외국어고일반고자율고제한없음체육고","1학년2학년3학년제한없음","○ 해당없음","○ 기초생활수급자·차상위계층·한부모가정·공동생활가정○ 공동생활가정은 장학생 선발 공고일 현재 태안군 공동생활가정 입소자","○ 150만원","○ 어려운 가정형편(기초수급자·차상위계층·한부모가정 등)에도 성실히 학업을 수행하여 학교장의 추천을 받은 자","○ 선발 공고일 3년전부터 계속하여 보호자 또는 본인이 태안군에 주소를 두고 거주하는 자","※ 기관확인필요","○ 12명","○ 해당없음","○ 학교장 추천","○ 장학금 지원 신청서○ 서약서○ 개인정보 수집·이용·제공 동의서○ 최종학교 졸업증명서○ 주민등록 초본(과거주소변동사항 포함 최근 5년)○ 주민등록 등본○ 소득증빙서류※ 자세한 사항은 첨부파일 또는 홈페이지 참고","http://love.taean.go.kr","2026-03-09","2026-03-27"
"410 ","태안군사랑장학회","다자녀장학금","지자체(출자출연기관)","장학금","해당없음","과학고국제고마이스터고영재고예술고외국어고일반고자율고제한없음체육고","1학년2학년3학년제한없음","○ 해당없음","○ 해당없음","○ 150만원","○ 국내 소재 초중고등학교 또는 대학교에 재학 중인 자녀가 3명 이상인 가구○ 태안 관내 고등학교 재학생","○ 장학생 선발 공고일 3년 전부터 계속하여 보호자 또는 본인이 태안군에 주소를 두고 거주","○ 재학생 수가 많은 가구의 학생 > 대/고/중/초 순 재학생 수가 많은 가구의 학생 > 재학생 미취학자녀 수의 합이 많은 가구의 학생","○ 예산 범위 내","○ 해당연도 1가구 1인만 선발○ 1인당 1회 지급※ 자세한 사항은 첨부파일 또는 홈페이지 참고","○ 해당없음","○ 지원신청서○ 개인정보 수집 제공 동의서○ 서약서○ 주민등록초등본○ 가족관계증명서○ 재학증명서※ 자세한 사항은 첨부파일 또는 홈페이지 참고","https://love.taean.go.kr","2026-03-09","2026-03-27"
"411 ","백운장학회(광양)","특기장학생","기타","장학금","특기자","예술고일반고체육고","1학년2학년3학년제한없음","해당없음","해당없음","○ 70만원","○ 관내 소재 학교 재학 중인 자○ 2025.8.1.~ 2026.7.31. 기간 중 학술/기능/예체능 등과 관련하여 도 단위 또는 전국단위 대회에서 3위 이내 입상자○ (전국단위) 중앙행정기관(중앙단위협회/ 관련기관) 또는 대학 총장이 주최한 전국단위 대회○ (도 단위) 도지사/ 도 교육감이 주최한 도 및 광역시 단위 대회","○ 공고일 기준 부모 또는 보호자가 광양시에 1년 이상 주소를 두고 있는 학생 (부·모 모두가 주소를 광양시에 두고 있어야함)","○ 수상 실적에 따른 고득점자 순으로 선발○ 동점일 경우 상위 입상자/ 수상 횟수/ 연장자 순 선발○ 체육 분야는 단체보다 개인 성적 우선 선발","○ 11명","○ 장학금 신청자와 그 부모가 지방세를 체납 중인 경우○ 장학금의 이중/허위 수혜 등 기타 부정행위가 적발된 경우","해당없음","○ 장학금 신청서○ 주민등록등본○ 가족관계증명서○ 재학증명서○ 개인정보 수집/이용 및 제공/ 조회 동의서○ 장학금 지급 통장 사본(본인 통장 제출)○ 입상실적 증명서 또는 상장","http://www.gwangyang.go.kr/fund/index.gwangyang","2026-08-03","2026-08-31"
"412 ","백운장학회(광양)","북한이탈주민 장학금","지자체(출자출연기관)","장학금","해당없음","과학고국제고마이스터고영재고예술고외국어고일반고자율고제한없음체육고","1학년2학년3학년제한없음","해당없음","※ 자격기준은 아니나 선발기준이 소득 100%","○ 700만원","※ 기관확인필요","○ 공고일 기준 부모 또는 보호자가 광양시에 1년 이상 주소를 두고 있는 학생 부 또는 모의 사망 부모가 이혼한 경우에는 현재 보호자의 주소지를 적용","○ 소득 100%○ 선발 심사는 서류심사를 원칙으로 함○ 장학생 선발은 (재)백운장학회 이사회 승인 후 최종결정","○ 3명","○ 장학금 신청자와 그 부모가 지방세를 체납 중인 경우○ 장학금의 이중·허위 수혜 등 기타 부정행위가 적발된 경우","○ 광양경찰서장이 추천","○ 장학금 신청서 1부○ 주민등록등본 1부○ 가족관계증명서 1부○ 재학증명서○ 개인정보 수집·이용 및 제공·조회 동의서 1부○ 장학금 지급 통장 사본 1부○ 전년도 부/모 건강보험료 납부확인서 및 자격확인서 각 1부○ 전년도 부/모 지방세 세목별 과세증명서 각 1부○ 추천서※ 자세한 사항은 첨부파일 또는 홈페이지 참고","http://www.gwangyang.go.kr/fund/","2026-08-01","2026-08-31"
"413 ","이천시민장학회(이천시청)","비전장학생","지자체(출자출연기관)","장학금","성적우수","과학고국제고마이스터고영재고예술고외국어고일반고자율고제한없음체육고","1학년2학년3학년제한없음","○ 해당없음","○ 해당없음","○ 100만원","○ 이천시 관내고등학교 재학생 중 우수학생을 학교장 추천으로 선발","○ 관내 초/중학교 졸업생으로서 학생 및 보호자가 주민등록상으로 3년 이상 이천시에 계속 거주하는 학생","○ 학생이 재학 중인 고등학교 학교장이 추천○ 이사회 심의 의결로 최종확정","○ 100명","※ 기관확인필요","○ 학생이 재학 중인 학교장","○ 장학금신청서○ 재학증명서○ 생활기록부○ 주민등록등본○ 통장사본○ 개인정보 수집이용 제공 동의서○ 서약서※ 자세한 사항은 첨부파일 또는 홈페이지 참고","http://www.2000scholar.or.kr/","2026-04-01","2026-04-24"
"414 ","하동군장학재단(하동군청)","자립장학금","지자체(출자출연기관)","장학금","지역연고","과학고국제고마이스터고영재고예술고외국어고일반고자율고제한없음체육고","1학년2학년3학년제한없음","○ 5등급 이상이 전체교과목의 60% 이상","○ 기초생활수급자/ 차상위계층 등 법정저소득층 자녀","○ 30만원","○ 기초생활수급자/ 차상위계층 등 법정저소득층 자녀 중 학업성적이 우수한 관내 고등학교 재학생○ 실업계 고등학교는 관외 학교 가능","○ 군내에 직계존속과 학생이 신청일 현재 1년 이상 주민등록을 두고 있으며 군내에 소재한 고등학교 재학생","○ 학교장 추천이후 이사회 심의","○ 상하반기 각15명","○ 2026년도 2월 졸업 예정자 및 정규 학제 기간을 초과하여 재학 중인 자 ○ 공고일 현재 휴학 중 또는 예정이거나 정학/퇴학 등 징계처분 받은 자※ 자세한 사항은 첨부파일 또는 홈페이지 참고","○ 학교장 추천","○ 신청학생 주민등록 초본 1부○ 직계존속 주민등록 초본 각 1부○ 장학금 신청서○ 장학생 추천서○ 수급자 또는 차상위 증명서○ 성적증명서 (교과학습발달사항 등)※ 자세한 사항은 첨부파일 또는 홈페이지 참고","http://scholarship.hadong.go.kr","2026-01-13","2026-01-15"
"415 ","하동군장학재단(하동군청)","학업성적우수장학생","지자체(출자출연기관)","장학금","지역연고","과학고국제고마이스터고영재고외국어고일반고","1학년2학년","○ 품행이 단정하고 학업성적이 우수하여 직전학년 전 교과목의 80% 이상이 B이상인 중학생/ 전 교과 평균이 3등급 이내인 고등학생","해당없음","○ 50만원","○ 하동군 관내 고등학교 12학년에 재학중인 성적우수자","○ 군내에 직계존속과 학생이 신청일 현재 1년 이상 주민등록을 두고 있으며 군내에 소재한 고등학교 재학생","※ 기관확인필요","○ 15명","○ 공고일 현재 휴학 중 또는 예정이거나 정학/ 퇴학 등 징계처분 받은 자○ 특별장학생 제외","○ 학교장 추천","○ 장학생 추천서 ○ 학교생활기록부(성적증명서 포함)○ 학생 및 직계존속 주민등록초본(최근 1년 주소변동사항 출력)※ 자세한 사항은 첨부파일 또는 홈페이지 참고","http://scholarship.hadong.go.kr","2025-01-13","2025-01-15"
"416 ","하동군장학재단(하동군청)","특별장학생","지자체(출자출연기관)","장학금","지역연고","과학고국제고마이스터고영재고예술고외국어고일반고체육고","1학년2학년","○ 중학교 3학년 재학생 중 고등학교 입학전형을 위한 내신성적 5% 10%이내인 학생이 관내 고등학교로 진학하고 고교재학 중 해당 학년에서 성적 5%/ 10%/ 20%이내인자","해당없음","○ 100만원 ~ 200만원","○ 2025학년도 고교신입생 및 12학년 재학생으로 성적우수자","○ 군내에 직계존속과 학생이 신청일 현재 1년 이상 주민등록을 두고 있으며 군내에 소재한 고등학교 재학생","○ 학교장 추천(신입생) 및 직전학년 성적조회(재학생) → 심의","○ 21명","○ 공고일 현재 휴학 중 또는 예정이거나 정학/ 퇴학 등 징계처분 받은 자","○ 학교장 추천","○ 신청 학생 주민등록 초본 1부○ 직계존속 주민등록 초본 각 1부※ 기관확인필요","http://scholarship.hadong.go.kr","2026-01-13","2026-01-15"
"417 ","하동군장학재단(하동군청)","다자녀가구장학생","지자체(출자출연기관)","장학금","지역연고","과학고국제고마이스터고영재고예술고외국어고일반고자율고제한없음체육고","1학년2학년3학년제한없음","해당없음","해당없음","○ 3자녀 : 50만원○ 4자녀 : 80만원○ 5자녀 이상 : 100만원","○ 관내 중·고등학교에 재학하는 3자녀 이상 다자녀가구의 고등학생 자녀","○ 본인 및 직계존속(부모 모두)이 신청일 현재 계속해서 1년 이상 하동군에 주민등록을 두고 있는 학생","○ 재학 학교/직계존속(부·모) 및 학생 주소지 확인 후 선정○ 이사회 의결을 거쳐 지급","※ 기관확인필요","○ 1가구 1명 선발","해당없음","○ 장학금 신청서○ 신청 학생 주민등록 초본○ 직계존속 주민등록 초본○ 가족관계증명서○ 통장사본(보호자 또는 신청 학생)※ 자세한 사항은 첨부파일 또는 홈페이지 참고","http://scholarship.hadong.go.kr","2026-06-29","2026-07-08"
"418 ","사천시인재육성장학재단","관내고교입학생","지자체(출자출연기관)","장학금","지역연고","과학고국제고마이스터고영재고예술고외국어고일반고자율고제한없음체육고","1학년","○ (일반계 고교 입학생) 내신 석차 10% 이내○ 해당 연도 중학교 졸업학력 검정고시 합격자는 석차백분율 5% 이내에 해당하는 평균점수 이상○ (전문계 고교 입학생) 입학성적 1~5위※ 자세한 사항은 첨부파일 또는 홈페이지 참고","해당없음","○ 30만원 ~ 300만원※ 자세한 사항은 첨부파일 또는 홈페이지 참고","○ 2025학년 관내 고등학교 입학생","○ 공고일 기준 사천시에 주소를 둔 자","○ 서류심사 재단 이사회 심의·결정","※ 기관확인필요","○ 지급 유형별 중복신청 불가(예체능 장학금은 제외)○ 2026년 사천시 타 부서 장학금 수혜자○ 타지역 학교로 전학하거나 퇴학/자퇴할 경우 지급 중지○ 징계처분 받은 자※ 자세한 사항은 첨부파일 또는 홈페이지 참고","○ 입학 예정인 고등학교장 추천 (일괄 신청)","○ 장학생 추천서○ 장학생 서약서○ 개인정보 수집·이용 및 제공·조회 동의서○ 주민등록표초본 (주소이력 및 주민등록번호 전체 포함)○ (인문계 고교 입학 장학생) 중학교 내신석차 연명부 1부○ (전문계 고교 입학 장학생) 하교장이 발행한 입학성적 확인서 1부※ 자세한 사항은 첨부파일 또는 홈페이지 참고","http://www.sacheon.go.kr","2026-01-19","2026-01-23"
"419 ","사천시인재육성장학재단","꿈 지원 사업 장학생","지자체(출자출연기관)","장학금","해당없음","과학고국제고마이스터고영재고예술고외국어고일반고자율고제한없음체육고","1학년2학년3학년제한없음","해당없음","○ 기준 중위소득 50% 이하 저소득 가구","○ 1인당 200만원※ 월 최대 20만원*10개월(분할지급)","○ 세자녀 이상의 가구의 자녀○ 교과목 및 예체능 분야 재능 향상 의욕이 높고 지속적으로 학원 이용이 가능한 학생","○ 관내 중·고등학교에 재학중인 학생","※ 기관확인필요","○ 관내 중·고등학생 45명","※ 자세한 사항은 첨부파일 또는 홈페이지 참고","○ 학교장 추천서 필요","○ 학교장 추천서○ 신청서○ 이행각서○ 가맹학원 등록신청서○ 청렴이행 서약서※ 자세한 사항은 첨부파일 또는 홈페이지 참고","http://www.sacheon.go.kr","2026-01-19","2026-01-23"
"420 ","영천시장학회","지산조호익장학금","지자체(출자출연기관)","장학금","지역연고","과학고국제고마이스터고영재고예술고외국어고일반고체육고","해당없음","해당없음","해당없음","○ 50만원","○ 관내 고등학교 2~3학년 중 학업성적이 우수하거나 향상이 뚜렷하여 타의 모범이 되는 명예로운 학생","○ 공고일 기준 1년 이상 영천시에 주소를 두고 있는 자 (본인 또는 보호자)","○ 영천시장학회 장학위원회 및 이사회 의결을 거쳐 선발","○ 42명","※ 기관확인필요","○ 학교장 추천","○ 장학금지원신청서○ 장학금지원대상자추천서○ 개인정보이용동의서○ 주민등록등본○ 가족관계증명서※ 자세한 사항은 첨부파일 또는 홈페이지 참고","https://www.ycsf.or.kr","2025-12-12","2026-01-09"
"421 ","영천시장학회","특기적성우수장학금","지자체(출자출연기관)","장학금","지역연고","예술고체육고","해당없음","해당없음","해당없음","○ 100만원 (개인)○ 200만원 (팀)(관외 입상자 100만원)","○ 중앙 및 지방의 행정기관 또는 공신력 있는 기관이 주최하는 전국 또는 국제 단위 대회의 예술 체육 기능 기타 분야에서 3위 이내 입상한 자","○ 공고일 기준 1년 이상 영천시에 주소를 두고 있는 자 (본인 또는 보호자)※ 관외 학교 특기생의 경우 본인/보호자 중 1명이 공고일 현재 3년 이상 주소를 두고 있는 경우 해당","○ 영천시장학회 장학위원회 및 이사회 의결을 거쳐 선발","○ 65명","○ 단체 지원대상은 학교 이름으로 출전한 단체종목으로 한정○ 동일한 수상실적에 대해 개인/단체 중복 신청 불가○ 선발인원 초과 시/ 대회의 성격·규모를 고려하여 선발※ 자세한 사항은 첨부파일 또는 홈페이지 참고","○ 학교장 추천","○ 장학금지원신청서○ 장학금지원대상자추천서○ 개인정보이용동의서○ 주민등록등본○ 가족관계증명서○ 입상 관련 증빙자료※ 자세한 사항은 첨부파일 또는 홈페이지 참고","https://www.ycsf.or.kr","2025-12-12","2026-01-09"
"422 ","영천시장학회","해외어학연수장학금","지자체(출자출연기관)","장학금","지역연고","과학고국제고마이스터고영재고예술고외국어고일반고체육고","해당없음","○ 저소득 성적우수자: 상위성적 10% 이내","○ 저소득 성적우수자: 저소득자녀(기초수급 교육급여대상자)","○ 소요경비의 50% 지원○ 저소득(기초수급 교육급여대상자) 3명: 연수경비 전액 지원※ 자세한 사항은 첨부파일 또는 홈페이지 참고","○ 고등학생 1~3학년○ 영어실력이 우수하며 단체활동에 능동적으로 참여하는 학생○ 또는 저소득 성적우수자","○ 선발계획 공고일 현재 1년 이상(2024.10.24 이전) 영천시에 주소를 둔 자(본인 또는 보호자)","○ 학교에서 연수대상 추천 후 장학위원회 및 이사회 심의를 거쳐 확정○ 선정인원 초과 시○ 학생 수 많은 학교 학생 및 성적 우수자 선발","○ 20명※ 자세한 사항은 첨부파일 또는 홈페이지 참고","○ 저소득 성적우수자의 경우 2023~2024년 전액 지원자는 신청 불가○ 2025년도 해외어학연수 참여자 제외※ 자세한 사항은 첨부파일 또는 홈페이지 참고","○ 학교장 추천 (담임 의견 기재)","○ 추천명단○ 장학금 신청서/추천서○ 서약서/개인정보이용동의서○ 통장사본○ 여권사본○ 주민등록등본/초본○ 저소득 성적우수자 추가서류○ 수급자증명서○ 영어 성적증명서※ 자세한 사항은 첨부파일 또는 홈페이지 참고","https://www.ycsf.or.kr","2025-10-23","2025-10-31"
"423 ","영천시장학회","국제대회참가지원장학금","지자체(출자출연기관)","장학금","지역연고","과학고국제고마이스터고영재고예술고외국어고일반고체육고","해당없음","해당없음","해당없음","○ 참가경비 중 자부담금의 50% 지원(최대200만원)","○ 다양한 분야의 국내대회 참가로 국가대표 자격으로 국제대회 출전권을 획득한 관내 재학생","○ 공고일 기준 1년 이상 영천시에 주소를 두고 있는 자 (본인 또는 보호자)","○ 참가 대회의 성격·규모를 고려하여 선발","○ 5명","※ 기관확인필요","○ 학교장 추천","○ 장학금지원신청서○ 장학금지원대상자추천서○ 개인정보이용동의서○ 주민등록초본○ 국가대표 선발·국제대회 참가 증빙 자료○ 참가 경비 자부담 내역 증빙 자료※ 자세한 사항은 첨부파일 또는 홈페이지 참고","https://www.ycsf.or.kr","2025-12-12","2026-03-10"
"424 ","영천시장학회","희망드림장학금","지자체(출자출연기관)","장학금","지역연고","과학고국제고마이스터고영재고예술고외국어고일반고체육고","해당없음","해당없음","○ 저소득/다문화/장애인/북한이탈주민 가정의 자녀","○ 100만원","○ 학업성취도가 우수하고 경제적 여건이 어려운 고등학생","○ 공고일 기준 1년 이상 영천시에 주소를 두고 있는 자 (본인 또는 보호자)","※ 기관확인필요","○ 16명","※ 기관확인필요","○ 학교장 추천","○ 장학금지원신청서○ 장학금지원대상자추천서○ 개인정보이용동의서○ 주민등록등본○ 저소득/ 다문화/ 장애인/ 북한이탈주민 등 가정 관련 증빙자료※ 자세한 사항은 첨부파일 또는 홈페이지 참고","https://www.ycsf.or.kr","2025-12-22","2026-01-09"
"425 ","영천시장학회","다자녀세대장학금","지자체(출자출연기관)","장학금","지역연고","과학고국제고마이스터고영재고예술고외국어고일반고체육고","1학년2학년3학년제한없음","해당없음","해당없음","○ 3자녀: 50만원○ 4자녀: 70만원○ 5자녀 이상: 100만원","○ 다자녀세대(세자녀 이상)의 자녀 중 학업성취도가 우수하고 모범적인 고등학생","○ 공고일 기준 1년 이상 영천시에 주소를 두고 있는 자 (본인 또는 보호자)","※ 기관확인필요","○ 200명","○ 기수혜자 중복 불가○ 당해연도 1세대 1명만 지급","○ 학교장 추천","○ 장학금지원신청서○ 장학금지원대상자추천서○ 개인정보이용동의서○ 주민등록등본○ 가족관계증명서※ 자세한 사항은 첨부파일 또는 홈페이지 참고","https://www.ycsf.or.kr","2025-12-22","2026-01-09"
"426 ","영천시장학회","특성화고우수학생장학금","지자체(출자출연기관)","장학금","지역연고","특성화고","해당없음","해당없음","해당없음","○ 200만원","○ 관내 특성화고 재학생 중 전공 분야 등 자격증을 2개 이상취득하고 타의 모범이 되는 학생","○ 장학생 선발계획 공고일 현재 1년 이상 영천시에 주소를 두고 있는 자(본인 또는 보호자)","○ 장학위원회/ (재)영천시장학회 이사회 의결을 거쳐 선발○ 장학생 선발 결과는 영천시장학회 홈페이지 게시○ 추천권자 신청에 의한 선발인 경우 추천권자에게 결과 통보○ 선발결과 통지 및 장학금 지급 : 4월 중 예정(일정은 변동될 수 있음)","○ 6명","○ 당해연도 내 동일인 중복 지급 불가","○ 학교장 추천 필요","○ 신청서(별지1)/ 개인정보동의서(별지3)○ 주민등록등본 또는 초본 (1년 이상 관내 거주 여부 확인이 가능하도록 발급)○ 추천서(별지2)○ 전공관련 등 자격증 사본 등 자격증 취득 입증서류※ 자세한 사항은 첨부파일 또는 홈페이지 참고","https://www.ycsf.or.kr","2025-12-12","2026-01-09"
"427 ","군포사랑장학회","성적최우수","지자체(출자출연기관)","장학금","지역연고","과학고국제고마이스터고영재고외국어고일반고","2학년3학년","해당없음","해당없음","○ 100만원","○ 관내 고등학생으로 성적 우수자","○ 공고일 현재 군포시에 계속하여 1년 이상 주소를 두고 거주하는 자","※ 기관확인필요","○ 16명","○ 고등학교 1학년 학생 선발없음","○ 학교장 추천으로 선발","○ 장학금지원신청서○ 거주시 변동 사항이 기록된 신청자 본인의 초본○ 개인정보 수집·이용·제공 및 조회 동의서○ 지급받을 통장 사본○ 해당자 증빙서류(해당자)○ 학교생활 기록부※ 자세한 사항은 첨부파일 또는 홈페이지 참고","http://gunpolove.or.kr","2026-03-16","2026-03-20"
"428 ","군포사랑장학회","성적우수","지자체(출자출연기관)","장학금","지역연고","과학고국제고마이스터고영재고예술고외국어고자율고체육고","2학년3학년","○ 직전년도 전체과목 내신성적 원점수 평균 80점 이상","해당없음","○ 80만원","○ 관외 특목고에 재학 중인 고등학교 2~3학년 재학생","○ 공고일 현재 군포시에 계속하여 1년 이상 주소를 두고 거주하는 자로서 각 분야별 요건을 충족하는 고등학생","※ 기관확인필요","○ 6명","○ 관내 고등학생○ 고등학교 1학년 선발제외※ 자세한 사항은 첨부파일 또는 홈페이지 참고","해당없음","○ 장학금지원신청서○ 가족사항이 기록된 주민등록등본○ 거주시 변동 사항이 기록된 신청자 본인의 초본○ 개인정보 수집·이용·제공 및 조회 동의서○ 지급받을 통장 사본○ 해당자 증빙서류(해당자)○ 서약서○ 학교생활기록부※ 자세한 사항은 첨부파일 또는 홈페이지 참고","http://gunpolove.or.kr","2026-03-16","2026-03-20"
"429 ","군포사랑장학회","자립지원","지자체(출자출연기관)","장학금","지역연고","과학고국제고마이스터고영재고예술고외국어고일반고체육고","2학년3학년","○ 직전년도 전체과목 내신 원점수 평균 60점 이상 (관외 동일)","○ 2024년 기준중위소득 100% 이하 가정","○ 80만원","○ 관내 고등학교 또는 관외(특수목적) 고등학교에 재학 중인 2~3학년 고등학교 재학생","○ 공고일 현재 군포시에 계속하여 1년 이상 주소를 두고 거주하는 자","※ 기관확인필요","○ 18명 (관내 14명 / 관외 4명)","○ 고등학교 1학년 신입생※ 자세한 사항은 첨부파일 또는 홈페이지 참고","해당없음","○ 장학금지원신청서○ 가족사항이 기록된 주민등록등본○ 거주지 변동 사항이 기록된 신청자 본인의 초본○ 직전년도 건강보험료 납부확인서 및 건강보험 자격 확인서○ 부동산 확인서○ 개인(신용)정보 수집·이용 및 조회 동의서○ 지급받을 통장 사본○ 해당자 증빙서류(해당자)○ 학교생활기록부※ 자세한 사항은 첨부파일 또는 홈페이지 참고","http://gunpolove.or.kr","2026-03-16","2026-03-20"
"430 ","군포사랑장학회","면학장려","지자체(출자출연기관)","장학금","지역연고","과학고국제고마이스터고영재고예술고외국어고일반고체육고","2학년3학년","○ 직전년도 전체과목 내신 원점수 평균 60점 이상 (관외 동일)","해당없음","○ 80만원","○ 국가기관으로부터 복지급여를 수혜 받고 있는 가정의 자녀 또는 본인으로 관내 고등학생 또는 관외(특수목적) 고등학교에 재학중인 2~3학년","○ 공고일 현재 군포시에 계속하여 1년 이상 주소를 두고 거주하는 자","※ 기관확인필요","○ 21명 (관내 17명 / 관외 4명)","○ 신입생 (1학년) 선발제외 ※ 자세한 사항은 첨부파일 또는 홈페이지 참고","해당없음","○ 장학금지원신청서○ 가족사항이 기록된 주민등록등본○ 거주지 변동 사항이 기록된 신청자 본인의 초본○ 복지급여수혜증명서○ 개인정보 수집·이용·제공 및 조회 동의서○ 지급받을 통장 사본○ 해당자 증빙서류(해당자)○ 학교생활기록부※ 자세한 사항은 첨부파일 또는 홈페이지 참고","http://gunpolove.or.kr","2026-03-16","2026-03-20"
"431 ","군포사랑장학회","특기장학","지자체(출자출연기관)","장학금","특기자","과학고국제고마이스터고영재고예술고외국어고일반고자율고제한없음체육고","1학년2학년3학년","해당없음","해당없음","○ 80만원","○ 공고일 기준 직전 1년 이내 과학/ 예·체능 및 기능분야에서 시·군단위 이상을 대상으로 공공기관이 주최하는 각종대회에서 3위이내의 성적으로 입상한 자로 관내 고등학생 ※ 국가대표/ 경기도대표/ 군포시대표 우대(가점)○ 관내 또는 관외(특수목적) 고등학교에 재학 중인 학생※ 단체부문일 경우 각 학교당 추천인원 2명 이내","○ 공고일 현재 군포시에 계속하여 1년 이상 주소를 두고 거주하는 자","※ 기관확인필요","○ 16명 (관내 13명 / 관외 3명)","※ 자세한 사항은 첨부파일 또는 홈페이지 참고","해당없음","○ 장학금지원신청서○ 재학증명서○ 등록금 납입증명서○ 입상자료 사본(3위이내 성적 입증자료)○ 가족사항이 기록된 주민등록등본○ 거주지 변동 사항이 기록된 신청자 본인의 초본○ 장학생 추천서○ 개인정보 수집·이용·제공 및 조회 동의서○ 지급받을 통장 사본○ 해당자 증빙서류(해당자)※ 자세한 사항은 첨부파일 또는 홈페이지 참고","http://gunpolove.or.kr","2026-03-16","2026-03-20"
"432 ","시흥시인재양성재단","지역상생장학생","지자체(출자출연기관)","장학금","지역연고","과학고국제고마이스터고영재고예술고외국어고일반고자율고체육고","2학년3학년","○ 해당없음","○ 해당없음","○ 80만원","○ 공고일 기준 시흥시 내에서 1년 이상 연속적으로 소상공인 업체 운영인의 자녀○ 공고일 기준 시흥시 내에서 1년 이상 연속적으로 산업단지입주기업(시화·시화MTV/매화산단)에 재직 중인 가정의 자녀○ 관내 고등학교 2~3학년 재학생","○ 공고일 기준 학생 또는 법정보호자의 주민등록초본 상 시흥시에서 1년 이상 연속거주","○ 재직기간 심사 90점 / 거주기간 10점○ 동점자 처리기준 : 기초생활수급자·차상위계층/ 한부모가족·장애인(학생)/ 공고일 기준 시흥시 연속 거주기간","○ 30명(초/중학생 포함)","○ 1가정 2자녀 이상 장학금 수혜 불가○ 휴학/ 자퇴/ 졸업자○ 징계처분자○ 관외 이사※ 자세한 사항은 첨부파일 또는 홈페이지 참고","○ 해당없음","○ 가족관계증명서○ 주민등록초본○ 소상공인확인서 및 사업자등록증○ 산업단지 입주확인서 및 재직증명서○ 재학증명서○ 성적증명서○ 해당자 선택서류※ 자세한 사항은 첨부파일 또는 홈페이지 참고","https://www.shinjeae.or.kr/","2026-04-13","2026-05-15"
"433 ","시흥시인재양성재단","다자녀장학생","지자체(출자출연기관)","장학금","지역연고","과학고국제고마이스터고영재고예술고외국어고일반고자율고제한없음체육고","1학년2학년3학년제한없음","○ 직전 학년 전 과목(원점수) 평균 50점 이상(고2~3학년)○ 직전 학년 전체 출석률 80% 이상(고1)","해당없음","○ 100만원","○ 관내 고등학교 재학생 중 자녀요건(3자녀 이상) 및 성적요건 등 기본자격 요건 충족한 자○ 소속 고등학교가 시흥시 관내에 없는 예·체·기능 학교일 경우 인정(공문서 등 확인 필요)","○ 공고일 기준 학생 또는 법정보호자의 주민등록초본 상 시흥시에서 1년 이상 연속거주","○ 자녀수 및 재학생 수 60점 + 성적심사 30점 + 거주기간 심사 10점○ 동점자 처리기준 : 기초생활수급자·차상위계층 > 한부모가족·장애인(학생) > 공고일 기준 시흥시 연속 거주기간","○ 중고등 50명","○ 당해연도 1가정 2자녀 이상 장학금 수혜 불가○ 학교에서 징계처분을 받은 자○ 관외 이사○ 동일한 성적증명서로 장학금을 수혜한 자","해당없음","○ 가족관계증명서(상세)○ 주민등록초본○ 신청자 학생 본인을 포함한 형제자매 모두의 재학증명서○ 고등 1학년 : 직전 학년 생활기록부 출석률 표시된 쪽 제출○ 고등 2~3학년 : 직전 학년 전체 성적증명서○ 취약계층 증빙서류(해당자)※ 자세한 사항은 첨부파일 또는 홈페이지 참고","https://www.shinjeae.or.kr/","2025-04-24","2025-05-15"
"434 ","시흥시인재양성재단","우수인재장학생","지자체(출자출연기관)","장학금","지역연고","과학고국제고마이스터고영재고예술고외국어고일반고자율고제한없음체육고","2학년3학년","○ 직전 학년 전 과목(원점수) 평균 90점 이상","해당없음","○ 100만원","○ 관내 고등학교 2~3학년 재학생 중 성적 우수자○ 소속 고등학교가 시흥시 관내에 없는 예·체·기능 학교일 경우 인정(공문서 등 확인 필요)","○ 공고일 기준 학생 또는 법정보호자의 주민등록초본 상 시흥시에서 1년 이상 연속거주","○ 성적 심사 90%/ 거주기간 심사 10%○ 동점자 처리기준 : 기초생활수급자·차상위계층/ 한부모가족·장애인(학생)/ 공고일 기준 시흥시 연속 거주기간","○ 50명","○ 당해연도 1가정 2자녀 이상 장학금 수혜 불가○ 학교에서 징계처분을 받은 자○ 관외 이사○ 동일한 성적증명서로 장학금을 수혜한 자","해당없음","○ 가족관계증명서(상세)○ 주민등록초본○ 소속학교 재학증명서○ 직전 학년 전체 성적증명서○ 취약계층 증빙서류※ 자세한 사항은 첨부파일 또는 홈페이지 참고","https://www.shinjae.or.kr/","2025-04-24","2025-05-15"
"435 ","시흥시인재양성재단","성취장학생","지자체(출자출연기관)","장학금","성적우수","과학고국제고마이스터고영재고예술고외국어고일반고자율고제한없음체육고","3학년","해당없음","해당없음","○ 50만원","○ 재단에서 정한 기간 내에 국가기술 또는 공인어학을 취득한 자○ 위 자격을 취득하였으며 공고일 현재 기준 근로자가 아닌 자 ※ 자세한 사항은 첨부파일 또는 홈페이지 참고","○ 본인 또는 부모/ 법정보호자의 주민등록이 시흥시에 1년 이상 되어있는 시흥시민 또는 자녀(초본/전입일 기준)","○ 홈페이지 회원가입 후 지원서 작성 / 증빙서류와 함께 제출","○ 10명 (대학생 인원 포함)","○ 사립 등의 대안학교 학생은 제외○ 재직자는 신청 불가※ 자세한 사항은 첨부파일 또는 홈페이지 참고","해당없음","○ 주민등록초본○ 건강보험 자격득실 확인서○ 자격증 취득확인서 또는 어학시험 성적증명서○ 해당 시험 준비를 위한 교육비/ 시험전형비/ 납입 증빙서류 등※ 자세한 사항은 첨부파일 또는 홈페이지 참고","https://www.shinjae.or.kr","2025-04-24","2025-05-15"
"436 ","시흥시인재양성재단","시흥꿈키움장학생","지자체(출자출연기관)","장학금","해당없음","과학고국제고마이스터고영재고예술고외국어고일반고자율고제한없음체육고","1학년2학년3학년","해당없음","해당없음","※ 자세한 사항은 첨부파일 또는 홈페이지 참고","○ 국내학교(외국 학교 등 제외)※ 자세한 사항은 첨부파일 또는 홈페이지 참고","○ 국내 소재 학교 재학생 중 시흥시 1년 이상 연속적으로 거주자※ 자세한 사항은 첨부파일 또는 홈페이지 참고","○ 1단계 서류적격○ 2단계(40) 서류심사○ 3단계(60)실기심사  동점자 처리 기준: 실기점수/ 거주기간※ 자세한 사항은 첨부파일 또는 홈페이지 참고","○ 20명 내외 선발","○ 전년도(2024년) 재단 장학금 수혜자○ 재단 내 다른 장학사업·전형 중복신청 불가○ 해당연도 관외 이사 또는 계획이 있는 자※ 자세한 사항은 첨부파일 또는 홈페이지 참고","해당없음","○ 거주지증빙서류○ 꿈노트(포토폴리오)○ 자기소개○ 성장 로드맵○ 활동사진 및 영상○ 대회 참가 등 내용 작성※ 자세한 사항은 첨부파일 또는 홈페이지 참고","https://www.shinjae.or.kr/","2025-04-24","2025-05-15"
"437 ","시흥시인재양성재단","해외탐방장학금","지자체(출자출연기관)","장학금","해당없음","과학고국제고마이스터고영재고예술고외국어고일반고자율고제한없음체육고","1학년2학년3학년제한없음","해당없음","해당없음","○ 탐방 비용(항공/숙박/교육/보험 등)","○ 미술/디자인 등 예술 분야 재능 보유자 (전공 또는 특기자)○ 기본 영어 가능한 자로 사업 전체 일정 참여가 가능한 자※ 자세한 사항은 첨부파일 또는 홈페이지 참고","○ 공고일 기준 본인 또는 법정보호자가 시흥시 1년 이상 연속 거주하고 있는 관내 소재 학교 고등학생","○ 1차 서류*거주기간 심사(10점)*수상실적 심사(40점)*자기소개서 및 포트폴리오(40점)*취약계층(5점)*학교 추천서(5점)○ 2차 면접※ 자세한 사항은 첨부파일 또는 홈페이지 참고","○ 5명","○ 2026년도 국내·외 학술대회 참가 경비 지원 받지 않은 자※ 자세한 사항은 첨부파일 또는 홈페이지 참고","해당없음","○ 주민등록초본(과거주소 변동사항 전체 포함)○ 가족관계증명서○ 재학증명서○ 수상실적자료(상장 사본)○ 신청서/개인정보제공동의서○ 자기소개서/작품 포트폴리오○ (선택) 취약계층 증명서○ (선택) 학교 추천서※ 자세한 사항은 첨부파일 또는 홈페이지 참고ㅓ","https://www.shinjae.or.kr/51/326","2026-04-20","2026-05-01"
"438 ","시흥시인재양성재단","추천장학생","지자체(출자출연기관)","장학금","해당없음","과학고국제고마이스터고영재고예술고외국어고일반고자율고제한없음체육고","1학년2학년3학년제한없음","○ 해당없음","○ 해당없음","○ 100만원","○ 이주배경(다문화·북한이탈)○ 학교밖청소년","○ 학생 또는 법정보호자가 시흥시1년 이상 연속적으로 거주자","○ 거주기간심사(50점)+생활정도심사(50점)","○ 15명","○ 해당없음","○ 경찰서·행정복지센터등 공공기관및비영리 법인기관 추천자","○재학증명서 또는 학교밖증명서류○기관추천서※ 자세한 사항은 첨부파일 또는 홈페이지 참고","https://www.shinjeae.or.kr/","2026-04-13","2026-05-15"
"439 ","경산시장학회","우수장학금","지자체(출자출연기관)","장학금","지역연고","과학고국제고마이스터고영재고외국어고일반고","2학년3학년","○ 관내 고등학교 2·3학년으로 학년전체 성적상위 10% 이내 또는 과목 성취도 평균학점 8.5이상(A:10점 B:8점 C:6점 D:4점 E:2점)","해당없음","○ 50만원","○ 경산시 관내 고등학교 재학생(통학구역에 따른 관외 재학생 예외)","○ 공고일 현재 계속해서 학생과 보호자가 3년이상 경산시에 주민등록이 되어있는 자","※ 기관확인필요","○ 50명","○ 경산시장학회 직전년도 기 수혜자는 신청할 수 없음○ 한가지 분야의 장학금만 지원 가능","○ 학교장 추천","○ 장학금 지원 신청서○ 지원 대상자 추천서(추천자)○ 주민등록등본 또는 초본○ 통장계좌 사본○ 개인정보 제공 및 이용 동의서○ 성적증명서※ 자세한 사항은 첨부파일 또는 홈페이지 참고","http://www.gsjhh.co.kr","2026-03-04","2026-03-20"
"440 ","경산시장학회","근로자녀장학금","지자체(출자출연기관)","장학금","지역연고","과학고국제고마이스터고영재고예술고외국어고일반고체육고","1학년2학년3학년제한없음","해당없음","○ 부모 중 한 명이 경산시 관내 기업체에 근무하는 경우 근로자 본인 연 근로소득이 3천6백만원(세전) 이하이며 배우자 연 근로소득을 합산한 금액이 5천만원(세전) 이하인 가정의 자녀","○ 50만원","○ 관내 기업체에 근무하는 근로자의 자녀로서 다음 조건에 부합하는 관내 중·고등학생○ (조건)근로자 본인 연 근로소득이 3천6백만원(세전) 이하이며 배우자 연 근로소득을 합산한 금액이 5천만원(세전) 이하인 가정의 자녀","○ 공고일 현재 계속하여 학생과 보호자가 3년이상 경산시에 주민등록이 되어있는 내국인○ 경산시 관내 고등학교 재학생(통학구역에 따른 관외 재학생 예외)","※ 기관확인필요","○ 20명","○ 경산시장학회 직전년도 기 수혜자는 신청할 수 없음○ 한가지 분야의 장학금만 지원 가능","○ 경산산업단지관리공단 이사장 또는 경산상공회의소회장의 추천","○ 장학금 지원 신청서○ 지원 대상자 추천서(추천자)○ 주민등록등본 또는 초본○ 통장계좌 사본○ 개인정보 제공 및 이용 동의서○ 보호자 재직증명서○ 보호자 (세전)연봉 확인서※ 자세한 사항은 첨부파일 또는 홈페이지 참고","http://www.gsjhh.co.kr","2024-04-01","2024-04-19"
"441 ","경산시장학회","특기장학금","지자체(출자출연기관)","장학금","특기자","예술고일반고체육고","1학년2학년3학년제한없음","해당없음","해당없음","○ 50만원","○ 관내 초중고등학교 재학생 및 단체○ 중앙/지방행정기관 또는 공신력 있는 기관이 주최한 전국 단위의 예술/체육/기능/기타 분야 대회에서 3위 이내 입상한 자","○ 공고일 현재 계속하여 학생과 보호자가 3년이상 경산시에 주민등록이 되어있는 내국인○ 경산시 관내 고등학교 재학생(통학구역에 따른 관외 재학생 예외)","○ 상위 각종 대회에서 입상한 자(공공기관 해당 단체 기타)동률일 경우 입상횟수로 선정","○ 10명","○ 경산시장학회 직전년도 기 수혜자는 신청할 수 없음○ 한가지 분야의 장학금만 지원 가능","○ 학교장 추천(개인)○ 경산시장학회 추천(단체)","○ 장학금 지원 신청서○ 지원 대상자 추천서(추천자)○ 재학증명서○ 주민등록등본 또는 초본○ 통장계좌 사본○ 개인정보 제공 및 이용 동의서○ 장학금 지원 신청서○ 지원 대상자 추천서(추천자)○ 재학증명서○ 주민등록등본 또는 초본○ 통장계좌 사본○ 개인정보 제공 및 이용 동의서○ 대회 입상 증명 자료(상장 사본 등)※ 자세한 사항은 첨부파일 또는 홈페이지 참고","http://www.gsjhh.co.kr","2026-03-04","2026-03-20"
"442 ","경산시장학회","검정고시장학금","지자체(출자출연기관)","장학금","지역연고","과학고국제고마이스터고영재고예술고외국어고일반고자율고제한없음체육고","1학년2학년3학년제한없음","해당없음","해당없음","○ 50만원","○ 중졸·고졸 검정고시 합격자로 합격 성적 상위자 우선 선발※ 추천서 제출 없이 장학회로 직접 신청","○ 공고일 현재 계속하여 학생과 보호자가 3년이상 경산시에 주민등록이 되어있는 내국인","○ 합격 성적 상위자 우선 선발","○ 중졸 : 2명○ 고졸 : 2명","○ 경산시장학회 직전년도 기 수혜자는 신청할 수 없음○ 한가지 분야의 장학금만 지원 가능","해당없음","○ 장학금 지원 신청서○ 주민등록등본 또는 초본○ 통장계좌 사본○ 개인정보 제공 및 이용 동의서○ 중졸·고졸 검정고시 합격증○ 성적증명서※ 자세한 사항은 첨부파일 또는 홈페이지 참고","http://www.gsjhh.co.kr","2024-04-01","2024-04-19"
"443 ","경산시장학회","선행장학금","지자체(출자출연기관)","장학금","지역연고","과학고국제고마이스터고영재고예술고외국어고일반고체육고","1학년2학년3학년제한없음","해당없음","해당없음","○ 50만원","○ 지역과 사회에 선행을 행한 관내 고등학교 재학생○ 봉사시간이 연 60시간 이상이며 3년간 180시간 이상※ 헌혈과 교내봉사 인정 안 됨","○ 공고일 현재 계속하여 학생과 보호자가 3년이상 경산시에 주민등록이 되어있는 내국인○ 경산시 관내 고등학교 재학생(통학구역에 따른 관외 재학생 예외)","※ 기관확인필요","○ 10명(초등학교·중학교 선발인원 포함인원)","○ 경산시장학회 직전년도 기 수혜자는 신청할 수 없음○ 한가지 분야의 장학금만 지원 가능","○ 읍/면/동장의 추천","○ 장학금 지원 신청서○ 주민등록등본 또는 초본○ 통장계좌 사본○ 개인정보 제공 및 이용 동의서○ 공적조서 및 공적을 증명할 수 있는 서류※ 자세한 사항은 첨부파일 또는 홈페이지 참고","http://www.gsjhh.co.kr","2026-03-04","2026-03-20"
"444 ","한국광산장학회","특기장학생","지자체(출자출연기관)","장학금","특기자","과학고국제고마이스터고영재고예술고외국어고일반고체육고","1학년2학년3학년제한없음","해당없음","○ 신청자 직계가족 국민건강보험료가 2026년도 기준 전국가구 중위소득 100% 이내인 가구 (납입기간 : 26년 1월 ~ 8월)※ 자세한 사항은 첨부파일 또는 홈페이지 참고","○ 50만원○ 생활비지원장학금으로 타 장학금 중복여부와 상관없이 신청가능","○ 공고일로부터 1년 이내 개최된 국가 및 지방자치단체에서 주최/후원한 전국 및 국제대회 출전하여 개인 부문 3위 이내의 성적을 득한 학생","○ 공고일 기준 광산구에 주민등록을 두고 1년이상 거주하고 있는 주민과 그 자녀로 재학 중인 학생","○ 성적 30점 + 특기 60점 + 소득 10점※ 자세한 사항은 첨부파일 또는 홈페이지 참고","○ 10명(중/고등학생)※ 자세한 사항은 첨부파일 또는 홈페이지 참고","○ 1가구 1인 신청 가능○ 유형별 중복 신청 불가○ 2026년 1월 ~ 8월내 (재)광산장학회 장학생 선발자※ 자세한 사항은 첨부파일 또는 홈페이지 참고","○ 학교장 추천서","○ 장학생 지원신청서 1부○ 광산구 거주중인 직계가족(혹은 본인) 명의의 주민등록 등본과 초본 각각 1부○ 가족관계증명서(상세) 1부○ 재학증명서 1부○ 국민건강보험료 납부확인서 1부○ 기초생활수급자증명서/차상위계층증명서(해당자)○ 수상실적증명 자료(공고일로부터 1년이내)○ 개인정보 수집·이용·제공 및 조회동의서 1부○ 장학금 지급 통장 사본 1부○ 학교장 추천서 1부※ 자세한 사항은 첨부파일 또는 홈페이지 참고","http://www.gwangsan.go.kr","2026-08-24","2026-09-18"
"445 ","양주시 희망장학재단","성적우수장학","지자체(출자출연기관)","장학금","지역연고","과학고국제고마이스터고영재고예술고외국어고일반고자율고제한없음체육고","1학년2학년3학년제한없음","○ (신입생) 중학교 3학년 내신성적 1·2학기 전과목 성취도 B점수 이상인 자○ (재학생) 2024년도 1·2학기 성적이 전과목 성취도 B점수 이상이면서 2등급 이상인 자","해당없음","○ 50만원 (2회 분할 지급)","○ 국내 고등학교에 재학 중인 학생 (인가 받은 공립 및 사립학교)","○ 2023년 1월 1일부터 공고일 현재 계속해서 양주시에 주민등록을 두고 거주하는 자","○ (신입생 선발 우선순위) 과목별 성취도 우수자/ 원점수○ 관내 중학교 졸업자 가산점 부여○ (재입생 선발 우선순위) 등급/  전과목 성취도 우수자/ 원점수","○ 50명 (신입생 20명 / 재학생 30명)","○ 1세대 1명에 한하여 신청가능○ 양주시 추천 및 관내 타 장학금과 중복지급 불가○ 기존 장학금 환수조치 대상자 중 반납하지 않은 자○ 학교 밖 청소년※ 자세한 사항은 첨부파일 또는 홈페이지 참고","해당없음","○ 장학금 지원 신청서○ 2025년도 재학증명서(3월 발행분)○ 직전학년 성적증명서(생활기록부 접수 불가)○ 장학금 신청자 주민등록초본 1통(양주시 최근 전입일자 포함)○ 통장사본(미성년자는 보호자 명의)※ 자세한 사항은 첨부파일 또는 홈페이지 참고","http://www.yjdream.kr","2025-03-04","2025-03-21"
"446 ","양주시 희망장학재단","면학장려","지자체(출자출연기관)","장학금","지역연고","과학고국제고마이스터고영재고예술고외국어고일반고자율고제한없음체육고","1학년2학년3학년제한없음","○ (신입생) 중학교 3학년 1·2학기 내신성적 전과목 성취도 D점수 이상인 자○ (재학생) 2025년도 1·2학기 내신성적 전과목 성취도 D점수 이상인 자","○ (저소득) ○ 기초생활수급/저소득/차상위/한부모 가정 등 저소득층 및 장애가 있는 청소년○ 부모의 건강보험료 합산 금액이 월 11만원 이하에 해당하는 가정※ 자세한 사항은 첨부파일 또는 홈페이지 참고","○ 50만원 (2회 분할 지급)","○ 국내 고등학교에 재학 중인 학생 및 학교 밖 청소년○ (저소득층) 저소득층 가정 또는 장애가 있는 자○ (사회배려대상자) ○ 본인기준(1순위) :학생가장/장애인/북한이탈주민/보육원거주자 등○ 직계존속기준(2순위) :독립유공자의 손자녀/국가유공자의 자녀/조손가정의 손자녀 등※ 자세한 사항은 첨부파일 또는 홈페이지 참고","○ 2024년 1월 1일부터 공고일 현재 계속해서 양주시에 주민등록을 두고 거주하는 자","○ (저소득층 선발우선순위)  저소득 증명서 제출자 > 소득금액 낮은 자 순○ (사회배려대상자 선발우선순위) 본인기준 자격 해당자 > 직계존속기준 자격 해당자 순○ (신입생) 관내 중학교 졸업자 가산점 부여","○ 20명(중·고·학교밖 청소년 포함)","○ 1세대 1명에 한하여 신청가능○ 양주시 추천 및 관내 타 장학금과 중복지급 불가○ 기존 장학금 환수조치 대상자 중 반납하지 않은 자※ 자세한 사항은 첨부파일 또는 홈페이지 참고","○ (학교 밖 청소년) 소속기관장 추천","○ 장학금 지원신청서○ 2026년 재학증명서(학교 밖 청소년 제외)○ 직전학년 성적증명서(생활기록부 접수 불가/학교 밖 청소년 제외)○ 통장사본(미성년자는 보호자 명의)○ 가족관계증명서 원본(보호자 기준)○ 장학금 신청자 주민등록초본(양주시 최근 전입일자 포함)○ (장애인) 장애인증명서 사본(학생 본인에 한함)○ (저소득) 수급자증명서 사본○ (사회배려대상자) 사회배려대상자임을 확인할 수 있는 서류○ (학교 밖 청소년) ○ 장학생 추천서(소속기관장) ○ 진로·취업·특기 관련 자격증 및 수료증 사본(최근 2년 이내)○ 기타 증명서류※ 자세한 사항은 첨부파일 또는 홈페이지 참고","http://www.yjdream.kr","2026-03-04","2026-03-20"
"447 ","양주시 희망장학재단","특기","지자체(출자출연기관)","장학금","지역연고","과학고국제고마이스터고영재고예술고외국어고일반고자율고제한없음체육고","1학년2학년3학년제한없음","해당없음","해당없음","○ 50만원 (2회 분할 지급)","○ 국내 고등학교에 재학 중인 학생 및 학교 밖 청소년○ 예능 및 교육과정 전반에 관련하여 재능이 뛰어난 학생 및 청소년(체육분야 제외)○ 2025년 수상 실적이 있는 자○ 논술·외국어·수학·과학 분야 : 전년도 도단위 대회 이상 3위 이내 입상자○ 예술·기술·기능분야 : 전년도 도단위 대회 이상 3위 이내 입상자","○ 2024년 1월 1일부터 공고일 현재 계속해서 양주시에 주민등록을 두고 거주하는 자","○ 수상실적 및 관련 증빙서류에 따라 장학생 선발위원회에서 심사 선발※ 각 대회별 수상실적에 따른 가산점 부여※ 신입생에 한하여 관내 중학교 졸업자 가산자 부여","○ 10명(고·학교밖청소년 포함)","○ 1세대 1명에 한하여 신청가능○ 양주시 추천 및 관내 타 장학금과 중복지급 불가○ 기존 장학금 환수조치 대상자 중 반납하지 않은 자※ 자세한 사항은 첨부파일 또는 홈페이지 참고","○ 소속 학교장 또는 청소년기관장 및 대안학교장의 추천","○ 장학금 지원 신청서○ 2026년 재학증명서(학교 밖 청소년 제외)○ 장학생 추천서○ 장학금 신청자 주민등록초본(양주시 최근 전입일자 포함)○ 통장사본(미성년자는 보호자 명의)○ 2025년도 입상을 확인할 수 있는 상장 및 증명서 사본※ 자세한 사항은 첨부파일 또는 홈페이지 참고","http://www.yjdream.kr","2026-03-04","2026-03-20"
"448 ","홍성사랑장학회","성적우수장학생","지자체(출자출연기관)","장학금","지역연고","과학고국제고마이스터고영재고외국어고일반고","1학년2학년3학년제한없음","해당없음","해당없음","○ 100만원","○ 직전학년 성적이 우수하고 품행이 단정하여 타의 모범이 되는 성적 우수자","○ 홍성군에 1년 이상 계속하여 주민등록을 둔 학생 또는 군민의 자녀(기준일: 선발요강 공고일 현재)","○ 학교장 추천","○ 17명","○ 선발기준에 미달한 경우※ 자세한 사항은 첨부파일 또는 홈페이지 참고","○ 학교장 추천에 의거 선발","○ 학교장 추천서○ 주민등록초본(주소이력사항 포함)○ 개인정보 수집/이용 동의서○ 성적 증명 자료※ 자세한 사항은 첨부파일 또는 홈페이지 참고","https://www.hongseong.go.kr/bbs/BBSMSTR_000000000734/view.do","2026-05-04","2026-05-15"
"449 ","홍성사랑장학회","특기장학생","지자체(출자출연기관)","장학금","지역연고","예술고일반고체육고","1학년2학년3학년제한없음","해당없음","해당없음","○ 100만원","○ 직전학년(취학 1년전) 중 전국단위 이상 예체능 대회에서 3위 이내 입상한 특기생 중 성적 우수자(전국체전 분야 입상자 우선 선발)※ 자세한 사항은 첨부파일 또는 홈페이지 참고","○ 홍성군에 1년 이상 계속하여 주민등록을 둔 학생 또는 군민의 자녀(기준일: 선발요강 공고일 현재)","○ 홍성사랑장학회 장학생선발심의위원회 심의를 거쳐 선발","○ 20명","※ 자세한 사항은 첨부파일 또는 홈페이지 참고","해당없음","○ 학교장 추천서○ 주민등록초본(주소이력사항 포함)○ 개인정보 수집/이용 동의서○ 각종 특기 관련 수상 증빙자료※ 자세한 사항은 첨부파일 또는 홈페이지 참고","https://www.hongseong.go.kr/bbs/BBSMSTR_000000000734/view.do","2026-05-04","2026-05-15"
"450 ","홍성사랑장학회","복지장학생","지자체(출자출연기관)","장학금","지역연고","과학고국제고마이스터고영재고예술고외국어고일반고체육고","1학년2학년3학년제한없음","해당없음","○ 국민기초생활보장수급자/ 차상위계층/ 한부모가정 등","○ 100만원","○ 국민기초생활보장수급자/ 차상위계층/ 한부모가정 등으로 소득이 낮은 자","○ 홍성군에 1년 이상 계속하여 주민등록을 둔 학생 또는 군민의 자녀(기준일: 선발요강 공고일 현재)","○ 학교장 추천","○ 18명","※ 자세한 사항은 첨부파일 또는 홈페이지 참고","○ 학교장 추천에 의거 선발","○ 학교장 추천서○ 주민등록초본(주소이력사항 포함)○ 개인정보 수집/이용 동의서○ 수급자 증명서/차상위계층 확인서/한부모가정 증명서(택1)※ 자세한 사항은 첨부파일 또는 홈페이지 참고","https://www.hongseong.go.kr/bbs/BBSMSTR_000000000734/view.do","2026-05-04","2026-05-15"
"451 ","재단법인 화원장학회","예체능특기자장학생","지자체(출자출연기관)","장학금","특기자","과학고국제고마이스터고영재고예술고외국어고일반고자율고제한없음체육고","해당없음","해당없음","해당없음","○ 50만원","○ 시/도 단위 대회에서의의 우승자나 전국대회에서의 3위 이내의 입상자 또는 국가대표선수로 선발된 실적이 있는 자","○ 선발공고일 현재 화원읍에 등록기준지를 2년 이상 두고 있는 자○ 화원읍에 주소를 3년 이상 계속 두고 거주하고 있는 읍민과 그의 자녀","※ 기관확인필요","○ 2명","○ 동일 수상 실적으로 장학금을 수혜받은 학생 제외○ 1세대당 1명 신청가능○ 무상교육 대상자 및 자사고/ 특목고 재학생 제외○ 동일 교육과정 내에서 1회만 선발※ 자세한 사항은 첨부파일 또는 홈페이지 참고","○ 학교장 추천","○ 장학생 선발 신청서○ 주민등록초본 또는 기본증명서○ 학교장추천서○ 개인(신용)정보 수집/이용/제공 및 조회 동의서○ 서약서○ 26년 1월 건강보험료 납부확인서(부/모) 각 1부○ 최근 1년간 전국단위 지방세 세목별 과세증명서(부/모) 각 1부○ 26년 1학기 교육비납입증명서○ 입증서류○ 재학증명서○ 가족관계증명서○ 농업경영체 등록 확인서(해당자)※ 자세한 사항은 첨부파일 또는 홈페이지 참고","https://www.dalseong.daegu.kr","2026-02-11","2026-02-27"
"452 ","재단법인광주시민장학회","예체능장학생","지자체(출자출연기관)","장학금","지역연고","과학고국제고마이스터고영재고예술고외국어고일반고자율고체육고","1학년2학년3학년제한없음","해당없음","해당없음","○ 100만원","○ 지역거주요건을 만족하는 고등학교 재학생 중 2024년도 광역시·도 대회 3위 이상 입상 실적이 있는 고등학교 재학생","○ 공고일 현재 주민등록상 부 또는 모가 2년 이상 연속하여 경기도 광주시에 거주하고 있는 광주시민의 자녀 (조손가족 포함)","※ 기관확인필요","○ 36명","○ 세대중복 (한 가정 내 선발인원 1명 초과시) 선발제외※ 자세한 사항은 첨부파일 또는 홈페이지 참고","해당없음","○ 장학생 지원신청서○ 자기소개 및 진로계획서○ 개인정보 수집/이용/제공 및 조회동의서○ 가족관계증명서○ 주민등록초본○ 재학증명서○ 2025년 2학기 교육비납입증명서○ 수상실적 및 공연실적 입증서류○ 각종 가산점 관련 증명서류※ 자세한 사항은 첨부파일 또는 홈페이지 참고","http://www.gjcsf.or.kr","2026-03-16","2026-03-27"
"453 ","KT&G장학재단","상상장학생","기타","장학금","소득구분","과학고국제고마이스터고영재고예술고외국어고일반고자율고제한없음체육고","1학년","해당없음","○ 기초생활수급자 혹은 차상위계층 해당자 본인이나 그 자녀인 자","○ 고교 상상장학금 100만원 최대 6개 학기※ 학습 관련 장학금으로 개인별 학습도구세트(태블릿PC 등)지원※ 자세한 사항은 첨부파일 또는 홈페이지 참고","○ 2025년도 국내소재 고등학교 신입생○ 성실하며 높은 학업 의욕과 바른 인성을 갖춘 학생○ 연 1회 장학금 사용 결과 보고(영수증 등 장학금 학습 관련 사용 증빙 포함) 제출 필수","○ 특정 지역 거주 여부 비해당 (국내 전국 단위 공모)","○ 공개모집 (KT&G장학재단 홈페이지 통한 온라인 지원)","○ 총 450명 (중등 200명/고교 250명)","○ 타 민간 기관 장학금 중복 수혜 불가 (국가 및 지자체 예산 장학금만 중복 수혜 가능)○ 학교 폭력 가해/ 징계/ 형사 처벌(처분) 등 사회적 물의를 일으키지 않은 자○ 수령 장학금을 장학생 본인의 학습 관련 항목으로만 사용 후 영수증 등 사용 증빙 포함 결과 보고 제출","○ 추천 필요 (지원 학생과 동일한 학교에 재직 중인 교원 추천 필수)","○ 경제상황 증빙서류(기초생활수급자 혹은 차상위계층 증빙 자료)○ 재학증명서○ 가족관계증명서○ 지원서 및 추천서(온라인 신청 페이지 내 직접 입력)○ 계좌 개설 확인서※ 학생은 학생 제출서류 작성 후 멘토(추천교사)에게 전달하며 추천교사가 온라인 접수 및 우편 접수※ 자세한 사항은 첨부파일 또는 홈페이지 참고","https://scholarship.ktngtogether.com","2025-04-28","2025-05-28"
"454 ","재단법인 안성시민장학회","우수장학금","지자체(출자출연기관)","장학금","지역연고","과학고국제고마이스터고영재고예술고외국어고일반고자율고제한없음체육고","1학년2학년3학년","○ 직전 1년 성적이 학년 11% 이내인 자○ 고등학교 1학년은 평균 95점 이상인 자","해당없음","○ 70만원","○ 관내에 3년 이상 계속 거주한 자 중 관내 고등학교 재학생 또는 지역 관계 없이 예·체능계 및 특목고 재학생으로 성적우수자","○ 관내에 3년 이상 계속 거주한 자 중 관내 고등학교 재학생 또는 지역 관계 없이 예·체능계 및 특목고 재학생","○ 각 분야별 선발기준 평가점수 90% 반영 + 기타사항 평가점수 10% 반영의 상대평가로 선발함○ 기타사항 10% : 가정환경 5% 생활기록부 3% 장학금수혜여부 2%※ 자세한 사항은 첨부파일 또는 홈페이지 참고","○ 25명","○ 1인 2개 분야 접수 불가○ 1가구 2자녀 동시수혜 불가※ 자세한 사항은 첨부파일 또는 홈페이지 참고","해당없음","○ 장학금지원신청서○ 개인정보제공동의서○ 타장학금수혜확인서○ 직전 학년 성적표○ 재학증명서(관외의 예체능계 및 특목고생)○ 주민등록등본○ 통장사본※ 자세한 사항은 첨부파일 또는 홈페이지 참고","http://www.ascsf.or.kr","2026-04-08","2026-04-21"
"455 ","재단법인 안성시민장학회","발전장학금","지자체(출자출연기관)","장학금","지역연고","과학고국제고마이스터고영재고예술고외국어고일반고자율고제한없음체육고","1학년2학년3학년제한없음","해당없음","○ 기초생활수급자 및 차상위계층 등 가정형편이 어려운 자","○ 70만원","○ 기초생활수급자 및 차상위계층 등 가정형편이 어려운 자","○ 관내에 3년 이상 계속 거주한 자(부모기준) 중 관내 고등학교 재학생과 지역 관계 없이 예·체능계 및 특목고 재학생","○ 각 분야별 선발기준 평가점수 90% 반영 + 기타사항 평가점수 10% 반영의 상대평가로 선발함○ 기타사항 10% : 가정환경 5% 생활기록부 3% 장학금수혜여부 2%※ 자세한 사항은 첨부파일 또는 홈페이지 참고","○ 31명","○ 1인 2개 분야 접수불가○ 1가구 2자녀 동시수혜 불가","해당없음","○ 장학금지원신청서○ 개인정보제공동의서○ 타장학금수혜확인서○ 직전 학년 생활기록부○ 재학증명서(관외의 예체능계 및 특목고생)○ 학생 본인 기초생활수급자증명서 또는 차상위본인부담경감대상자증명서(해당자)○ 전년도 세목별 과세증명서○ 가족관계증명서(부모기준)○ 한부모가족증명서(해당자)○ 주민등록등본(주소변동 포함)○ 통장 사본※ 자세한 사항은 첨부파일 또는 홈페이지 참고","http://www.ascsf.or.kr","2026-04-08","2026-04-21"
"456 ","재단법인 안성시민장학회","특기장학금","지자체(출자출연기관)","장학금","지역연고","예술고일반고체육고","1학년2학년3학년제한없음","해당없음","해당없음","○ 70만원","○ 과학기술 예술·체육 환경생태 역사문화 등에서 우수한 학생 또는 특기분야의 도대회 혹은 전국대회 입상성적을 가진 자 ※ 특기 성적자료는 직전학년 1년이내 자료만 유효함","○ 관내에 3년 이상 계속 거주한 자 중 관내고등학교 재학생과 지역 관계 없이 예체능계 및 특목고 재학생","○ 각 분야별 선발기준 평가점수 90% 반영 + 기타사항 평가점수 10% 반영의 상대평가로 선발함○ 기타사항 10% : 가정환경 5% 생활기록부 3% 장학금수혜여부 2%※ 자세한 사항은 첨부파일 또는 홈페이지 참고","○ 4명","○ 1인 2개 분야 접수 불가○ 1가구 2자녀 동시수혜 불가※ 자세한 사항은 첨부파일 또는 홈페이지 참고","해당없음","○ 장학금지원신청서○ 개인정보제공동의서○ 타장학금수혜확인서○ 직전학년 생활기록부○ 재학증명서(관외의 예체능계 및 특목고생)○ 주민등록등본○ 직전 학년 특기자료※ 자세한 사항은 첨부파일 또는 홈페이지 참고","http://www.ascsf.or.kr","2026-04-08","2026-04-21"
"457 ","재단법인 안성시민장학회","다자녀장학금","지자체(출자출연기관)","장학금","지역연고","과학고국제고마이스터고영재고예술고외국어고일반고자율고제한없음체육고","1학년2학년3학년","해당없음","해당없음","○ 70만원","○ 가정형편이 어렵고 세 자녀 이상 가정의 세 학생 중 1명","○ 관내에 3년 이상 계속 거주한 자중 관내 고등학교 재학생과 관외 예체능계 및 특목고 재학생","○ 각 분야별 선발기준 평가점수 90% 반영 + 기타사항 평가점수 10% 반영의 상대평가로 선발함○ 기타사항 10% : 가정환경 5% 생활기록부 3% 장학금수혜여부 2%※ 자세한 사항은 첨부파일 또는 홈페이지 참고","○ 10명","○ 1인 2개 분야 접수 불가○ 1가구 2자녀 동시수혜 불가※ 자세한 사항은 첨부파일 또는 홈페이지 참고","해당없음","○ 장학금지원신청서○ 개인정보제공동의서○ 타장학금수혜확인서○ 3자녀 모두의 재학증명서○ 전년도 세목별 과세증명서※ 세목 : 재산세 / 자동차세 (가족관계증명서 상 보호자 모두 제출/납세액이 없을 경우 미과세 증명서 제출)○ 가족관계증명서(부모기준)○ 주민등록 등본(주소변동 포함)※ 자세한 사항은 첨부파일 또는 홈페이지 참고","http://www.ascsf.or.kr","2026-04-08","2026-04-21"
"458 ","재단법인 안성시민장학회","귀뚜라미 우수장학생","지자체(출자출연기관)","장학금","해당없음","과학고국제고마이스터고영재고예술고외국어고일반고자율고제한없음체육고","1학년2학년3학년제한없음","○ 직전학기(2026년 1학기) 학년 석차 5% 이내","해당없음","○ 100만원","○ 관내 고등학교 재학생","○ 장학생 선발 공고일 기준 주민등록상 안성시에 3년 이상 거주 고등학생 다만 학업으로 인하여 관외로 본인의 주소가 되어있는 경우 부모·조부모 기준으로 거주기간 확인","○ 각 전형별 추천인원보다 신청인원이 많을 경우 추천심의위원회 결정으로 추천","○ 10명","○ 2026년 1학기 기준 귀뚜라미 재단 장학금을 받은 자는 지원 불가○ 2026년 (재)안성시민장학회 정규 및 안성맞춤인재 장학생으로 선발된 학생 지원 불가○ 동일세대 지원자 2명 이상 시 가장 우수한 1명에 한해 추천","해당없음","○ 장학생 지원 신청서○ 재학증명서○ 주민등록초본(학생)○ 주민등록등본(세대주)○ 개인정보 수집·이용·제공 및 조회 동의서○ 학생 본인 통장 사본○ 성적확인서○ 가족관계증명서/주민등록등본 (해당자)※ 자세한 사항은 첨부파일 또는 홈페이지 참고","https://www.ascsf.or.kr/","2026-08-05","2026-08-12"
"459 ","재단법인 안성시민장학회","귀뚜라미 희망장학생","지자체(출자출연기관)","장학금","해당없음","과학고국제고마이스터고영재고예술고외국어고일반고자율고제한없음체육고","1학년2학년3학년제한없음","해당없음","○ 국민기초생활보장법 상의 수급자 및 저소득 차상위계층의 고등학생","○ 100만원","○ 국민기초생활보장법 상의 수급자 및 저소득 차상위계층의 고등학생","○ 장학생 선발 공고일 기준 주민등록상 안성시에 3년 이상 거주 고등학생 다만 학업으로 인하여 관외로 본인의 주소가 되어있는 경우 부모·조부모 기준으로 거주기간 확인","○ 각 전형별 추천인원보다 신청인원이 많을 경우 추천심의위원회 결정으로 추천","○ 5명","○ 2026년 1학기 기준 귀뚜라미 재단 장학금을 받은 자는 지원 불가○ 2026년 (재)안성시민장학회 정규 및 안성맞춤인재 장학생으로 선발된 학생 지원 불가○ 동일세대 지원자 2명 이상 시 가장 우수한 1명에 한해 추천※ 자세한 사항은 첨부파일 또는 홈페이지 참고","해당없음","○ 장학생 지원 신청서○ 재학증명서○ 주민등록초본 (학생 기준 출생부터 출력)○ 주민등록등본 1부 (세대주 기준)○ 개인정보 수집·이용·제공 및 조회 동의서○ 학생 본인 통장 사본○ 수급자증명서 또는 차상위계층확인서○ 가족관계증명서/주민등록등본 (해당자)※ 자세한 사항은 첨부파일 또는 홈페이지 참고","https://www.ascsf.or.kr/","2026-08-05","2026-08-12"
"460 ","전북특별자치도평생교육장학진흥원","희망장학생","지자체(출자출연기관)","장학금","지역연고","과학고국제고마이스터고영재고예술고외국어고일반고자율고제한없음체육고","1학년2학년3학년제한없음","○ 2026년도 1학기 내신성적 평균 80점 이상인 자※ 체육·예술(음악/미술)을 제외한 원점수가 기재된 교과목 성적 적용(단 예술고는 예술과목/체육고는 체육과목 적용)","○ 2026년 1월~ 6월분 부·모(후견인 포함) 건강보험료 고지금액 적용 평가○ 국민기초생활수급자는 최고점수로 평가","○ 50만원※ 면학지원(생활비) 장학금","○ 성적이 우수하고 가정형편이 어려운 고등학생○ 전북특별자치도 소재 고등학교 재학생","○ 공고일(26.8.10.) 기준 6개월 전부터 보호자의 주민등록이 전북특별자치도에 되어있는 자○ 보호자의 등록기준지가 전북특별자치도로 되어있으면서 지원자가 도내 소재 중학교 졸업자","○ 성적우수 : 성적평가(100점)○ 생활안정 : 생활정도평가(100점)○ 일반 : 성적(40점)+생활정도(60점)평가","○ 성적우수 : 10명○ 생활안정 : 20명○ 일반 : 70명","○ 1가정 1명만 선발 가능○ 2026년도 진흥원의 타 장학금 수혜자 제외","해당없음","○ 성적증명서(2026년 1학기 성적)○ 재학증명서○ 주민등록등본○ 생활정도 서류○ 가족관계증명서○ 다문화 가정 증명서류 ○ 기초생활수급자 증명서※ 자세한 사항은 첨부파일 또는 홈페이지 참고","http://www.jbiles.or.kr","2026-08-18","2026-08-24"
"461 ","삼척시도계장학재단","장학생","지자체(출자출연기관)","장학금","기타","일반고","1학년2학년3학년제한없음","해당없음","해당없음","○ 50만원","○ 26년 도계읍 관내 고등학교 입학생○ 성적과 관계없이 신청 가능한 자 (학교장의 추천을 받아 도계읍장이 불우가정으로 인정하는 자 및 기초생활수급자·장애인의 자녀·한부모가정·진규폐환자의 자녀)","○ 친권자(후견인)의 주소가 2024년 3월 16일 이전부터 접수일 현재까지(2년이상) 삼척시 도계읍으로 등록되고 거주하고 있는 자로서 공고일 현재 만 39세 이하인 자","○ 저소득 가정을 20% 선발하고 장학생 선발인원이 미달 될 경우에는 저소득 가정을 우선 선발하고 나머지는 성적순으로 정한다※ 기관확인필요","○ 38명","○ 삼척 향토장학재단 등 삼척시 출자출연 기관 장학금 중복수혜 불가※ 자세한 사항은 첨부파일 또는 홈페이지 참고","○ 학교장 추천","○ 장학금 신청서○ 개인정보 수집·이용 및 제3자 제공 동의서○ 주민등록등본○ 통장사본○ 저소득가정 관련 증명서(해당자)※ 자세한 사항은 첨부파일 또는 홈페이지 참고","http://www.samcheok.go.kr/intro/00443/00712.web","2026-03-16","2026-04-03"
"462 ","재단법인 서동이장학회","복지장학생","지자체(출자출연기관)","장학금","소득구분","과학고국제고마이스터고영재고예술고외국어고일반고자율고제한없음체육고","1학년2학년3학년제한없음","○ 1학년 : 직전 학기 전과목 내신 평균 등급이 3등급 이내인 자○ 23학년 : 직전 학기 전과목 내신 평균 등급이 5등급 이내인 자","○ 가정형편이 어려운 학생※ 기초생활수급자/차상위계층/한부모가족 및 기준 중위소득 100% 이내에 해당하는 학생","○ 100만원","※ 기관확인필요","○ 공고일 기준 본인 또는 보호자가 인천광역시 서구에 3년 이상 주민등록 주소지를 두고 거주 중인 고등학교 재학생","○ 장학생 선발심사위원회 심사 및 장학회 이사회 의결로 장학생 최종 결정","○ 55명","○ 징계(정학/제적 등) 처분 받은 학생○ 서동이장학금 기수혜자○ 한가구 내 2인 이상 지원 시 1인만을 적격자로 판단하여 심사※ 자세한 사항은 첨부파일 또는 홈페이지 참고","○ 학교장 추천 또는 거주지 동장 추천서 제출","○ 장학생 신청서○ 장학생 추천서○ 복지대상자 증명 서류(국민기초생활수급자/차상위계층/한부모가정 증명서 등)○ 성적증명서(원점수 표기)○ 건강보험료납부확인서○ 건강보험자격확인서○ 주민등록 초본(최근 5년간 주소변동사항 포함)○ 주민등록 등본○ 가족관계증명서(상세)○ 개인정보 수집·이용·조회·제공 등에 대한 동의서※ 자세한 사항은 첨부파일 또는 홈페이지 참고","https://www.seo.incheon.kr/open_content/scholarship","2025-08-25","2025-09-12"
"463 ","재단법인 서동이장학회","예·체·기능 특기장학생(서동이 유망주)","지자체(출자출연기관)","장학금","특기자","과학고국제고마이스터고영재고예술고외국어고일반고자율고제한없음체육고","1학년2학년3학년제한없음","해당없음","해당없음","○ 100만원※ 서동이 유망주 : 500만원 이내","○ 최근 1년 이내 전국규모 이상 대회에서 3위 이상 입상자※ 서동이 유망주(별도 선정) : 특기장학생으로 선발자 중 인천 서구의 명성을 떨칠 발전 가능성이 많아 육성 지원이 타당하다 판단되는 특기 우수학생","○ 공고일 기준 본인 또는 보호자가 인천광역시 서구에 3년 이상 주민등록 주소지를 두고 거주 중인 고등학교 재학생","○ 장학생 선발심사위원회 심사를 거쳐 장학회 이사회 의결로 장학생 최종 결정","○ 45명 (초·중·고·대 선발인원 포함)","○ 징계(정학/제적 등) 처분 받은 학생○ 서동이장학금 기수혜자○ 한가구 내 2인 이상 지원 시 1인만을 적격자로 판단하여 심사※ 자세한 사항은 첨부파일 또는 홈페이지 참고","○ 학교장 추천","○ 장학생 신청서○ 장학생 추천서○ 개인정보 수집·이용·조회·제공 등에 대한 동의서○ 주민등록 초본(최근 5년간 주소변동사항 포함)○ 주민등록 등본○ 가족관계증명서(상세)○ 타 장학금 수혜사실 확인서○ 입상 증명 서류※ 자세한 사항은 첨부파일 또는 홈페이지 참고","https://www.seo.incheon.kr/open_content/scholarship","2025-08-25","2025-09-12"
"464 ","재단법인 서동이장학회","글로벌/과학 인재장학생","지자체(출자출연기관)","장학금","특기자","과학고국제고마이스터고영재고예술고외국어고일반고자율고제한없음체육고","1학년2학년3학년제한없음","○ 글로벌인재 : 직전 학기 외국어 학업성적 1등급 이내○ 과학인재 : 직전 학기 과학 학업성적 1등급 이내","해당없음","○ 100만원","○ 글로벌인재 : 직전 학기 외국어 학업성적 1등급 이내로 교내·외 외국어 관련 경시대회 등 우수입상자○ 과학인재 : 직전 학기 과학 학업성적 1등급 이내로 교내·외 과학 관련 경시대회 등 우수입상자","○ 공고일 기준 본인 또는 보호자가 인천광역시 서구에 3년 이상 주민등록 주소지를 두고 거주 중인 고등학교 재학생","○ 장학생 선발심사위원회 심사를 거쳐 장학회 이사회 의결로 장학생 최종 결정","○ 글로벌인재 : 2명○ 과학인재 : 2명","○ 징계(정학/제적 등) 처분 받은 학생○ 서동이장학금 기수혜자○ 한가구 내 2인 이상 지원 시 1인만을 적격자로 판단하여 심사※ 자세한 사항은 첨부파일 또는 홈페이지 참고","○ 학교장 추천","○ 장학생 신청서○ 장학생 추천서○ 개인정보 수집·이용·조회·제공 등에 대한 동의서○ 주민등록 초본(최근 5년간 주소변동사항 포함)○ 주민등록 등본○ 가족관계증명서(상세)○ 타 장학금 수혜사실 확인서○ 성적증명서(원점수 표기)○ 입상을 증명하는 서류※ 자세한 사항은 첨부파일 또는 홈페이지 참고","https://www.seo.incheon.kr/open_content/sholarship","2025-08-25","2025-09-12"
"465 ","재단법인 포천시교육재단","향토인재(고등학교 신입생)","지자체(출자출연기관)","장학금","지역연고","과학고국제고마이스터고영재고예술고외국어고일반고체육고","1학년","○ 중학교 내신성적 200점 만점 기준 190점 이상※ 동점자 발생 시 교과성적 중 중학교 3학년 성적순으로 선발","해당없음","○ 100만원","○ 2026학년도 관내 고등학교에 입학한 신입생 중 관내 중학교 졸업생","해당없음","○ 내신성적 높은 순으로 선발※ 자세한 사항은 첨부파일 또는 홈페이지 참고","○ 200명","※ 기관확인필요","해당없음","○ 장학금 지원신청 및 개인정보 동의 (온라인 신청)○ 중학교 성적 확인서○ 가족관계 증명서 (부모 명의 계좌번호 제출 시 첨부)※ 자세한 사항은 첨부파일 또는 홈페이지 참고","https://www.poyouth.or.kr","2026-05-11","2026-05-22"
"466 ","(재)선학장학재단","장학생","기타","장학금","기타","과학고국제고마이스터고영재고예술고외국어고일반고자율고제한없음체육고","해당없음","○ (성적우수학생) 내신 4등급 이상","○ (복지장학생) 기초생활수급자 등 경제상황이 어려운 학생","○ 100만원 상당","○ 여성연합행사/캠페인/봉사활동에 참여하는 학생○ 교회활동 및 봉사에 적극적인 학생○ 도지부에서 여성연합 특별 장학생으로 관리할 학생○ 품행이 타의 모범이 되고 학업성적이 우수하거나 가정형편이 어려워 학업을 계속하기가 곤란한 학생","해당없음","○ 1차 도지부회의 2차 시·군지부 회의를 통해 선발○ 최종 도회장(WFWP)의 추천 받은 학생 선발","※ 도지부별 2명씩(천원특별지부 포함 2명) 추천하는 장학임※ 기관확인필요","○ 장학생 선발위원회 심사를 거쳐 부적합 할 경우 제외될 수 있음○ 수여식 불참시 수혜대상 제외될 수 있음※ 자세한 사항은 첨부파일 또는 홈페이지 참고","○ 여성연합 각 도회장의 추천","○ 장학생 지원서 및 자기소개서○ 장학생 추천서 및 확인서○ 본인 명의 통장사본○ 개인정보 수집·이용·제공 및 조회 동의서○ 사진 2매○ 기타 해당 서류※ 자세한 사항은 첨부파일 또는 홈페이지 참고","http://www.sunhak.com","2026-02-23","2026-03-06"
"467 ","(재)용복장학회","희망장학금","기타","장학금","소득구분","과학고국제고마이스터고영재고예술고외국어고일반고자율고제한없음체육고","1학년2학년3학년제한없음","○ 직전학기 학교 석차가 재적인원의 20% 이내","해당없음","○ 50만원(1회성)","○ 성적이 우수한 고등학생","해당없음","○ 1차 : 서류심사○ 2차 : 인터뷰 심사","※ 기관확인필요","○ 소속 학교에서 징계처분을 받았을 때○ 휴학 또는 질병/ 기타 사유로 학업지속이 어려울 때○ 기준미달자※ 자세한 사항은 첨부파일 또는 홈페이지 참고","○ 학교장/선생님/각급 단체장 등 사회 지도층 인사","○ 장학생 지원서○ 추천서○ 자기소개서○ 서약서○ 개인정보 활용 동의서○ 재학증명서○ 성적증명서○ 학생 및 보호자의 주민등록등본○ 경제상황증빙서류 (택1)※ 자세한 사항은 첨부파일 또는 홈페이지 참고","http://www.yongpok.org/","2026-06-29","2026-07-24"
"468 ","재단법인 울릉군인재육성재단","진학장학금","지자체(출자출연기관)","장학금","지역연고","일반고","1학년","○ 과별 내신 성적 및 입학성적 우수자","해당없음","○ 100만원 ~ 200만원 이내※ 자세한 사항은 첨부파일 또는 홈페이지 참고","○ 울릉고등학교 입학생","○ 공고일 현재 부모 또는 보호자의 주민등록이 울릉군 내에 있어야 함","※ 기관확인필요","○ 00명※ 공동석차 시 인원 제한없음","○ 저소득층 가정에 한하여 장학금과 별도로 생활안정자금 신청가능○ 보호자가 울릉군 관외로 거주지를 이전하였을 때※ 자세한 사항은 첨부파일 또는 홈페이지 참고","해당없음","○ 장학금 신청서○ 부모 또는 보호자 주민등록초본○ 학생 주민등록초본○ 고등학교 졸업증명서○ 장학신청자 명의의 통장사본○ 성적증명서○ 재학증명서※ 자세한 사항은 첨부파일 또는 홈페이지 참고","http://www.ulleung.go.kr/","2025-04-23","2025-05-13"
"469 ","재단법인 울릉군인재육성재단","특기장학금","지자체(출자출연기관)","장학금","특기자","예술고일반고체육고","1학년2학년3학년제한없음","해당없음","해당없음","○ 50만원 ~100만원※ 자세한 사항은 첨부파일 또는 기관 홈페이지 참조","○ 공인된 예·체·기능분야○ 전국단위 1~3위 입상자 또는 도 단위 1위 입상자","○ 공고일 현재 부모 또는 보호자의 주민등록이 울릉군 내에 있어야 함","※ 기관확인필요","○ 00명","○ 저소득층 가정에 한하여 장학금과 별도로 생활안정자금 신청가능○ 보호자가 울릉군 관외로 거주지를 이전하였을 때※ 자세한 사항은 첨부파일 또는 홈페이지 참고","해당없음","○ 장학금 신청서○ 부모 또는 보호자 주민등록초본○ 학생 주민등록초본○ 장학신청자 명의의 통장사본○ 재학증명서※ 자세한 사항은 첨부파일 또는 홈페이지 참고","http://www.ulleung.go.kr","2025-04-23","2025-05-13"
"470 ","재단법인 학원밀알장학재단","학원밀알장학생","기타","장학금","해당없음","과학고국제고마이스터고영재고예술고외국어고일반고자율고제한없음체육고","1학년","※ 자세한 사항은 첨부파일 또는 홈페이지 참고","※ 자세한 사항은 첨부파일 또는 홈페이지 참고","○ 매년 분기별 60만원씩 연 240만원을 최대 3년간 지급","○ 인성이 바르고 학업 능력이 우수하여 장래가 촉망되나 가정환경의 어려움으로 경제적 지원이 필요한 학생으로서 창의적인 사고력과 행동력을 보이며 각 분야에서 최고를 지향하여 국가 지도자상에 적합하며 사회에 봉사와 헌신을 다할 수 있는 학생","해당없음","○ 1차 서류전형 · 2차 필기시험 및 면접","○ 전국 12~15명","※ 기관확인필요","○ 학교장(혹은 담당 선생님) 추천","○ 학원밀알장학생 지원신청서○ 개인정보 수집·이용 동의서○ 학원밀알장학생 신청자 기초자료○ 학교장/교사 추천서○ 자기소개서○ 1학년 1학기 생활기록부 사본 (1학년 1학기 성적)","해당없음","2026-06-09","2026-07-10"
"471 ","(재)인천인재평생교육진흥원","희망드림장학금","지자체(출자출연기관)","장학금","소득구분","과학고국제고마이스터고영재고예술고외국어고일반고자율고제한없음체육고","1학년2학년3학년제한없음","○ (~24년도 입학자) 직전과목 전 과목 내신 평균 등급이 5등급 이내○ (25년도~ 입학자) 직전과목 전 과목 내신 평균 등급이 3등급 이내※ 자세한 사항은 첨부파일 또는 홈페이지 참고","○ 본인이나 부모가 기초생활수급자 또는 차상위계층 또는 한부모가정 또는 중증 장애인으로 등록된 가정","○ 100만원 (생활비성 장학금) / 한국장학재단 등 타 재단 장학금과 이중수혜 가능","○ 인천 소재 중학교를 졸업한 관내 고등학교 정규학기 재학생","○ 장학금 신청 공고일 기준 현재 본인 또는 부모의 주민등록 주소지가 인천광역시이며 학교 정규학기 재학중인 자","○ 가정형편 기준으로 우선 선발 후 동점자 발생 시 성적 고득점자 순으로 선발","○ 90명","○ 동일년도 재단에서 실시하는 장학금 중복 선발 불가○ 장학금 2개 이상 동시 지원 불가○ 전년도 인천인재평생교육진흥원 장학생은 선발 대상에서 제외○ 25~26년도 재단 해외 프로그램 장학생은 선발 대상에서 제외○ 한 가구 내 2인 이상 지원 시 먼저 접수된 1인만을 심사※ 자세한 사항은 첨부파일 또는 홈페이지 참고","해당없음","○ 장학생 지원신청서○ 자기소개서○ 직전학기 성적증명서○ 재학증명서○ 가족관계증명서○ 주민등록초본○ 가정형편 증명서○ 보통예금통장 사본※ 자세한 사항은 첨부파일 또는 홈페이지 참고","https://itle.or.kr","2026-09-10","2026-10-08"
"472 ","(재)인천인재평생교육진흥원","공익인재장학금","지자체(출자출연기관)","장학금","지역연고","과학고국제고마이스터고영재고예술고외국어고일반고자율고제한없음체육고","1학년2학년3학년제한없음","해당없음","해당없음","○ 100만원","○ 최근 3년간 100시간 이상 봉사활동을 통해 공익 창출에 기여한 자※ 봉사활동 인정 범위: 1365자원봉사 포털 VMS 등록 봉사활동 실적※ 봉사활동 인정 기간: 공고일 이전 3년간 봉사활동 실적","○ 선발 공고기준일 현재 학생 또는 부모의 주민등록 주소지가 인천광역시이며 학교 정규학기 재학중인 자","○ 심사기준 : 봉사활동실적 100%※ 동점자 발생 시 봉사활동 최근실적 순 > 연속참여 실적 순 선발","○ 고등학생 16명","○ 동일연도 재단에서 실시하는 장학금 중복 선발 불가○ 장학금 2개 이상 동시 지원 불가○ 전년도 인천인재평생교육진흥원 장학생○ 25년~26년도 인천인재평생교육진흥원 해외 프로그램(연수/배낭연수/봉사) 장학생 ○ 한 가구 내 2인 이상 지원 시 먼저 접수된 1인만을 심사※ 자세한 사항은 첨부파일 또는 홈페이지 참고","해당없음","○ 장학생 지원신청서○ 자기소개서○ 재학증명서○ 주민등록초본○ 보통예금통장 사본○ 공익활동(봉사활동) 실적 증명서※ 자세한 사항은 첨부파일 또는 홈페이지 참고","https://itle.or.kr","2026-09-10","2026-10-08"
"473 ","(재)인천인재평생교육진흥원","SK행복장학금","지자체(출자출연기관)","장학금","지역연고","과학고국제고마이스터고영재고예술고외국어고일반고체육고","1학년2학년3학년제한없음","○ 재학생  ~2024년도 입학자: 직전과목 전 과목 내신 등급이 6등급 이내 2025~년도 입학자: 직전과목 전 과목 내신 등급이 4등급 이내※ 자세한 사항은 첨부파일 또는 홈페이지 참고","○ 본인 또는 부모가 기초생활수급자/차상위계층/한부모 가정/중증장애인으로 등록된 자※ 자세한 사항은 첨부파일 또는 홈페이지 참고","○ 100만원","○ 초중등교육법 제2조의 고등학교 재학생","○ 선발 공고기준일 현재 부모  또는 본인의 주민등록 주소지가 신현원창동/석남1~3동/가정1동/가좌1~3동인 고등학생","○ 심사기준 : 가정형편(60%) 성적(40%) 자기소개서※ 동점자 발생 시 가정형편 > 성적 고득점 순 선발","○ 고등학생 28명","○ 동일연도 인천인재평생교육진흥원에서 실시하는 장학금 중복 선발 불가○ 25~26년도 인천인재평생교육진흥원 해외 프로그램 장학생은 선발 대상에서 제외○ 장학금 2개 이상 동시 지원 불가○ 25년도 재단장학생은 후순위 심사○ 한 가구 내 2인 이상 지원 시 후순위 심사※ 자세한 사항은 첨부파일 또는 홈페이지 참고","해당없음","○ 장학생 지원신청서○ 자기소개서○ 직전학기 성적증명서○ 재학증명서○ 주민등록등초본○ 가정형편증명서○ 보통예금통장 사본※ 자세한 사항은 첨부파일 또는 홈페이지 참고","https://itle.or.kr","2026-09-10","2026-10-08"
"474 ","(재)인천인재평생교육진흥원","응원장학금","지자체(출자출연기관)","장학금","소득구분","과학고국제고마이스터고영재고예술고외국어고일반고체육고","1학년2학년3학년제한없음","○ 재학생: 직전과목 전 과목 내신 등급이 6등급 범위 (음악/미술/체육 제외)※ 자세한 사항은 첨부파일 또는 홈페이지 참고","○ 가정형편: 공고일 기준 최근 3년 이내 갑작스런 사정으로(폐업·실직·병원진료 등)으로 인해 경제적 어려움을 겪어 긴급 지원이 필요한 학생※ 자세한 사항은 첨부파일 또는 홈페이지 참고","○ 200만원","○ 초중등교육법 제2조의 고등학교 재학생○ 인천 소재 중학교를 졸업한 관내 고등학교 재학생 중 가정형편 및 성적기준을 모두 충족한 자","○ 선발 공고기준일 현재 학생 또는 부모의 주민등록 주소지가 인천인 자","○ 심사기준 : 가정형편(70%) 성적(20%) 자기소개서(10%) 추가배점(다자녀)○ 동점자의 경우 가정형편 성적 순으로 선발","○ 8명","○ 2024년 상반기 선발 장학생은 심사 대상에서 제외○ 장학금 2개 이상 동시 지원 불가○ 23년도 재단장학생은 후순위 심사○ 1가구 1인 선발※ 자세한 사항은 첨부파일 또는 홈페이지 참고","해당없음","○ 지원신청서○ 자기소개서○ 재학증명서○ 직전학교 졸업증명서○ 성적증명서○ 주민등록등초본○ 가정형편 증명서○ 보통예금통장사본○ 가족관계증명서(다자녀 해당자)※ 자세한 사항은 첨부파일 또는 홈페이지 참고","https://itle.or.kr","2024-09-12","2024-10-06"
"475 ","(재)인천인재평생교육진흥원","인천대교희망장학생","지자체(출자출연기관)","장학금","지역연고","과학고국제고마이스터고영재고예술고외국어고일반고체육고","1학년2학년3학년제한없음","○ 신입생: 중학교 3학년 2학기 교과 성취도 평균점수가 5점 만점에 2점 이상○ 재학생: 직전학기 전 과목 내신 등급이 6등급 범위","○ 기초생활수급자 차상위계층 가정의 학생(우선선발)","○ 1인당 100만원","○ 인천 소재 중학교를 졸업한 자","○ 선발 공고기준일 현재 보호자 또는 신청자의 주민등록 주소지가 인천인 자","○ 접수 서류심사 장학생 선발 심사위원회 심의 확정","○ 12명","○ 동일연도 내 재단에서 실시하는 장학금에 중복하여 지원 및 선발 불가○ 한 가구 내 2인 이상 지원 시 먼저 접수된 1인만을 심사※ 자세한 사항은 첨부파일 또는 홈페이지 참고","○ 해당없음","○ 지원신청서○ 자기소개서○ 성적증명서○ 재학증명서○ 주민등록등본○ 기초생활수급자/차상위계층 증명서○ 보통예금통장사본※ 자세한 사항은 첨부파일 또는 홈페이지 참고","https://itle.or.kr","2026-03-30","2026-04-19"
"476 ","(재)인천인재평생교육진흥원","iHUG 인천도시공사 장학금","지자체(출자출연기관)","장학금","지역연고","과학고국제고마이스터고영재고예술고외국어고일반고자율고제한없음체육고","1학년2학년3학년제한없음","○ ~2024년도 입학자직전학기 전 과목 내신 평균 등급이 5등급 이내○ 2025년도~ 입학자직전학기 전 과목 내신 평균 등급이 3등급 이내","해당없음","○ 100만원","○ 부모 또는 본인이 인천도시공사 임대주택에 거주하고 있는 고등학교 재학생","○ 공고일 기준 부모 또는 본인의 주민등록 주소지가 인천도시공사 임대주택 (영구/국민임대 및 매입임대)인 자","○ 온라인 접수/서류 심사/장학생 선발심사위원회 심희 > 선발○ 가정형편 및 학교성적 기준을 충족하는 학생 중 성적 고득점 순 선발","○ 8명","○ 직전년도 재단 해외 프로그램 장학생은 선발 대상에서 제외○ 동일년도 재단에서 실시하는 장학금 중복 선발 불가○ 직전년도 재단 장학생은 선발 대상에서 후순위○ 한 가구당 1인만 지원 가능○ 장학금 2개 종 이상 동시지원 불가※ 자세한 사항은 첨부파일 또는 홈페이지 참고","해당없음","○ 장학생 지원신청서○ 자기소개서○ 재학증명서○ 주민등록등본○ 가족관계증명서○ 가정형편증명서○ 직전학기 성적증명서○ 보통예금통장 사본※ 자세한 사항은 첨부파일 또는 홈페이지 참고","https://www.itle.or.kr","2026-09-10","2026-10-08"
"477 ","중구월디장학회","월디장학금","지자체(출자출연기관)","장학금","성적우수","과학고국제고마이스터고영재고예술고외국어고일반고자율고제한없음체육고특성화고","1학년2학년3학년제한없음","○ 직전 학기 내신등급 평점이 3등급이내(23.0%이내)인 자","해당없음","○ 200만원","○ 고등학교 재학생○ 고등학교란 학력이 인정되는 고등학교를 말하며 초·중등교육법 제51조 및 제52조에 따른 고등학교는 제외","○ 장학생 모집 공고일(2025.08.25)을 기준으로 본인 또는 학부모가 중구에 주민등록을 두고서 1년 이상 거주한 자","○ 성적 50점 건강보험료 30점 거주기간 10점 장애인 5점 기탁자 5점","○ 25명","○ 장학생 자격을 갖춘 학생 중 국가 또는 지방자치단체 및 타 공익법인으로부터 명시적인 장학금을 지급 받은 경우 등록금내에서 타 장학금 수령액의 차액분 전액을 지급함.(다만 학교 내 근로 장학금 등의 대가성 장학금/1회성 포상성격의 상금 또는 지원금과 특성화고 및 저소득층 학자금 면제 장학금은 타장학금 수혜로 인정하지 않음)","해당없음","○ 제출서류 총괄표○ 장학금 신청서○ 장학생 추천서○ 타 장학금 수혜(비수혜) 사실 확인서○ 개인정보 동의서○ 재학증명서○ 주민등록초본(거주기간 확인용)○ 가족관계등록부(부모 및 형제자매 확인용)○ 건강보험료납부확인서(부·모 모두)○ 건강보험자격확인서(부·모 모두)○ 기타 사실 확인을 위해 필요한 추가 서류○ 성적증명서※ 자세한 사항은 첨부파일 또는 홈페이지 참고","http://www.icjg.go.kr/","2025-09-01","2025-09-12"
"478 ","중구월디장학회","해송장학금","지자체(출자출연기관)","장학금","지역연고","과학고국제고마이스터고영재고예술고외국어고일반고자율고제한없음체육고특성화고","1학년2학년3학년제한없음","○ 직전학기 성적이 8등급이내(88.9%이내)인 자","○ 가정형편이 어려운 국민기초생활보장법상 수급자 및 차상위 계층○ 2025년 중위소득 100%이하","○ 200만원","○ 고등학교 재학생○ 고등학교란 학력이 인정되는 고등학교를 말하며 초·중등교육법 제51조 및 제52조에 따른 고등학교는 제외","○ 장학생 모집 공고일(2025.08.25)을 기준으로 본인 또는 학부모가 중구에 주민등록을 두고서 1년 이상 거주한 자","○ 건강보험료 60점 수급자 10점 성적 10점 거주기간 10점 장애인 5점 기탁자 5점","○ 31명(초·중등 선발 인원 포함)","○ 장학생 자격을 갖춘 학생 중 국가 또는 지방자치단체 및 타 공익법인으로부터 명시적인 장학금을 지급 받은 경우 등록금내에서 타 장학금 수령액의 차액분 전액을 지급함.(다만 학교 내 근로 장학금 등의 대가성 장학금/1회성 포상성격의 상금 또는 지원금과 특성화고 및 저소득층 학자금 면제 장학금은 타장학금 수혜로 인정하지 않음)","○ 담임교사 및 주소지 관할 동장 추천","○ 제출서류 총괄표○ 장학금 신청서○ 장학생 추천서○ 기타 장학금 수혜(비수혜) 사실 확인서○ 인정보제공 동의서○ 재학증명서○ 주민등록초본(거주기간 확인용)○ 가족관계등록부(부모 및 형제자매 확인용)○ 건강보험료납부확인서(부·모 모두)○ 건강보험자격확인서(부·모 모두)○기타 사실 확인을 위해 필요한 추가 서류○ 성적증명서○ 생계곤란 증명서(해당자)※ 자세한 사항은 첨부파일 또는 홈페이지 참고","http://www.icjg.go.kr/","2025-09-01","2025-09-12"
"479 ","중구월디장학회","다자녀장학금","지자체(출자출연기관)","장학금","지역연고","특성화고","해당없음","해당없음","해당없음","○ 200만원","○ 3자녀 이상 가정의 고등학교 재학생○ 고등학교란 학력이 인정되는 고등학교를 말하며 초·중등교육법 제51조 및 제52조에 따른 고등학교는 제외","○ 장학생 모집 공고일(2025.08.25)을 기준으로 본인 또는 학부모가 중구에 주민등록을 두고서 1년 이상 거주한 자","○ 건강보험료 40점 다자녀 40점 거주기간 10점 장애인 5점 기탁자 5점","○ 30명(초·중등생 포함 인원)","○ 장학생 자격을 갖춘 학생 중 국가 또는 지방자치단체 및 타 공익법인으로부터 명시적인 장학금을 지급 받은 경우 등록금내에서 타 장학금 수령액의 차액분 전액을 지급함.(다만 학교 내 근로 장학금 등의 대가성 장학금/1회성 포상성격의 상금 또는 지원금과 특성화고 및 저소득층 학자금 면제 장학금은 타장학금 수혜로 인정하지 않음)","해당없음","○ 제출서류 총괄표○ 장학금 신청서○ 장학생 추천서○ 타 장학금 수혜(비수혜) 사실 확인서○ 개인정보제공 동의서○ 재학증명서○ 주민등록초본(거주기간 확인용)○ 가족관계등록부(부모 및 형제자매 확인용)○ 건강보험료납부확인서(부·모 모두)○ 건강보험자격확인서(부·모 모두)○ 기타 사실 확인을 위해 필요한 추가 서류※ 자세한 사항은 첨부파일 또는 홈페이지 참고","https://www.icjg.go.kr/","2025-09-01","2025-09-12"
"480 ","중구월디장학회","다문화장학금","지자체(출자출연기관)","장학금","지역연고","과학고국제고마이스터고영재고예술고외국어고일반고자율고제한없음체육고특성화고","1학년2학년3학년제한없음","해당없음","해당없음","○ 200만원","○ 다문화 가정의 고등학교 재학생○ 고등학교란 학력이 인정되는 고등학교를 말하며 초·중등교육법 제51조 및 제52조에 따른 고등학교는 제외","○ 장학생 모집 공고일(2025.08.25)을 기준으로 본인 또는 학부모가 중구에 주민등록을 두고서 1년 이상 거주한 자","○ 건강보험료 40점 다문화 40점 거주기간 10점 장애인 5점 기탁자 5점","○ 15명(초·중등학생 포함 인원)","○ 장학생 자격을 갖춘 학생 중 국가 또는 지방자치단체 및 타 공익법인으로부터 명시적인 장학금을 지급 받은 경우 등록금내에서 타 장학금 수령액의 차액분 전액을 지급함.(다만 학교 내 근로 장학금 등의 대가성 장학금/1회성 포상성격의 상금 또는 지원금과 특성화고 및 저소득층 학자금 면제 장학금은 타장학금 수혜로 인정하지 않음)","해당없음","○ 제출서류 총괄표○ 장학금 신청서○ 장학생 추천서○ 타 장학금 수혜(비수혜) 사실 확인서○ 개인정보제공 동의서○ 재학증명서○ 주민등록초본(거주기간 확인용)○ 가족관계등록부(부모 및 형제자매 확인용)○ 건강보험료납부확인서(부·모 모두)○ 건강보험자격확인서(부·모 모두)○ 기타 사실 확인을 위해 필요한 추가 서류※ 자세한 사항은 첨부파일 또는 홈페이지 참고","https://www.icjg.go.kr/","2025-09-01","2025-09-12"
"481 ","중구월디장학회","한부모장학금","지자체(출자출연기관)","장학금","지역연고","과학고국제고마이스터고영재고예술고외국어고일반고자율고제한없음체육고특성화고","1학년2학년3학년제한없음","해당없음","해당없음","○ 200만원","○ 한부모 가정의 고등학교 재학생○ 고등학교란 학력이 인정되는 고등학교를 말하며 초·중등교육법 제51조 및 제52조에 따른 고등학교는 제외","○ 장학생 모집 공고일(2025.08.25)을 기준으로 본인 또는 학부모가 중구에 주민등록을 두고서 1년 이상 거주한 자","○ 건강보험료 40점 한부모 40점 거주기간 10점 장애인 5점 기탁자 5점","○ 15명(초·중등학생 포함 인원)","○ 장학생 자격을 갖춘 학생 중 국가 또는 지방자치단체 및 타 공익법인으로부터 명시적인 장학금을 지급 받은 경우 등록금내에서 타 장학금 수령액의 차액분 전액을 지급함.(다만 학교 내 근로 장학금 등의 대가성 장학금/1회성 포상성격의 상금 또는 지원금과 특성화고 및 저소득층 학자금 면제 장학금은 타장학금 수혜로 인정하지 않음)","해당없음","○ 제출서류 총괄표○ 장학금 신청서○ 장학생 추천서○ 타 장학금 수혜(비수혜) 사실 확인서○ 개인정보제공 동의서○ 재학증명서○ 주민등록초본(거주기간 확인용)○ 가족관계등록부(부모 및 형제자매 확인용)○ 건강보험료납부확인서(부·모 모두)○ 건강보험자격확인서(부·모 모두)○ 기타 사실 확인을 위해 필요한 추가 서류※ 자세한 사항은 첨부파일 또는 홈페이지 참고","https://www.icjg.go.kr/","2025-09-01","2025-09-12"
"482 ","사단법인 광주광역시 동구 인재육성장학회","성적우수 장학생","지자체(출자출연기관)","장학금","지역연고","과학고국제고마이스터고영재고예술고외국어고일반고자율고제한없음체육고","1학년2학년3학년제한없음","○ 고등학생 1~2학년 : 2026년 1학기 성적이 평균 2.0등급 이내인 자○ 고등학생 3학년 : 2026년 1학기 성적이 평균 3.0등급 이내인 자","해당없음","○ 50만원","○ 고등학교 재학생","○ 공고일 현재 광주광역시 동구에 1년 이상 주소를 두고 있는 주민과 그 자녀(주민등록기준)","○ 선발기준 : 학업성적 70점 심사위원 종합평점 30점○ 심사방법 : 장학생 선발 심사기준표에 의거 고득점순 선발","○ 9명","○ 신청일 현재 휴학 중이거나 2026년도 휴학 예정인 자○ 성적우수/저소득분야/특정분야 중복 접수 시 심사 제외 (1개 분야만 신청)○ 정규학기 초과 학생(졸업유예자) 및 타 장학금을 수령하여 지원 가능 금액이 50만원 미만인 경우※ 자세한 사항은 첨부파일 또는 홈페이지 참고","○ 학교장 추천","○ 장학생 신청서○ 학교장 추천서○ 개인정보 동의서○ 신청인 서약서○ 주민등록초본(주소변동사항 포함)○ 성적증명서(등급 표기)○ 통장사본※ 거주지 동 행정복지센터 방문접수※ 자세한 사항은 첨부파일 또는 홈페이지 참고","http://www.donggu.kr ","2026-08-03","2026-08-31"
"483 ","사단법인 광주광역시 동구 인재육성장학회","저소득 장학생","지자체(출자출연기관)","장학금","지역연고","과학고국제고마이스터고영재고예술고외국어고일반고자율고제한없음체육고","1학년2학년3학년제한없음","○ 고등학생 1~2학년 : 2026년 1학기 성적이 평균 4.0등급 이내인 자○ 고등학생 3학년 : 2026년 1학기 성적이 평균 6.0등급 이내인 자","○ 건강보험료 평균 납입금이 2026년도 기준 중위소득 100%이하인 자※ 자세한 사항은 첨부파일 또는 홈페이지 참고","○ 50만원","○ 고등학교 재학생","○ 공고일 현재 광주광역시 동구에 1년 이상 주소를 두고 있는 주민과 그 자녀(주민등록기준)","○ 선발기준 : 소득기준 50점 학업성적 20점 심사위원 종합평점 30점○ 심사방법 : 장학생 선발 심사기준표에 의거 고득점순 선발","○ 9명","○ 신청일 현재 휴학 중이거나 2026년도 휴학 예정인 자○ 성적우수/저소득분야/특정분야 중복 접수 시 심사 제외 (1개 분야만 신청)○ 정규학기 초과 학생(졸업유예자) 및 타 장학금을 수령하여 지원 가능 금액이 50만원 미만인 경우※ 자세한 사항은 첨부파일 또는 홈페이지 참고","○ 학교장 추천","○ 장학생 신청서○ 학교장 추천서○ 개인정보 동의서○ 신청인 서약서○ 통장사본○ 주민등록 초본(주소변동사항 포함)○ 성적증명서○ 건강보험자격확인(통보)서○ 국민건강보험료 납부확인서○ 가정환경·세대구성 관련 증명서(해당자)※ 자세한 사항은 첨부파일 또는 홈페이지 참고","http://www.donggu.kr ","2026-08-03","2026-08-31"
"484 ","사단법인 광주광역시 동구 인재육성장학회","봉사·선행·효행 장학생","지자체(출자출연기관)","장학금","지역연고","과학고국제고마이스터고영재고예술고외국어고일반고자율고제한없음체육고","1학년2학년3학년제한없음","해당없음","해당없음","○ 50만원","○ 사회봉사 실적이 우수하거나 자기희생적인 선행 및 효행이 뛰어난 자로 학교장 또는 단체장 이상의 추천을 받은 자","○ 공고일 현재 광주광역시 동구에 1년 이상 주소를 두고 있는 주민과 그 자녀(주민등록기준)","○ 봉사활동 시간이 많은 순으로 선발(최근 3년간)","○ 1명","○ 신청일 현재 휴학 중이거나 2026년도 휴학 예정인 자○ 성적우수/저소득분야/특정분야 중복 접수 시 심사 제외 (1개 분야만 신청)○ 정규학기 초과 학생(졸업유예자) 및 타 장학금을 수령하여 지원 가능 금액이 50만원 미만인 경우※ 자세한 사항은 첨부파일 또는 홈페이지 참고","○ 학교장 또는 단체장 이상의 추천을 받은 자(공고일로부터 1년 이내)","○ 장학생 신청서○ 학교장 추천서○ 개인정보 수집·이용·제공 및 조회 동의서○ 신청인 서약서○ 주민등록 초본○ 통장사본○ 봉사활동 확인서(최근 3년간) 및 표창장 등 증빙자료※ 거주지 동 행정정복지센터 방문접수※ 자세한 사항은 첨부파일 또는 홈페이지 참고","http://www.donggu.kr ","2026-08-03","2026-08-31"
"485 ","사단법인 광주광역시 동구 인재육성장학회","다자녀 가구","지자체(출자출연기관)","장학금","지역연고","과학고국제고마이스터고영재고예술고외국어고일반고자율고제한없음체육고","1학년2학년3학년제한없음","○ 고등학생 1~2학년 : 2026년 1학기 성적이 평균 4.0등급 이내인 자○ 고등학생 3학년 : 2026년 1학기 성적이 평균 6.0등급 이내인 자","○ 건강보험료 평균 납입금이 2026년도 기준 중위소득 100% 이하인 자※ 자세한 사항은 첨부파일 또는 홈페이지 참고","○ 50만원","○ 자녀 수가 2명 이상인 다자녀 가구의 고등학교 재학생","○ 공고일 현재 광주광역시 동구에 1년 이상 주소를 두고 있는 주민과 그 자녀(주민등록기준)","○ 자녀 수 60점 학업성적 10점 심사위원 종합평점 30점","○ 4명","○ 신청일 현재 휴학 중이거나 2026년도 휴학 예정인 자○ 성적우수/저소득분야/특정분야 중복 접수 시 심사 제외 (1개 분야만 신청)○ 정규학기 초과 학생(졸업유예자) 및 타 장학금을 수령하여 지원 가능 금액이 50만원 미만인 경우※ 자세한 사항은 첨부파일 또는 홈페이지 참고","○ 학교장 추천","○ 장학생 신청서○ 학교장 추천서○ 개인정보 동의서○ 신청인 서약서○ 주민등록 초본(주소변동사항 포함)○ 통장 사본○ 가족관계증명서○ 성적증명서○ 주민등록 등본○ 건강보험자격확인(통보)서○ 국민건강보험료 납부확인서※ 거주지 동 행정복지센터 방문접수※ 자세한 사항은 첨부파일 또는 홈페이지 참고","http://www.donggu.kr ","2026-08-03","2026-08-31"
"486 ","사단법인 광주광역시 동구 인재육성장학회","다문화가정","지자체(출자출연기관)","장학금","지역연고","과학고국제고마이스터고영재고예술고외국어고일반고자율고제한없음체육고","1학년2학년3학년제한없음","○ 고등학생 1~2학년 : 2026년 1학기 성적이 평균 4.0등급 이내인 자○ 고등학생 3학년 : 2026년 1학기 성적이 평균 6.0등급 이내인 자","해당없음","○ 50만원","○ 국제결혼 가정으로 부모 중 한쪽이 한국인으로 구성된 가정○ 고등학교 재학생","○ 공고일 현재 광주광역시 동구에 1년 이상 주소를 두고 있는 주민과 그 자녀(주민등록기준)","○ 소득기준 50점 학업성적 20점 심사위원 종합평점 30점","○ 2명","○ 신청일 현재 휴학 중이거나 2026년도 휴학 예정인 자○ 성적우수/저소득분야/특정분야 중복 접수 시 심사 제외 (1개 분야만 신청)○ 정규학기 초과 학생(졸업유예자) 및 타 장학금을 수령하여 지원 가능 금액이 50만원 미만인 경우※ 자세한 사항은 첨부파일 또는 홈페이지 참고","○ 학교장 추천","○ 장학생 신청서○ 학교장 추천서○ 개인정보 동의서○ 신청인 서약서○ 주민등록 초본(주소변동사항 포함)○ 통장 사본○ 가족관계증명서○ 성적증명서○ 주민등록 등본○ 건강보험료자격확인(통보)서○ 건강보험료 납부확인서※ 거주지 동 행정복지센터 방문접수※ 자세한 사항은 첨부파일 또는 홈페이지 참고","http://www.donggu.kr ","2026-08-03","2026-08-31"
"487 ","사단법인 광주광역시 동구 인재육성장학회","대안학교 학생","지자체(출자출연기관)","장학금","지역연고","과학고국제고마이스터고영재고예술고외국어고일반고자율고제한없음체육고","1학년2학년3학년제한없음","○ 고등학생 1~2학년 : 2026년 1학기 성적이 평균 4.0등급 이내인 자○ 고등학생 3학년 : 2026년 1학기 성적이 평균 6.0등급 이내인 자","해당없음","○ 50만원","○ 학교설립 교육감 인가를 받고 등급으로 환산된 성적증명서 발급이 가능한 자○ 대안학교 학생","○ 공고일 현재 광주광역시 동구에 1년 이상 주소를 두고 있는 주민과 그 자녀(주민등록기준)","○ 학업성적 70점 심사위원 종합평점 30점","○ 1명","○ 신청일 현재 휴학 중이거나 2026년도 휴학 예정인 자○ 성적우수/저소득분야/특정분야 중복 접수 시 심사 제외 (1개 분야만 신청)○ 정규학기 초과 학생(졸업유예자) 및 타 장학금을 수령하여 지원 가능 금액이 50만원 미만인 경우※ 자세한 사항은 첨부파일 또는 홈페이지 참고","○ 학교장 추천","○ 장학생 신청서○ 학교장 추천서○ 주민등록 초본○ 개인정보 동의서○ 신청인 서약서○ 통장 사본○ 성적증명서※ 거주지 동 행정복지센터 방문접수※ 자세한 사항은 첨부파일 또는 홈페이지 참고","http://www.donggu.kr ","2026-08-03","2026-08-31"
"488 ","사단법인 광주광역시 동구 인재육성장학회","특기/창업·아이디어","지자체(출자출연기관)","장학금","특기자","과학고국제고마이스터고영재고예술고외국어고일반고자율고제한없음체육고","1학년2학년3학년제한없음","해당없음","해당없음","○ 50만원","○ 특기 : 문화예술·체육·과학·컴퓨터·기술·수학 및 외국어 경시 등 특기 분야 전국대회 입상자 또는 광주광역시 대회 3위 이내자로 학교장의 추천을 받은 자○ 창업·아이디어·AI : 창업·각종 아이디어·AI 공모전 분야 전국대회 입상자(3위 이내)※ 자세한 사항은 첨부파일 또는 홈페이지 참고","○ 공고일 현재 광주광역시 동구에 1년 이상 주소를 두고 있는 주민과 그 자녀(주민등록기준)","○ 특기 : 수상횟수가 많은 자/상장발행 기관이 중앙부처인 경우 우선/상위입상자 순으로 선발○ 창업·아이디어·AI : 수상횟수가 많은 자/상위 입상자 순으로 선발","○ 창업·아이디어 : 1명○ 특기 : 1명","○ 신청일 현재 휴학 중이거나 2026년도 휴학 예정인 자○ 성적우수/저소득분야/특정분야 중복 접수 시 심사 제외 (1개 분야만 신청)○ 정규학기 초과 학생(졸업유예자) 및 타 장학금을 수령하여 지원 가능 금액이 50만원 미만인 경우※ 자세한 사항은 첨부파일 또는 홈페이지 참고","○ 학교장 추천 (공고일로부터 1년 이내)","○ 장학생 신청서○ 학교장 추천서○ 개인정보 동의서○ 신청인 서약서○ 주민등록 초본(주소변동사항 포함)○ 통장 사본○ 각종 대회 입상 관련자료(수상실적 증명 및 상장) 사본※ 거주지 동 행정복지센터 방문접수※ 자세한 사항은 첨부파일 또는 홈페이지 참고","https://www.donggu.kr ","2026-08-03","2026-08-31"
"489 ","(재)보성군장학재단","성적우수장학생","지자체(출자출연기관)","장학금","지역연고","과학고국제고마이스터고영재고예술고외국어고일반고자율고제한없음체육고","1학년2학년3학년제한없음","○ 직전학기 평균성적(80점이상)이 성취도 B 이상인 학생 또는 모의평가 평균 3등급 이상인 학생","○ 건강보험료 납입액이 자녀가 2인인 경우 30%/3인 이상인 경우 50% 감하여 180%이하인 가구의 학생","○ 50만원","○ 보성군 내에 소재한 고등학교에 입학 및 재학하고 있는 학생","○ 본인 및 부모(친권자)가 공고일 현재 보성군에 1년 이상 주소를 두고 실제 거주하고 있는 세대의 손 자녀","○ 성적 평가 80% 소득 평가 10% 에세이 10%○ 국가 유공자 자녀/장애인 및 그 자녀 5점 가점","○ 48명","○ 개인별 중복신청 불가※ 자세한 사항은 첨부파일 또는 홈페이지 참고","○ 학교장 추천","○ 장학금지원 신청서○ 주민등록 등본○ 가족관계증명서○ 직전학기 성적증명서○ 장학생 추천서○ 건강보험료 납부확인서 및 건강보험 자격확인서○ 신청인 서약서○ 개인정보수집이용 제공 및 조회 동의서○ 통장사본○ 에세이○ 기타 가점서류※ 자세한 사항은 첨부파일 또는 홈페이지 참고","http://www.boseong.go.kr/","2026-03-17","2026-03-31"
"490 ","(재)보성군장학재단","보금자리장학생","지자체(출자출연기관)","장학금","지역연고","과학고국제고마이스터고영재고예술고외국어고일반고자율고제한없음체육고","1학년2학년3학년제한없음","해당없음","○ 국민기초 생활 수급자 및 차상위 계층의 자녀(1순위)○ 장애인 또는 장애인가정 자녀 및 의사상자의 자녀(2순위)○ 한부모(조손)/다문화/새터민 가정의 자녀(3순위)○ 시설 입소자 및 산업체 근로 청소년(4순위)○ 건강보험료 납부액이 중위소득 100% 이하인 가구(5순위)","○ 50만원","○ 보성군 내에 소재한 고등학교에 입학 및 재학하고 있는 학생","○ 본인 및 부모(친권자)가 공고일 현재 보성군에 1년 이상 주소를 두고 실제 거주하고 있는 세대의 손 자녀","○ 소득(건강보험료)평가 90% 에세이 평가 10%○ 배점이 같을 경우 다자녀 가정 우선 선정※ 자세한 사항은 첨부파일 또는 홈페이지 참고","○ 48명","○ 개인별 중복신청 불가※ 자세한 사항은 첨부파일 또는 홈페이지 참고","○ 학교장 추천","○ 장학금 지원 신청서○ 주민등록등본○ 가족관계증명서○ 장학생 추천서○ 건강보험료 납부확인서 및 건강보험 자격확인서○ 신청인 서약서○ 개인정보 수집·이용 및 제공·조회 동의서○ 통장사본○ 에세이○ 기타 가점서류○ 복지대상자임을 확인할 수 있는 해당 증명서※ 자세한 사항은 첨부파일 또는 홈페이지 참고","http://www.boseong.go.kr/","2026-03-17","2026-03-31"
"491 ","(재)보성군장학재단","미래인재장학생","지자체(출자출연기관)","장학금","지역연고","과학고국제고마이스터고영재고예술고외국어고일반고체육고","1학년2학년3학년","※ 고교 재학생○ (재)보성군장학재단 미래인재 장학생으로 기 선정된 학생으로 직전 학교 평균 성적(80점 이상)이 성취도 B이상 유지한 학생※ 고교 입학생○ 중학교 3학년 2학기 평균 성적이 전체 학년의 상위 10% 이내인 학생으로 성취도 A이상인 학생","○ 건강보험료 납입액이 자녀가 2인인 경우 30% · 3인 이상인 경우 50% 감하여 180% 이하인 가구","○ 100만원","○ 보성군 관내 중학교를 졸업하여 보성군 관내 고등학교를 우수한 성적으로 입학한 자","○ 본인 및 부모(친권자)가 공고일 기준 보성군에 1년 이상 주소를 두고 실제 거주하고 있는 고등학생○ 보성군내 소재 고등학교 재학생","○ 성적 평가 70% 소득 평가 20% 에세이 평가 10%○ 동점일 경우 저소득 우선 선발○ 국가 유공자 자녀/장애인 및 그 자녀 5점 가점","○ 48명 (신입생 23명/재학생 25명)","○ 개인별 중복신청 불가","○ 학교장 추천","○ 장학금 지원 신청서○ 주민등록등본○ 가족관계증명서○ 직전학기 성적증명서○ 장학생 추천서○ 건강보험료 납부확인서 및 건강보험 자격확인서○ 신청인 서약서○ 개인정보 수집·이용 및 제공·조회 동의서○ 통장사본○ 에세이○ 기타 가점서류 ※ 자세한 사항은 첨부파일 또는 홈페이지 참고","http://www.boseong.go.kr/","2026-03-17","2026-03-31"
"492 ","(재)보성군장학재단","한울타리장학생","지자체(출자출연기관)","장학금","지역연고","과학고국제고마이스터고영재고예술고외국어고일반고자율고제한없음체육고","1학년2학년3학년제한없음","해당없음","○ 건강보험료 납입액이 자녀가 2인인 경우 30%/3인 이상인 경우 50% 감하여 180%이하인 가구의 학생","○ 50만원","○ 보성군 내에 소재한 고등학교에 입학 및 재학하고 있는 학생○ 부모 명의 가족관계증명서에 본인을 포함한 형제자매가 2명 이상인 가구의 학생○ 각 가정의 자녀 중 1명※ 자세한 사항은 첨부파일 또는 홈페이지 참고","○ 본인 및 부모(친권자)가 공고일 현재 보성군에 1년 이상 주소를 두고 실제 거주하고 있는 세대의 손/자녀","○ 자녀수 50% 소득평가 40% 에세이 평가 10%○ 국가유공자 자녀/장애인 및 그 자녀 5점 가점○ 배점이 같을 경우 다자녀 가정의 학생 우선 선정※ 자세한 사항은 첨부파일 또는 홈페이지 참고","○ 30명","○ 개인별 중복신청 불가○ 2026년도 상반기 장학금 수혜자 및 귀뚜라미 문화재단 장학금 수혜자○ 기준소득(건강보험료 납부액) 초과한 가구※ 자세한 사항은 첨부파일 또는 홈페이지 참고","○ 학교장 추천","○ 장학금지원 신청서○ 주민등록등본○ 가족관계증명서○ 장학생 추천서○ 건강보험료 납부확인서 및 건강보험 자격확인서○ 신청인 서약서○ 개인정보 수집·이용 및 제공·조회 동의서○ 통장사본○ 에세이○ 기타 가점서류※ 자세한 사항은 첨부파일 또는 홈페이지 참고","http://www.boseong.go.kr/","2026-08-24","2026-09-11"
"493 ","(재)보성군장학재단","희망드림장학생","지자체(출자출연기관)","장학금","성적우수","일반고","3학년","○ 고등학교 3학년 전과목 평균 4등급 이내","해당없음","○ 200만원 (4년간 매년 지급)※ 학업장려금으로 이중수혜 가능","○ 관내 인문계고 3학년 학생○ SKY 등 우수대학교 및 우수학과에 진학한 자","○ 본인 및 부모가 공고일 현재 보성군에 1년 이상 주소를 두고 실제 거주하고 있는 세대의 손자녀","○ 성적 50% 소득평가 40% 에세이 10%○ 배점이 같을 경우 다자녀 가정의 학생 우선 선정","○ 8명 (인원은 탄력적 운영)","○ 개인별 중복신청 불가","○ 학교장 추천","○ 장학금 지원 신청서○ 주민등록등본○ 가족관계증명서○ 직전학기 성적증명서○ 장학생 추천서○ 건강보험료 납부확인서 및 건강보험 자격확인서○ 신청인 서약서○ 개인정보 수집·이용 및 제공·조회 동의서○ 통장사본○ 에세이○ 기타 가점서류※ 자세한 사항은 첨부파일 또는 홈페이지 참고","http://www.boseong.go.kr/","2025-04-01","2025-04-15"
"494 ","(재)보성군장학재단","행복둥지장학생","지자체(출자출연기관)","장학금","지역연고","과학고국제고마이스터고영재고예술고외국어고일반고자율고제한없음체육고","1학년2학년3학년제한없음","해당없음","○ 건강보험료 납입액이 자녀가 2인인 경우 30% / 3인 이상인 경우 50% 감하여 180%이하인 가구의 학생","○ 50만원","○ 실제 귀농 귀촌하여 생활하고 있는 가구의 학생","○ 본인 및 부모(친권자)가 공고일 현재 보성군에 1년 이상 주소를 두고 실제 거주하고 있는 세대의 손·자녀○ 보성군내에 소재한 고등학교 입학생 및 재학생","○ 자녀수 50% 소득평가 40% 에세이평가 10%※ 자세한 사항은 첨부파일 또는 홈페이지 참고","○ 15명 * 인원은 탄력적 운영○ 중학생 8명 / 고등학생 5명","○ 개인별 중복신청 불가※ 자세한 사항은 첨부파일 또는 홈페이지 참고","○ 학교장 추천","○ 장학금 지원 신청서○ 주민등록등본○ 가족관계증명서○ 장학생 추천서○ 건강보험료 납부확인서 및 건강보험 자격확인서○ 신청인 서약서○ 개인정보 수집·이용 및 제공·조회 동의서○ 통장사본○ 에세이○ 기타 가점서류○ 귀농/귀촌확인서※ 자세한 사항은 첨부파일 또는 홈페이지 참고","http://www.boseong.go.kr/","2026-08-24","2026-09-11"
"495 ","재단법인 선암장학재단","고등학생장학금","기타","장학금","기타","과학고국제고마이스터고영재고예술고외국어고일반고체육고","1학년2학년3학년제한없음","○ 전체 학년 석차가 20% 이내인 자","○ 가정형편이 어려운 자녀로 가족 연간 소득이 5천만원 이하인 자○ 연간 제산세 납부 실적이 30만원 이내인 자","○ 200만원","○ 2025년 재학생 중 2025년도 2학년 또는 3학년으로 재학 예정인 학생○ 타 장학금 및 학비 보조를 받지 않는 자","해당없음","※ 기관확인필요","○ 0명","○ 가구당 중복지원 불가","○ 담임교사 추천서","○ 장학생 선발 지원 신청서○ 담임교사사 추천서○ 전체 학년 성적증명서○ 자기소개서 및 자기발전계획서○ 주민등록등본○ 개인정보제공동의서○ 고교생활기록부○ 재산세과세증명원○ 부모님 근로소득원청징수 및 소득금액증명원※ 자세한 사항은 홈페이지 참고","http://www.sunam107.or.kr","2025-12-22","2026-01-16"
"496 ","재단법인 세종연구원","우수인재장학생","지자체(출자출연기관)","장학금","지역연고","과학고국제고마이스터고영재고예술고외국어고일반고자율고제한없음체육고","1학년2학년3학년제한없음","○ 성적우수 : 직전학기 성적이 5%이내인 자","해당없음","○ 70만원","○ 성적우수 : 학년제한없음○ 성적향상 : 고등학교 2~3학년","해당없음","○ 학교별 배정 인원 내 선발※ 자세한 사항은 첨부파일 또는 홈페이지 참고","○ 성적우수 : 88명○ 성적향상 : 22명","○ 고등학교 재학 중 1인 1회만 지원※ 자세한 사항은 첨부파일 또는 홈페이지 참고","○ 학교장 추천","○ 신청서 / 개인정보 활용 동의서 / 서약서 / 행정정보 공동이용 사전동의서○ 통장사본○ 추천서○ 석차 확인이 가능한 성적증빙서류○ 성적향상 수기문 (성적향사 대상자만)※ 자세한 사항은 첨부파일 또는 홈페이지 참고","https://www.sri.re.kr","2026-08-10","2026-09-30"
"497 ","재단법인 세종연구원","모범장학생","지자체(출자출연기관)","장학금","지역연고","과학고국제고마이스터고영재고예술고외국어고일반고자율고제한없음체육고","1학년2학년3학년제한없음","해당없음","○ 국민기초생활보장법 제2조 제11호에 따른 기준 중위소득 100% 이하 가정","○ 90만원","※ 기관확인필요","○ 공고일 기준 1년 이상 세종시 계속 거주자(부·모 또는 본인) 혹은 세종시 관내 고등학교 재학생※ 자세한 사항은 첨부파일 또는 홈페이지 참고","○ 소득배점 고득점자 선발○ 동점자기준*1순위: 세종시 관내 학교 재학/ 세종시 거주 모두 충족한 신청자*2순위: 세종시 거주기간이 긴 자*3순위: 나이(학년) 높은 자※ 자세한 사항은 첨부파일 또는 홈페이지 참고","○ 초/중/고등학생 포함 148명","○ 세종시 관내 행정기관 장학금 중복수혜 불가○ 신청 자격을 장학금 수혜 시기까지 지속 유지하여야 함※ 자세한 사항은 첨부파일 또는 홈페이지 참고","해당없음","○ 신청서 / 개인정보 활용 동의서 / 서약서 / 행정정보 공동이용 사전동의서○ 통장사본○ 타장학금 수혜(비수혜) 확인서○ 주민등록등본(반드시 선택발급)○ 가족관계증명서(해당자만)○ 건강보험료 납입확인서 / 건강보험 자격확인(통보)서○ 국민기초생활수급자 증명서/차상위계층 확인서/한부모가족 증명서※ 자세한 사항은 첨부파일 또는 홈페이지 참고","https://www.sri.re.kr","2026-05-06","2026-07-10"
"498 ","재단법인 세종연구원","특기적성장학생","지자체(출자출연기관)","장학금","특기자","과학고국제고마이스터고영재고예술고외국어고일반고자율고제한없음체육고","1학년2학년3학년제한없음","해당없음","해당없음","○ 100만원","○ 신청시작일로부터 1년 이내에(2025.8.10~2026.8.9) 4차산업/예체능 등 특기분야에서 전국 규모 이상의 대회에서 3위 이내 입상한 자※ 자세한 사항은 첨부파일 또는 홈페이지 참고","○ 신청시작일 기준 1년 이상 세종시 계속 거주자(부·모 또는 본인) 혹은 세종지 관내 고등학교 재학생※ 자세한 사항은 첨부파일 또는 홈페이지 참고","○ 수상실적(최대 2개 실적까지 제출 가능) 배점과 소득배점을 7:3 비율로 합산하여 고득점자 선발○ 동점자 기준*1순위: 세종시 관내 학교 재학 / 세종시 거주 모두 충족한 신청자*2순위: 세종시 거주기간이 긴 자*3순위: 나이(학년) 높은 자※ 자세한 사항은 첨부파일 또는 홈페이지 참고","○ 초/중/고/대학생 포함 35명","○ 동일한 수상실적으로 중복 수혜 불가○ 신청 자격을 장학금 수혜 시기까지 지속 유지하여야 함※ 자세한 사항은 첨부파일 또는 홈페이지 참고","○ 학교장 추천","○ 신청서 / 개인정보 활용 동의서 / 서약서 / 행정정보 공동이용 사전동의서○ 통장사본○ 추천서○ 수상실적 증명서 (수상실적마다 각 1부)○ 주민등록등본(반드시 선택발금)○ 가족관계증명서 (해당자만)○ 건강보험료 납입확인서 / 건강보험 자격확인(통보)서○ 국민기초생활수급자 증명서/차상위계층 확인서/한부모가족 증명서※ 자세한 사항은 첨부파일 또는 홈페이지 참고","https://www.sri.re.kr","2026-08-10","2026-09-30"
"499 ","재단법인 세종연구원","장애인 면학 장학생","지자체(출자출연기관)","장학금","장애인","과학고국제고마이스터고영재고예술고외국어고일반고자율고제한없음체육고","1학년2학년3학년제한없음","해당없음","○ 국민기초생활 보장법 제2조 제11호에 따른 기준 중위소득(150%) 이하 가정","○ 90만원","○ 신체/지적/발달 등 장애인으로 등록된 학생","○ 공고일 기준 1년 이상 세종시 계속 거주자(부·모 또는 본인) 혹은 세종시 관내 고등학교 재학생※ 자세한 사항은 첨부파일 또는 홈페이지 참고","○ 소득배점 고득점자 선발○ 동점자 기준*1순위 : 장애의 정도가 심각한 학생*2순위 : 세종시 관내 학교 재학/세종시 거주 모두 충족자*3순위 : 세종시 거주기간이 긴 자※ 자세한 사항은 첨부파일 또는 홈페이지 참고","○ 초/중/고/대학생 포함 31명","○ 신청 자격을 장학금 수혜 시기까지 지속 유지하여야 함※ 자세한 사항은 첨부파일 또는 홈페이지 참고","해당없음","○ 신청서 / 개인정보 활용 동의서 / 서약서 / 행정정보 공동이용 사전동의서○ 통장사본○ 주민등록등본(반드시 선택발급)○ 가족관계증명서(해당자만)○ 장애인 증명서○ 건강보험료 납입확인서 / 건강보험 자격확인(통보)서○ 국민기초생활수급자 증명서/차상위계층 확인서/한부모가족 증명서※ 자세한 사항은 첨부파일 또는 홈페이지 참고","https://www.sri.re.kr","2026-05-06","2026-07-10"
"500 ","재단법인 세종연구원","공익발전기여장학생","지자체(출자출연기관)","장학금","지역연고","과학고국제고마이스터고영재고예술고외국어고일반고체육고","1학년2학년3학년제한없음","해당없음","해당없음","○ 90만원","○ 국가유공자 등 예우 및 지원에 관한 법률 제 4조의 국가유공자로 지정된 자 본인 또는 자녀○ 의사상자 등 예우 및 지원에 관한 법률 제3조에 의하여 지정된 자 본인 또는 자녀※ 자세한 사항은 첨부파일 또는 홈페이지 참고","○ 공고일 기준 1년 이상 세종시 계속 거주자(부·모 또는 본인) 혹은 세종시 관내 고등학교 재학생※ 자세한 사항은 첨부파일 또는 홈페이지 참고","○ 예산범위 내 선발※ 자세한 사항은 첨부파일 또는 홈페이지 참고","○ 중/고/대학생 포함 5명","○ 중/고/대학교 각 학교급별 1회 수혜○ 신청 자격을 장학금 수혜 시기까지 지속 유지하여야 함※ 자세한 사항은 첨부파일 또는 홈페이지 참고","해당없음","○ 신청서 / 개인정보 활용 동의서 / 서약서 / 행정정보 공동이용 사전동의서○ 통장사본○ 주민등록등본(반드시 선택발급)○ 가족관계증명서(해당자만)○ 기타 대상 증빙서류 (국가유공자 확인서/의사상자 증명서)※ 자세한 사항은 첨부파일 또는 홈페이지 참고","https://www.sri.re.kr","2026-05-06","2026-07-10"
"501 ","재단법인 사북장학회","장학생","지자체(출자출연기관)","장학금","지역연고","과학고국제고마이스터고영재고예술고외국어고일반고자율고제한없음체육고","1학년2학년3학년제한없음","해당없음","해당없음","○ (입학성적우수자) 50만원○ (학교장 추천 선발 장학생) 60만원※ 상/하반기 분할지급","○ 사북읍 소재 고등학교 신입생 또는 재학생","○ 친권자 또는 후견인이 장학생 선발 공고일 기준 1년 이상 사북/고한/남면 주소를 둔 실거주자※ 자세한 사항은 첨부파일 또는 홈페이지 참고","○ 장학회 이사회에서 객관적인 평가 자료에 의하여 신청 학생들의 성적과 친권자의 경제력 기타사항을 종합적으로 판단 심의 결정○ 사북고등학교로부터 자료를 제출받아 입학성적우수자와 학교장 추천으로 선발함","※ 기관확인필요","○ 동일세대 1명만 선발○ 타 기관으로부터 학자금을 지원 받거나 장학금 수혜대상자는 제외될 수 있음※ 자세한 사항은 첨부파일 또는 홈페이지 참고","○ 학교장 추천","○ 친권자의 주민등록 등본(전입일 이력 포함)○ 본인 또는 친권자의 사북신협통장 사본※ 자세한 사항은 첨부파일 또는 홈페이지 참고","http://sbjh.co.kr/","2026-02-26","2026-02-27"
"502 ","(재)송파구 인재육성 장학재단","일반장학생","공공기관","장학금","지역연고","일반고","1학년2학년3학년제한없음","해당없음","○ 2026년도 기준 중위소득 100% 이내 저소득층 학생","○ 100만원","○ 초/중등교육법 제2조에 따른 초/중/고등학교에 재학 중인 학생○ 관내 학력인정 평생교육시설(한림연예예술고등학교)에 재학 중인 학생○ 근면 성실하여 학업에 의욕을 보이는 학생","○ 공고일 현재 송파구 3년 이상 거주하고 있는 고등학생","○ 1차: 추천권자 추천 및 개별 신청 접수○ 2차: 실태조사/서류심사 등","○ 00명","○ 송파구 이외의 타 지역 거주자○ 가구당 1명 선발 원칙○ 2025년 하반기 송파구인재육성장학재단 장학금 수여자 및 2026년 해외문화체험 장학생 제외※ 자세한 사항은 첨부파일 또는 홈페이지 참고","해당없음","○ 장학금 신청서○ 주민등록 등본 및 초본(전 주소이력포함)○ 생활기록부 2유형 사본○ 통장사본○ 개인(신용)정보 수집·이용·제공·조회 동의서○ 국민건강보험증 사본 또는 건강보험료 납부확인서○ 전(월)세 계약서 사본 또는 무료임대확인서(해당자에 한함)○ 기타 부채증명서류(해당자에 한함)※ 고등학교 1학년은 중학교 3학년 2학기 생활기록부 제출※ 자세한 사항은 첨부파일 또는 홈페이지 참고","http://janghak.songpa.go.kr","2026-06-15","2026-06-24"
"503 ","(재)송파구 인재육성 장학재단","성적우수장학생","지자체(출자출연기관)","장학금","지역연고","과학고국제고마이스터고영재고외국어고일반고","1학년2학년3학년제한없음","○ 학교 성적이 전교 상위 10% 이내인 학생","해당없음","○ 100만원","○ 학교 성적이 전교 상위 10%이내인 학생 중 근면·성실하여 타의 모범이 되는 학생","○ 공고일 현재 송파구에 연속 3년 이상 거주하고 있는 고등학생","○ 1차: 추천권자 추천○ 2차: 실태조사/ 서류심사 등","○ 학교별 1명","○ 송파구 이외의 타 지역 거주자○ 국가기관이나 지방자치단체/학교/기타단체로부터 학비지원을 받는 자○ 가구당 1명 선발 원칙○ 직전 학기 송파구인재육성장학재단 장학금 수여자 제외","○ 학교장 추천","○ 장학금 신청서○ 통장 사본○ 주민등록 등본 및 초본(전 주소이력포함)○ 생활기록부 2유형 사본○ 개인(신용)정보 수집·이용·제공·조회 동의서※ 고등학교 1학년은 중 직전학기 생활기록부 제출※ 자세한 사항은 첨부파일 또는 홈페이지 참고","http://janghak.songpa.go.kr","2026-06-15","2026-06-24"
"504 ","(재)송파구 인재육성 장학재단","특기장학생","지자체(출자출연기관)","장학금","특기자","예술고일반고체육고","1학년2학년3학년제한없음","해당없음","해당없음","○ 100만원","○ 최근 2년 이내 전국대회 이상 규모의 수상실적 소지자로 예체능 및 영·수·과학 등 각 분야에서 재능이 뛰어난 학생○ 정부/지방자치단체 및 공공기관 등이 주최하는 전국규모 이상의 경기대회에서 3위권 이내 입상자(단체 수상 제외)※ 자세한 사항은 첨부파일 또는 홈페이지 참고","○ 공고일 현재 송파구 연속 3년 이상 거주하고 있는 고등학생","○ 1차: 추천권자 추천○ 2차: 실태조사/ 서류심사 등","○ 학교별 1명 ","○ 송파구 이외의 타 지역 거주자○ 국가기관이나 지방자치단체/학교/기타단체로부터 학비지원을 받는 자○ 가구당 1명 선발 원칙○ 직전 학기 송파구인재육성장학재단 장학금 수여자 제외","○ 학교장 추천","○ 장학금 신청서○ 통장 사본○ 주민등록 등본 및 초본(전 주소이력 포함)○ 생활기록부 사본○ 개인(신용)정보 수집·이용·제공·조회 동의서○ 대회요강 및 전국대회 이상 규모 입상 자료※ 고등학교 1학년은 직전 학기 생활기록부 제출※ 자세한 사항은 첨부파일 또는 홈페이지 참고","http://janghak.songpa.go.kr","2026-06-15","2026-06-24"
"505 ","(재)송파구 인재육성 장학재단","관내 동 추천 저소득층장학생","지자체(출자출연기관)","장학금","해당없음","과학고국제고마이스터고영재고예술고외국어고일반고자율고제한없음체육고","해당없음","해당없음","○ 기초생활수급자 가정의 학생○ 기준 중위소득 100% 내외의 긴급한 위기 가정의 자녀로 장학금 지급이 필요하다고 판단되는 학생※ 자세한 사항은 첨부파일 또는 홈페이지 참고","○ 100만원","○ 초/중등교육법 제2조에 따른 초/중/고등학교에 재학 중인 학생○ 관내 학력인정 평생교육시설(한림연예예술고등학교)에 재학 중인 학생○ 기초생활수급자로 근면 성실하여 학업에 의욕을 보이는 학생※ 자세한 사항은 첨부파일 또는 홈페이지 참고","○ 공고일 현재 송파구 연속 3년 이상 거주하고 있는 학생※ 주민등록표 상 주소 기준","○ 1차:추천권자 추천○ 2차:실태조사/서류심사 등","○ 동별 최대 2명","○ 가구(세대)당 1명 선발 원칙○ 2025년 하반기 송파구인재육성장학재단 장학금 수여자 및 2026년 해외문화체험 장학생 선발 제외※ 자세한 사항은 첨부파일 또는 홈페이지 참고","○ 동장 추천","○ 장학생 신청서○ 장학생의 주민등록등본○ 장학생의 주민등록초본○ 재학증명서 성적증명서 등록금 납부영수증○ 소득 증명 서류○ 개인(신용)정보 수집 이용 제공 조회 동의서※ 자세한 사항은 첨부파일 또는 홈페이지 참고","https://janghak.songpa.go.kr/","2026-06-15","2026-06-24"
"506 ","(재)송파구 인재육성 장학재단","관내 학교 추천","지자체(출자출연기관)","장학금","해당없음","과학고국제고마이스터고영재고예술고외국어고일반고자율고제한없음체육고","1학년2학년3학년제한없음","○ 성적우수: 성적이 전교 상위 10%이내인 학생 중 근면 성실하여 타의 모범이 되는 학생","해당없음","○ 100만원","○ 초/중등교육법 제2조에 따른 초/중/고등학교에 재학 중인 학생○ 관내 학력인정 평생교육시설(한림연예예술고등학교)에 재학 중인 학생○ 특기: 예체능/수/과학 등 각 분야에서 재능이 뛰어난 학생 (최근 2년 이내 전국규모 이상의 경기/대회에서 3위권 이내 입상자)※ 자세한 사항은 첨부파일 또는 홈페이지 참고","○ 공고일 현재 송파구에 연속 3년 이상 거주하고 있는 고등학교 재학생","○ 1차:추천권자 추천○ 2차:실태조사/서류심사 등","○ 학교별 유형당 1명","○ 가구당 1명 선발 원칙○ 2025년 하반기 송파구인재육성장학재단 장학금 수여자 및 2026년 해외문화체험 장학생 선발 제외※ 자세한 사항은 첨부파일 또는 홈페이지 참고","○ 학교장 추천","○ 장학생 신청서○ 통장 사본○ 장학생의 주민등록등본○ 장학생의 주민등록초본○ 개인정보 수집이용제공조회 동의서○ 학교생활기록부 2유형※ 자세한 사항은 첨부파일 또는 홈페이지 참고","https://janghak.songpa.go.kr/","2026-06-15","2026-06-24"
"507 ","대관령꿈나무장학회","일반장학생","지자체(출자출연기관)","장학금","특기자","과학고국제고마이스터고영재고예술고외국어고일반고자율고제한없음체육고","1학년2학년3학년제한없음","해당없음","해당없음","○ 예산범위내에서 이사회에서 결정한 금액","○ 대관령면내 고교 재학생 중 예체능 특기자로서 학교장 추천을 받은 자","○ 학생 또는 보호자의 주소가 선발공고일(2024.9.2.) 기준 계속해서 2년 이상 대관령면으로 되어 있는 자","○ 이사회에서 심의를 거쳐 장학생 확정","○ 학교별 3명 이내","※ 기관확인필요","○ 학교장 추천","○ 장학생 지원서○ 재학증명서○ 가족관계증명서○ 주민등록초본○ 선수등록확인서/입상증명서/성적증명서 또는 상장 등 증빙서류○ 통장사본○ 서약서○ 장학생 추천서※ 자세한 사항은 첨부파일 또는 홈페이지 참고","https://www.pc.go.kr","2024-09-19","2024-09-25"
"508 ","임실군애향장학회","고등학교장학금","지자체(출자출연기관)","장학금","지역연고","일반고","1학년2학년3학년제한없음","○ (신입생) 중학교 전체학년 평균성적 70점 이상○ (재학생) 고등학교 전체학년 평균성적 70점 이상","해당없음","○ 50만원","○ 임실군 거주 고등학생○ (군인가정) 공고일 기준 임실군에 주민등록주소를 두고 있는 제35보병사단(2대대 포함)·6탄약창 간부 및 군무원 세대의 자녀○ (향우회) 임실군에 5년 이상 등록기준지 또는 주민등록주소를 두고 있었던 향우회원 본인 및 그 자녀","○ (일반가정) 공고일 기준 임실군에 2년 이상 주민등록주소를 두고 있는 임실군민 및 그 자녀","○ 1차 : 서류심사○ 2차 : 심사위원회 심사○ 3차 : 애향장학회 이사회 의결","○ 30명","○ 임실군에서 지원하는 타 장학금 수혜자○ 기존 애향장학금 수혜자○ 고등학교 재학 중 1회에 한하여 수혜 가능○ 지방세 체납 중인 자 또는 자녀○ 당해 연도 1세대 1명 선발※ 자세한 사항은 첨부파일 또는 홈페이지 참고","○ (군인자녀) 제35보병사단장 / 6탄약창 부대장 추천○ (향우회) 향우회장 추천","○ 장학생 지원서○ 장학생 추천서(해당자)○ 개인정보제공 동의 및 활용승낙서(학생/부·모 모두 제출)○ 주민등록등본/초본○ 가족관계증명서(해당자)○ 재학증명서 (신입생의 경우 고등학교 합격통지서)○ 성적확인서류○ (신입생) 중학교 3년 전체 생활기록부/전체 성적표 포함○ (재학생) 고등학교 전체 생활기록부/전체 성적표 포함○ 건강보험료 납부확인자료○ 지방세 납세 증명서(부·모 모두)○ 보호대상자 증명서류(해당자)○ 다문화 증명서류 (해당자)※ 자세한 사항은 첨부파일 또는 홈페이지 참고","http://www.imsil.go.kr","2026-02-09","2026-02-13"
"509 ","중원장학회","중원장학생","지자체(출자출연기관)","장학금","지역연고","과학고국제고마이스터고영재고예술고외국어고일반고자율고제한없음체육고","1학년2학년3학년제한없음","○ 신입생 : 입학성적 상위 50% 이내인 자○ 재학생 : 직전 학년 석차 상위 50% 이내인 자","해당없음","○ 60만원","○ 충주시 소재 고등학교 재학생","○ 부모가 충주시 읍·면지역에서 1년 이상 거주하고 있는 자","○ 동점일 경우 가정형편이 어려운 자녀 우선선발","○ 30명","※ 기관확인필요","○ 학교장 추천","○ 장학생 선발(지원)추천서○ 성적증명서○ 재학증명서○ 부모 주민등록등본○ 부모 건강보험료 납부확인서○ 기초생활수급자는 해당 증명서○ 등록금 영수증○ 학생(본인)통장 사본 1부※ 자세한 사항은 첨부파일 또는 홈페이지 참고","https://www.jwsa.or.kr","2026-07-30","2026-08-12"
"510 ","중원장학회","효도장학생","지자체(출자출연기관)","장학금","지역연고","과학고국제고마이스터고영재고예술고외국어고일반고자율고제한없음체육고","1학년2학년3학년제한없음","해당없음","해당없음","○ 30만원","○ 관내 고등학교에 배정된 인원으로 학교장 추천을 받은 자","○ 부모가 충주시 읍·면지역에서 1년 이상 거주하고 있는 자","※ 기관확인필요","○ 3명","※ 기관확인필요","○ 학교장 추천","○ 장학생 선발(지원)추천서○ 성적증명서○ 재학증명서○ 부모 주민등록등본○ 부모 건강보험료 납부확인서○ 기초생활수급자는 해당 증명서○ 등록금 영수증○ 학생(본인)통장 사본 1부※ 자세한 사항은 첨부파일 또는 홈페이지 참고","https://www.jwsa.or.kr","2026-07-30","2026-08-12"
"511 ","중원장학회","장애장학생","지자체(출자출연기관)","장학금","장애인","과학고국제고마이스터고영재고예술고외국어고일반고자율고제한없음체육고","1학년2학년3학년제한없음","해당없음","해당없음","○ 30만원","○ 관내 특수학교(성모·성심·해성·숭덕학교) 학교장 추천을 받은 자","○ 부모가 충주시 읍·면지역에서 1년 이상 거주하고 있는 자","※ 기관확인필요","○ 3명","※ 기관확인필요","○ 특수학교장 추천","○ 장학생 선발(지원)추천서○ 성적증명서○ 재학증명서○ 부모 주민등록등본○ 부모 건강보험료 납부확인서○ 기초생활수급자는 해당 증명서○ 등록금 영수증※ 자세한 사항은 첨부파일 또는 홈페이지 참고","https://www.jwsa.or.kr","2026-07-30","2026-08-12"
"512 ","중원장학회","예/체능장학생","지자체(출자출연기관)","장학금","지역연고","과학고국제고마이스터고영재고예술고외국어고일반고자율고제한없음체육고","1학년2학년3학년제한없음","해당없음","해당없음","○ 200만원","○ 예술·체육분야에서 탁월한 능력을 발휘한 자○ 국가기관에서 인정한 장관급 상 수상 이상인 자 (공공기관이 주최한 전국대회 3위 이상)○ 장래가 촉망되는 인재로 학교장(읍·면장)의 추천을 받은 자","○ 부모가 충주시 읍·면지역에서 1년 이상 거주하고 있는 자","※ 기관확인필요","○ 2명","※ 기관확인필요","○ 학교장(읍·면장) 추천","○ 장학생 선발(지원)추천서○ 성적증명서○ 재학증명서○ 부모 주민등록등본○ 부모 건강보험료 납부확인서○ 기초생활수급자는 해당 증명서○ 등록금 영수증○ 학생(본인)통장 사본 1부○ 수상 및 성취실적 증빙자료※ 자세한 사항은 첨부파일 또는 홈페이지 참고","https://www.jwsa.or.kr","2026-07-30","2026-08-12"
"513 ","월곡주얼리산업진흥재단","월곡주얼리장학생","기타","장학금","기타","과학고국제고마이스터고영재고예술고외국어고일반고자율고제한없음체육고","해당없음","해당없음","해당없음","○ 연간 240만원 (월 20만원)","○ 주얼리 분야로 뚜렷하고 명확한 꿈을 가지고 있으며 그 꿈을 이루기 위한 계획과 준비 그리고 역량과 잠재력 있는 고등학생","해당없음","○ 1차 서류심사 2차 인터뷰","○ 15명 이내","※ 기관확인필요","해당없음","○ 월곡주얼리장학생 꿈 계획서○ 재학증명서○ 생활기록부○ 드림서포터 추천서※ 자세한 사항은 첨부파일 또는 홈페이지 참고","http://www.wjewel.or.kr","2024-02-26","2024-03-31"
"514 ","예천군민장학회","특기장학생","지자체(출자출연기관)","장학금","특기자","과학고국제고마이스터고영재고예술고외국어고일반고자율고제한없음체육고","1학년2학년3학년","○ 해당없음","○ 해당없음","○ 국제대회 : 100만원○ 전국대회 : 50만원○ 도대회 : 30만원","○ 고등학교 재학생 중 특기소유 학생으로 애향심이 투철하고 예천군의 명예를 위하여 공인된 예체능 도단위 1위/전국대회에서 3위 이상 입상한 자 중 해당 학교장의 추천을 받은 자 (실적반영: 직전 1개년도)※ 자세한 사항은 첨부파일 또는 홈페이지 참고","○ 장학생 선발 공고일 현재 본인 또는 보호자가 예천군에 1년 이상 주소를 두고 실거주하고 있는 자(지역거주여부 관계 없이 관내 학교 재학생이면 신청 가능)","※ 기관확인필요","○ 초초중고 35명","※ 기관확인필요","○ 학교장 추천","○ 장학생 추천서○ 서약서○ 개인정보 수집 및 이용 동의서○ 증빙자료(특기생 수상실적/상장 등)※ 학교창 추천/신청 장학으로 개별 신청 사항 아님※ 자세한 사항은 첨부파일 또는 홈페이지 참고","http://ycg.kr/","2026-04-13","2026-04-30"
"515 ","예천군민장학회","명문고육성","지자체(출자출연기관)","장학금","해당없음","과학고국제고마이스터고영재고예술고외국어고일반고자율고제한없음체육고","1학년2학년3학년제한없음","○ 성적 우수(향상) 학생","○ 해당없음","※ 기관확인필요","○ 관내 고등학교 입학생 및 재학생","○ 장학생 선발 공고일 현재 본인 또는 보호자가 예천군에 1년 이상 주소를 두고 실거주하고 있어야 함 (고등학생의 경우 관내 학교 재학생이면 신청 가능)","○ 학교장 신청 후 예천군민장학회에서 선발","※ 기관확인필요","○ 해당없음","○ 학교장","○ 장학생 추천서○ 서약서○ 개인정보 수집 및 이용 동의서※ 자세한 사항은 첨부파일 또는 홈페이지 참고","https://www.ycg.kr","2026-04-13","2026-04-30"
"516 ","예천군민장학회","희망","지자체(출자출연기관)","장학금","해당없음","과학고국제고마이스터고영재고예술고외국어고일반고자율고제한없음체육고","1학년2학년3학년제한없음","○ 해당없음","○ 저소득층 (기초수급자/한부모/조손/장애/다문화가정)에 해당하는 자","※ 기관확인필요","○ 관내 고교 재학생","○ 장학생 선발 공고일 현재 본인 또는 보호자가 예천군에 1년 이상 주소를 두고 실거주하고 있어야 함 (단 고등학생의 경우 관내 학교 재학생이면 신청 가능)","○ 학교장 신청 후 예천군민장학회에서 선발","※ 기관확인필요","○ 해당없음","○ 학교장 추천","○ 장학생 추천서○ 서약서○ 개인정보 수집 및 이용 동의서※ 자세한 사항은 첨부파일 또는 홈페이지 참고","https://www/ycg.kr","2026-04-13","2026-04-30"
"517 ","안양시 인재육성재단","희망장학생","지자체(출자출연기관)","장학금","지역연고","과학고국제고마이스터고영재고예술고외국어고일반고체육고","1학년2학년3학년제한없음","○ 수급자/법정 차상위/한부모/장애인 가정: 성적 미반영○ 2026년 기준 중위소득 75%이하 가정: 전 과목 평균 70점 이상※ 자세한 사항은 첨부파일 또는 홈페이지 참고","○ 기초생활수급자○ 법정 차상위○ 한부모가정 고등학생○ 장애인 가정○ 26년 기준 중위소득 75% 이하 가정","○ 수급자/법정 차상위/한부모/장애인 가정 : 70만원○ 저소득(중위소득 75%이하) : 100만원○소기업/소상공인 : 100만원","※ 기관확인필요","○ 공고일 기준 안양시에 거주중인 고등학생○ 공고일 기준 안양시에 소재한 학교에 재학중인 고등학생","○ 학교 성적 20%/ 거주기간 10%/ 소득 70%/가산점 반영","○ 100명","※ 자세한 사항은 첨부파일 또는 홈페이지 참고","해당없음","○ 장학금 신청인 서약서○ 장학생 신청서○ 개인정보 수집·이용·제공·조회 동의서○ 재학증명서○ 신청자의 주민등록초본○ 가족구성원이 모두 기재된 주민등록등본○ 통장사본○ 신청 전형별 증명서와 확인서 등 기타 서류※ 자세한 사항은 첨부파일 또는 홈페이지 참고","http://www.aytalent.or.kr","2026-03-09","2026-04-13"
"518 ","안양시 인재육성재단","성취장학생","지자체(출자출연기관)","장학금","지역연고","과학고국제고마이스터고영재고예술고외국어고일반고체육고","해당없음","○ 교내 성적 상위 10%의 학생○ 재학생의 경우 직전학년 2개 학기 (신입생의 경우 중 3학년 2개 학기 전과목 학업성적 평균을 평가)※ 자세한 사항은 첨부파일 또는 홈페이지 참고","해당없음","○ 100만원","해당없음","○ 신청 마감일 기준 안양시에 거주 중인 고등학생○ 신청 마감일 기준 안양시에 소재한 학교에 재학 중인 고등학생","○ 학교 성적 90%/ 거주기간 10%/ 가산점","○ 56명","※ 자세한 사항은 첨부파일 또는 홈페이지 참고","해당없음","○ 장학금 신청인 서약서○ 장학생 신청서○ 개인정보 수집·이용·제공·조회 동의서○ 재학증명서○ 신청자의 주민등록초본○ 가족구성원이 모두 기재된 주민등록등본○ 통장사본○ 이전학년 1/2학기 성적증명서○ 가산점 서류 (해당자)※ 자세한 사항은 첨부파일 또는 홈페이지 참고","http://www.aytalent.or.kr","2026-03-09","2026-04-13"
"519 ","안양시 인재육성재단","재능장학생","지자체(출자출연기관)","장학금","특기자","과학고국제고마이스터고영재고예술고외국어고일반고자율고제한없음체육고","1학년2학년3학년제한없음","해당없음","해당없음","○ 1인당 최소 50만원부터 최대 4백만원까지 지급","○ 선발분야: 인문사회/체육/수·과학/전산/미술/음악/무용·연극○ 안양시립소년소녀합창단※ 자세한 사항은 첨부파일 또는 홈페이지 참고","○ 안양시에 주소를 두고 국내 각 급 학교에 재학 중인 학생○ 안양시에 소재한 각 급 학교에 재학 중인 학생○ 안양시에 주소를 두고 면학 장려가 필요한 만24세 미만의 시민(학교 밖 청소년 등)","○ 1차 비대면 심사/ 2차 분야별 오디션○ 미술 : 작품 80/ 수상실적 10/ 거주기간 10○ 음악/무용/연극 : 실기오디션 80/ 수상실적 10/ 거주기간 10○ 체육 : 수상실적 80/ 발표 10/ 거주기간 10○ 인문사회/수·과학/전산 등 : 수상실적 60/ 발표 30/거주기간 10※ 자세한 사항은 첨부파일 또는 홈페이지 참고","○ 330여명 (초/중/고/대학생)※ 2025 재능장학금 예산 총 5억 1천만원 범위 내 선발 예정","※ 기관확인필요","해당없음","○ 재능장학생 신청서○ 재능장학생 자격요건 확인서○ 자기소개서○ 개인정보 수집·이용·제공·조회 동의서○ 재학증명서○ 주민등록초본 1부○ 참가 분야별 제출 자료※ 자세한 사항은 첨부파일 또는 홈페이지 참고","http://www.aytalent.or.kr","2026-08-01","2026-09-11"
"520 ","달서인재육성장학재단","(희망)저소득주민자녀","지자체(출자출연기관)","장학금","소득구분","과학고국제고마이스터고영재고예술고외국어고일반고자율고제한없음체육고","1학년2학년3학년제한없음","○ 2025년 1학기 이수과목의 50% 이상이 5등급 이상※ 성적평가 시 이수 또는 우수 등으로 평가된 과목 제외","○ 2025년 기준중위소득 이내(행복e음 조회)○ 재산총액이 2억원 이하(행복e음 조회)","○ 80만원※ 타 장학금 또는 학비감면 상관없이 지급기준금액 80만원 지급","해당없음","○ 선발 공고일 현재 1년 이상 달서구 관내 주소를 두고 거주하는 구민 또는 그 자녀로서 고등학교에 재학 중인 학생","○ 과목별 이수단위의 가중치를 적용한 성적 순※ 동점자 순위결정 기준 : 1. 성적순 2.소득/재산 적은자 순","○ 20명","○ 1세대 1명만 신청 가능○ 2025년도 달서인재육성장학재단 장학생○ 징계처분 받은 자※ 자세한 사항은 첨부파일 또는 홈페이지 참고","○ 거주지 동장 추천","○ 희망 장학생 신청 및 추천서○ 2025년 1학기 성적증명서○ 주민등록등본○ 개인(신용)정보 수집·이용·제공 및 조회 동의서/서약서○ 품행 및 장학금 수혜 여부 확인서○ 2024년 2학기 교육비 납입증명서○ 가정실태조사서○ 기타 증빙서류※ 자세한 사항은 첨부파일 또는 홈페이지 참고","https://www.dalseoij.org","2025-09-05","2025-09-30"
"521 ","재단법인 광주북구 장학회","저소득장학생","지자체(출자출연기관)","장학금","지역연고","과학고국제고마이스터고영재고예술고외국어고일반고자율고제한없음체육고","1학년2학년3학년제한없음","○ 2025년 1학기 성적이 과반수 과목 이상 5등급 이내※1학년의 경우 2025년 1학기 성적이 과반수 과목 이상 3등급 이내","○ 건강보험료 평균 납입금이 2025년도 기준 중위소득 65% 이하인 자(신처자와 동일주소 가족 및 직계가족)","○ 70만원","※ 기관확인필요","○ 공고일 기준 북구에 1년 이상 주민등록을 두고 거주하고 있는 구민 또는 그 자녀","○ 학업성적 50% 가정환경 50%○ 동점자 우선순위○ 1순위 : (재)광주북구장학회 장학생 선발경력이 없는 학생○ 2순위 : 선발순위별 고학년 학생○ 3순위 : 북구 거주기간이 오래된 가정","○ 18명","○ 2024년도 북구장학생으로 선발되어 장학금을 받은 학생○ 2025년 광주 북구 통장자녀장학금/농업인자녀장학금을 지원받은 학생○ 1인 1유형만 신청 가능 / 1가구 1인만 선발※ 자세한 사항은 첨부파일 또는 홈페이지 참고","해당없음","○ 신청서○ 개인정보 수집/이용/제공 및 조회 동의서○ 주민등록 등본○ 재학증명서○ 통장사본○ 25년 1학기 성적증명서○ 건강보험료 납부확인서○ 건강보험증 사본 또는 건강보험자격확인서○ 가정환경/세대구성 관련 증명서※ 자세한 사항은 첨부파일 또는 홈페이지 참고","http://bukgu.gwangju.kr ","2025-09-29","2025-10-17"
"522 ","재단법인 광주북구 장학회","특기장학생","지자체(출자출연기관)","장학금","지역연고","과학고국제고마이스터고영재고예술고외국어고일반고자율고제한없음체육고","1학년2학년3학년제한없음","해당없음","해당없음","○ 70만원","○ 예술체육 분야 중 국내 전국대회 및 국제대회에서 장학생 선발 공고일 기준 최근 1년 이내에 3위 이내의 성적을 득한 학생※ 자세한 사항은 첨부파일 또는 홈페이지 참고","○ 공고일 기준 북구에 1년 이상 주민등록을 두고 거주하고 있는 구민 또는 그 자녀","○ 국내 전국대회 또는 국제대회에서 3위 이내의 성적○ 동점자 우선순위○ 1순위 : (재)광주북구장학회 장학생 선발경력이 없는 학생○ 2순위 : 선발순위별 고학년 학생○ 3순위 : 북구 거주기간이 오래된 가정※ 자세한 사항은 첨부파일 또는 홈페이지 참고","○ 3명","○ 2024년도 북구장학생으로 선발되어 장학금을 받은 학생○ 2025년 광주 북구 통장자녀장학금/농업인자녀장학금을 지원받은 학생○ 1인 1유형만 신청 가능 / 1가구 1인만 선발※ 자세한 사항은 첨부파일 또는 홈페이지 참고","해당없음","○ 장학생 신청서○ 개인정보 수집/이용/제공 및 조회 동의서○ 주민등록등본○ 재학증명서○ 본인명의 통장사본○ 각종 대회 입상(수상 관련 증빙서류)※ 자세한 사항은 첨부파일 또는 홈페이지 참고","https://bukgu.gwangju.kr ","2025-09-29","2025-10-17"
"523 ","재단법인 광주북구 장학회","동행장학생","지자체(출자출연기관)","장학금","기타","과학고국제고마이스터고영재고예술고외국어고일반고자율고제한없음체육고","1학년2학년3학년제한없음","○ 저소득 분야 성적기준: 2025년 1학기 성적이 과반수 과목 이상 5등급 이내(1학년은 3등급)","○ 저소득 분야 소득기준: 건강보험료 평균 납입금이 025년도 기준 중위소득 65% 이하인 자","○ 70만원","○ 봉사/선행/효행 : 사회봉사 실적이 우수하거나 선행 및 효행이 뛰어난 자○ 장애인 : 학생본인의 장애인증명서를 제출하는 자○ 북한이탈주민 : 저소득 분야의 성적조건을 갖춘 북한이탈주민의 가정○ 다자녀 : 저소득 분야의 성적조건을 갖춘 3자녀 이상의 가정※ 자세한 사항은 첨부파일 또는 홈페이지 참고","○ 공고일 기준 북구에 1년 이상 주민등록을 두고 거주하고 있는 구민 또는 그 자녀","○ 봉사/선행/효행 : 표창장/감사장/봉사실적확인서 등○ 장애인 : 장애가 심한 정도 > 건강보험료 납입기준 소득이 적은 순○ 다문화/북한이탈주민/학교밖청소년 : 건강보험료 납입기준 소득이 적은 순○ 다자녀 : 자녀가 많은 순※ 자세한 사항은 첨부파일 또는 홈페이지 참고","○ 10명○ 봉사/선행/효행 : 4명○ 장애인 : 1명○ 다문화/북한이탈주민 : 1명○ 다자녀: 4명","○ 2024년도 북구장학생으로 선발되어 장학금을 받은 학생○ 2025년 광주 북구 통장자녀장학금/농업인자녀장학금을 지원받은 학생○ 1인 1유형만 신청 가능 / 1가구 1인만 선발○ 2024년 다자녀 선발 가정은 다자녀 유형으로 신청 불가※ 자세한 사항은 첨부파일 또는 홈페이지 참고","해당없음","○ 장학생 신청서○ 개인정보 수집/이용/제공 및 조회 동의서○ 주민등록 등본○ 재학증명서○ 본인명의 통장사본○ 분야별 추가서류※ 자세한 사항은 첨부파일 또는 홈페이지 참고","http://bukgu.gwangju.kr ","2025-09-29","2025-10-17"
"524 ","의왕시인재육성재단","성적우수장학생","지자체(출자출연기관)","장학금","지역연고","과학고국제고마이스터고영재고예술고외국어고일반고자율고제한없음체육고","1학년2학년3학년제한없음","○ 직전 학년 직전 학기의 학업성적이 2등급 이상인 과목 (등급이 나오는 과목)이 3과목 이상인 학생○ 초중등교육법 시행령 제90조에 따른 특수목적고등학교는 4등급 이상인 과목(등급이 나오는 과목)이 3과목 이상인 학생※ 자세한 사항은 첨부파일 또는 홈페이지 참고","해당없음","※ 기관확인필요","○ 고등학교 재학생","○ 의왕시 소재 고등학교 재학생","※ 기관확인필요","※ 기관확인필요","○ 1가구 1인만 선발※ 자세한 사항은 첨부파일 또는 홈페이지 참고","○ 학교장 추천","○ 장학생 신청서○ 개인정보 수집·이용·제공·조회 동의서○ 학교장 추천서○ 성적증명서○ 학생 기준 초본○ 가족사항 배점서류(해당자만 제출)* 다문화 가정 : 가족관계증명서 및 외국인 등록 사실 증명서* 다자녀 (2자녀 이상) : 부모 기준 가족관계 증명서* 장애인 증명서* 한부모 가족 증명서※ 자세한 사항은 첨부파일 또는 홈페이지 참고 ","http://www.uwinjae.or.kr","2026-08-24","2026-09-04"
"525 ","의왕시인재육성재단","복지장학생","지자체(출자출연기관)","장학금","지역연고","과학고국제고마이스터고영재고예술고외국어고일반고체육고","1학년2학년3학년제한없음","○ 직전 학년의 학업성적의 성적이 4등급 이상인 과목이 3과목 이상인 자","○ 부모 소득 전체 월평균 500만원 이하에 해당하는 가정 (건강보험료로 측정 장기요양보험료 제외)","○ 100만원","○ 저소득층 가정 자녀 중 고등학교에 입학 또는 재학 중인 자녀로서 직전 학년의 성적이 3과목 이상이 4등급 이상인 관내 고등학생","○ 의왕시 관내 고등학교 재학생","○ 학업성적 25% 소득 65% 가족사항별 10% (총 100)○ 동점자 처리기준 : 소득정도 학업성적 가족사항별 추천서○ 초중등교육법 시행령 제90조에 의한 특수목적고등학교는 성적이 높은 순서대로 선발","○ 3명","○ 1가구 1인만 선발※ 자세한 사항은 첨부파일 또는 홈페이지 참고","○ 학교장 추천","○ 장학금 신청서○ 개인정보 수집/이용/제공/조회 동의서○ 추천서○ 성적증명서○ 부모님 건강보험증 자격확인(통보)서○ 25년 1~6월 부모님 건강보험료 납부확인서○ 부모님 건강보험 자격확인(통보)서○ 등본※ 자세한 사항은 첨부파일 또는 홈페이지 참고","http://www.uwinjae.or.kr","2025-07-21","2025-08-01"
"526 ","의왕시인재육성재단","특기장학생","지자체(출자출연기관)","장학금","특기자","과학고국제고마이스터고영재고예술고외국어고일반고자율고제한없음체육고","1학년2학년3학년제한없음","해당없음","해당없음","※ 기관확인필요","○ 기능·예능·과학 등의 분야에서 도 단위 규모 대회에서 1위에 입상하거나 전국 규모 대회에서 3위 이내 입상한 고등학생※ 자세한 사항은 첨부파일 또는 홈페이지 참고","○ 공고일 기준 의왕시에 주소를 두고 2년 이상 거주하고 있는 고등학생","※ 기관확인필요","※ 기관확인필요","○ 1가구 1인 선발※ 자세한 사항은 첨부파일 또는 홈페이지 참고","○ 학교장 추천","○ 장학생 신청서○ 개인정보 수집·이용·제공·조회 동의서○ 추천서○ 2025년 1월 ~ 2026년 2월 입상 증빙 서류○ 장학생 신청자 기준 초본※ 자세한 사항은 첨부파일 또는 홈페이지 참고","http://www.uwinjae.or.kr","2026-08-24","2026-09-04"
"527 ","의왕시인재육성재단","효행(선행)장학생","지자체(출자출연기관)","장학금","지역연고","과학고국제고마이스터고영재고예술고외국어고일반고체육고","1학년2학년3학년제한없음","해당없음","해당없음","○ 100만원","○ 각종 기관 및 단체의 표창 또는 언론에서 칭송을 받는 학생으로서 학교장 또는 관할동장의 추천을 받은 관내 고등학생","○ 의왕시 관내 고등학생","※ 기관확인필요","○ 1명","○ 1가구 1인 신청 가능○ 기존 효행·선행 장학생으로 선발된 학생은 선발 배제","○ 학교장 추천 또는 관할 동장의 추천","○ 장학금 지원 신청서○ 개인정보 수집·이용·제공·조회 동의서○ 학교장 추천서 또는 동장 추천서○ 효행 증빙 자료※ 자세한 사항은 첨부파일 또는 홈페이지 참고","http://www.uwinjae.or.kr","2025-07-21","2025-08-01"
"528 ","재단법인 칠곡군 호이장학회","상의2%신입생","기타","장학금","해당없음","일반고","1학년","○ 관내 중학교 졸업 내신 석차 상위 100분의 2 이내","해당없음","○ 120만원","해당없음","○ 공고일 현재 본인 또는 보호자가 칠곡군에 1년 이상 주소를 두고 거주하고 있으며 관내 중학교를 졸업하고 관내 고등학교에 진학한 성적 우수자 (단 가산면 출신에 한해 오상중학교 졸업 후 오상고 진학 포함)","※ 기관확인필요","○ 22명","○ 장학 관련 단체로부터 본 장학회에서 지급하는 장학금의 50% 초과의 장학금을 받고 있는 자○ 1세대 1명 신청 원칙","○ 학교장 추천","○ 장학생 신청서 추천서○ 장학금 비수혜확인서○ 주민등록등본○ 성적증명서○ 중학교 졸업 내신성적 및 석차 증빙자료※ 기존 상위2% 재학생의 경우: 석차 증빙자료※ 자세한 사항은 첨부파일 또는 홈페이지 참고","https://www.chilgok.go.kr/","2025-03-26","2025-04-04"
"529 ","재단법인 칠곡군 호이장학회","상위2%재학생","기타","장학금","해당없음","일반고","2학년3학년","○ 직전학년 성적이 학년 전체 학생의 100분의 10 이내","해당없음","○ 120만원","○ 상위 2% 신입생 장학금을 받았던 재학생 (2학년 3학년)","○ 공고일 현재 본인 또는 보호자가 칠곡군에 1년이상 주소를 두고 거주하고 있는 학생","※ 기관확인필요","○ 30명","○ 장학 관련 단체로부터 본 장학회에서 지급하는 장학금의 50% 초과의 장학금을 받고 있는 자○ 1세대 1명 신청 원칙칙","○ 학교장 추천","○ 장학생 신청서○ 장학생 추천서○ 장학금 비수혜확인서○ 주민등록등본○ 성적증명서○ 석차 증빙자료※ 자세한 사항은 첨부파일 또는 홈페이지 참고","https://www.chilgok.go.kr/","2025-03-26","2025-04-04"
"530 ","재단법인 칠곡군 호이장학회","성적우수(일반)","기타","장학금","해당없음","일반고","1학년2학년3학년제한없음","○ 신입생: 입학성적이 학년 전체 학생의 100분의 20 이내○ 재학생: 직전학년 성적이 학년 전체학생의 100분의 20 이내","해당없음","○ 100만원","해당없음","○ 공고일 현재 본인 또는 보호자가 칠곡군에 1년 이상 주소를 두고 거주하고 있는 학생 (단 가산면 출신에 한해 오상중학교 졸업 후 오상고 진학 포함)","※ 기관확인필요","○ 86명","○ 장학 관련 단체로부터 본 장학회에서 지급하는 장학금의 50% 초과의 장학금을 받고 있는 자○ 1세대 1명 신청 원칙","○ 학교장 추천","○ 장학생 신청서○ 장학생 추천서○ 장학금 비수혜확인서○ 주민등록등본○ 성적증명서○ 입학성적 증빙자료(신입생)※ 자세한 사항은 첨부파일 또는 홈페이지 참고","https://www.chilgok.go.kr/","2025-03-26","2025-04-04"
"531 ","재단법인 칠곡군 호이장학회","저소득다자녀","기타","장학금","해당없음","일반고","1학년2학년3학년제한없음","○ 저소득 다자녀○ 신입생: 입학성적이 학년 전체 학생의 100분의 50 이내○ 재학생: 직전학년 성적이 학년 전체 학생의 100분의 50 이내","○ 장애인 국민기초생활수급자 차상위 계층 저소득 한부모가족 다자녀 다문화가정 학생","○ 100만원","○ 장애인 국민기초생활수급자 차상위 계층 저소득 한부모가족 다자녀 다문화가정 학생","○ 공고일 현재 본인 또는 보호자가 칠곡군에 1년 이상 주소를 두고 거주하고 있는 학생","※ 기관확인필요","○ 33명","○ 장학 관련 단체로부터 본 장학회에서 지급하는 장학금의 50% 초과의 장학금을 받고 있는 자○ 1세대 1명 신청 원칙","○ 학교장 추천","○ 장학생 신청서○ 장학생 추천서○ 장학금 비수혜확인서○ 주민등록등본○ 성적증명서 입학성적 증빙자료(신입생)○ 장애인 기초생활수급자 차상위계층 저소득 한부모가족 다자녀(2자녀 이상) 다문화 가정 증빙서류 (해당 시)※ 자세한 사항은 첨부파일 또는 홈페이지 참고","https://www.chilgok.go.kr/","2025-03-26","2025-04-04"
"532 ","재단법인 칠곡군 호이장학회","예술 체육고","기타","장학금","해당없음","예술고체육고","1학년2학년3학년제한없음","○ 입학성적이 학년 전체 학생의 100분의 30 이내","해당없음","○ 100만원","○ 예술고: 중학교 재학 중 도 단위대회 3위 전국대회 5위 이내 수상실적이 있을 시 가산점 부여 ○ 체육고: 중학교 재학 중 도 단위대회 3위 전국대회 5위 이내 입상한 학생","○ 공고일 현재 본인 또는 보호자가 칠곡군에 1년 이상 주소를 두고 거주하고 있으며 관내 중학교를 졸업하고 관외 예술체육고에 진학한 학생","○ 동점자 발생 시 학생의 거주기간이 긴 경우 보호자의 거주기관이 긴 경우 순으로 선발※ 자세한 사항은 첨부파일 또는 홈페이지 참고","○ 13명","○ 장학 관련 단체로부터 본 장학회에서 지급하는 장학금의 50% 초과의 장학금을 받고 있는 자○ 1세대 1명 신청 원칙","○ 학교 수요조사 재단 선발","○ 장학생 신청서○ 장학생 추천서○ 장학금 비수혜확인서○ 주민등록등본○ 성적증명서○ 학생보호자 주민등록초본○ 대회 입상 관련 자료 (해당 시 체육고 필수)○ 중핚교 졸업 증명서※ 자세한 사항은 첨부파일 또는 홈페이지 참고","https://www.chilgok.go.kr/","2025-03-26","2025-04-04"
"533 ","재단법인 칠곡군 호이장학회","외국어과학고","기타","장학금","해당없음","과학고외국어고","1학년2학년3학년제한없음","○ 입학성적이 학년 전체 학생의 100분의 80 이내","해당없음","○ 100만원","해당없음","○ 공고일 현재 본인 또는 보호자가 칠곡군에 1년 이상 주소를 두고 거주하고 있으며 관내 중학교를 졸업하고 관외 과학 외국어고에 진학한 학생","※ 기관확인필요","○ 6명","○ 장학 관련 단체로부터 본 장학회에서 지급하는 장학금의 50% 초과의 장학금을 받고 있는 자○ 1세대 1명 신청 원칙","○ 학교 수요조사 재단 선발","○ 장학생 신청서○ 장학생 추천서○ 장학금 비수혜확인서○ 주민등록등본○ 성적증명서○ 학생 보호자 주민등록초본○ 대회 입상 관련 자료 (해당 시)○ 중학교 졸업증명서※ 자세한 사항은 첨부파일 또는 홈페이지 참고","https://www.chilgok.go.kr/","2025-03-26","2025-04-04"
"534 ","광주남구장학회","행복나눔 장학생","지자체(출자출연기관)","장학금","지역연고","과학고국제고마이스터고영재고예술고외국어고일반고자율고제한없음체육고","1학년2학년3학년","○ 25년 1학기 성적 전과목 평균 5등급 이내※ 1학년의 경우 3등급 이내","○ 25년도 기준 중위소득 100%이하인 가구※ 직계가족의 3개월 평균 국민건강보험료 산정","○ 50만원○생활비 지원 장학금으로 타 장학금 중복여부와 상관없이 신청 가능","해당없음","○ 공고일 현재 광주광역시 남구에 주민등록상 1년 이상 주소를 두고 있는 보호자 또는 그 자녀","○ 서류심사 : 제출서류 신청요건 충족 및 직전학기 성적 등 확인○ 최종선발 : (재)남구장학회 장학생 선발 심사위원회 심의","○ 7명","○ 1가구당 1인 신청 가능○ 최근 2년 남구장학회 장학생으로 선발된 자※ 자세한 사항은 첨부파일 또는 홈페이지 참고","해당없음","○ 장학생 신청서○ 주민등록표등본○ 학생 명의의 가족관계증명서○ 건강보험 자격 확인서○ 건강보험료 납부확인서○ 25년도 1학기 학교 생활기록부○ 개인정보 수집/이용/제공 및 조회 동의서○ 통장 사본○ 가정환경 세대 구성 관련증명서(해당자에 한함)※ 자세한 사항은 첨부파일 또는 홈페이지 참고","https://www.namgu.gwangju.kr","2025-09-29","2025-10-17"
"535 ","우리다문화장학재단","학업장학","기타","장학금","소득구분","과학고국제고마이스터고영재고예술고외국어고일반고자율고제한없음체육고","1학년2학년3학년제한없음","해당없음","○ 2026년 기준 중위소득 100% 이하인 가구","○ 250만원 (장학생 선정자에 한해 2회 분할 지급)","○ 다문화가족 자녀○ 국내 고등학교 및 정부인가 대안학교 재학생","해당없음","○ 서류평가 및 역량평가","○ 350명","○ 부모 모두 외국 국적을 가진 가족 및 북한이탈주민 지원불가○ 특기장학과 중복지원 불가능","○ 추천자격에 해당하는 자의 추천 필요○ 추천자격 : 소속대학 학교장/다문화 및 사회 복지기관장/지자체 및 주민센터장","○ 재학증명서○ 장학생 추천서○ 주민등록등본○ 가족관계증명서○ 다문화 학생임을 입증할 수 있는 서류 1부○ 법정 저소득 증빙서류(해당자)○ 차상위 본인부담경감대상자 증명서(해당자)○ 건강보험자격확인서○ 건강보험료 납부확인서○ 자원봉사활동 실적확인서(해당자)○ 수상 실적 자료(해당자)※ 자세한 사항은 첨부파일 또는 홈페이지 참고","http://www.woorifoundation.or.kr","2026-03-23","2026-04-17"
"536 ","재단법인 금산교육사랑장학재단","우수장학금","지자체(출자출연기관)","장학금","지역연고","과학고국제고마이스터고영재고외국어고일반고","해당없음","○ 소속 학교장의 추천을 받은 성적이 우수한 학생","해당없음","○ 100만원","○ 관내 고등학교 재학생 (대안학교 포함)","○ 공고일 기준 1년 전 부터 현재까지 보호자의 주민등록이 금산군으로 되어있는 자","○ 관내 고등학교 선발인원 배정 후 학교장 추천에 의한 선발","○ 79명","※ 기관확인필요","○ 학교장 추천","○ 장학금 지원 신청서○ 서약서○ 개인정보동의서○ 재학증명서○ 장학금 지급받을 통장사본○ 주민등록 등본○ 학교장 추천서 ※ 자세한 사항은 첨부파일 또는 홈페이지 참고","http://geumsanedu.or.kr/","2025-03-24","2025-03-28"
"537 ","재단법인 금산교육사랑장학재단","희망장학금","지자체(출자출연기관)","장학금","지역연고","과학고국제고마이스터고영재고예술고외국어고일반고체육고","해당없음","해당없음","○ 소년소녀가장/ 국민기초수급대상자의 자녀/ 차상위계층의 자녀/ 한부모가정의 자녀/ 조손가정/ 장애인 등 생활이 어려운 가정의 모범이 되는 학생","○ 100만원","○ 관내 고등학교에 재학중인 학생으로 소속 학교장의 추천을 받은 학생","○ 공고일 기준 1년 전 부터 현재까지 보호자의 주민등록이 금산군으로 되어있는 자","○ 관내 고등학교 선발인운 배정 후 학교장 추천에 의해 선발","○ 36명","※ 기관확인필요","○ 학교장 추천","○ 장학금 지원 신청서○ 서약서○ 개인정보동의서○ 재학증명서○ 장학금 지급받을 통장사본○ 보호자의 주민등록 등본○ 학교장 추천서○ 장학생 추천 공문○ 소득증명서류※ 자세한 사항은 첨부파일 또는 홈페이지 참고","http://geumsanedu.or.kr/","2025-03-24","2025-03-28"
"538 ","재단법인 무주군교육발전장학재단","고등진학장학생","지자체(출자출연기관)","장학금","지역연고","과학고국제고마이스터고영재고예술고외국어고일반고체육고","1학년2학년3학년제한없음","○ 관내 소재 중학교를 졸업하고 관내 소재 고등학교로 진학한 자 중 성적이 우수한 자","해당없음","○ 30만원","○ 관내 고등학교에 진학한 신입생","○ 기준일 현재 보호자 중 1인과 본인의 주민등록상 주소지가 모두 무주군으로 되어있는 자","※ 기관확인필요","○ 00명","○ 퇴학 또는 정학 처분을 받았을 때 휴학하였을 때 지급 중단","해당없음","○ 장학생 지원서○ 개인(신용)정보 수집/이용/제공 및 조회 동의서○ 주민등록초본(부무와 주소가 동일할 경우 주소이력포함)○ 가족관계등록부(부모와 주소가 다를경우)○ 통장사본○ 기타보호자 확인서※ 자세한 사항은 첨부파일 또는 홈페이지 참고","http://muju.go.kr","2026-03-03","2026-03-27"
"539 ","재단법인 무주군교육발전장학재단","특기장학생","지자체(출자출연기관)","장학금","지역연고","예술고체육고","1학년2학년3학년제한없음","해당없음","해당없음","○ 60만원","○ 관내 소재 초/중/고 재학생으로 그 분야의 국제대회 1위~3위 입상자 또는 입상한 팀의 팀원/ 전국대회 규모 대회 1위 입상자 또는 입상한 팀의 팀원","○ 기준일 현재 보호자 중 1인과 본인의 주민등록상 주소지가 모두 무주군으로 되어있는 자","※ 기관확인필요","○ 00명","○ 퇴학 또는 정학 처분을 받았을 때 휴학하였을 때 지급 중단","해당없음","○ 개인(신용)정보 수집/이용/제공 및 조회 동의서○ 주민등록등본(부무와 주소가 동일할 경우 주소이력포함)○ 학생 주민등록초본○ 가족관계등록부(부모와 주소가 다를경우)○ 통장사본○ 기타보호자 확인서○ 입상증명서※ 자세한 사항은 첨부파일 또는 홈페이지 참고","http://muju.go.kr","2026-03-03","2026-03-27"
"540 ","재단법인 무주군교육발전장학재단","여름학기 인재육성사관학교 장학금","지자체(출자출연기관)","장학금","해당없음","과학고국제고마이스터고영재고예술고외국어고일반고자율고제한없음체육고","1학년2학년3학년제한없음","○ 직전 학기 석차가 70% 이내인 자 ","○ 해당없음","○ 국내 기숙학원비의 80% 지원 (기초생활수급자 100% 지원)○ 1인당 300만원 한도 내에서 지원","○ 관내 소재 고등학교","○ 기준일(5.13일)부터 계속하여 보호자중 1인과 학생의 주소가 무주군으로 되어 있는 자","○ 1순위 최근 2년간 인재육성사관학교 지원을 받지 아니한자○ 2순위 최근 2년간 인재육성사관학교 지원을 적게 받은자○ 3순위 지원 받은 횟수가 동일한 경우 직전 학기 석차순","○ 15명","○ 해당없음","○ 해당없음","○ 인재육성사관학교 신청서 ○ 성적확인서○ 가족관계를 확인할 수 있는 서류○주소를 확인 할 수 있는 서류","http://muju.go.kr","2026-05-13","2026-05-19"
"541 ","재단법인 증평군민장학회","입학성적우수","지자체(출자출연기관)","장학금","지역연고","과학고국제고마이스터고영재고예술고외국어고일반고체육고특성화고","해당없음","○ 관내 고등학교 입학 성적 우수자","해당없음","○ 인문고 : 점수대별 100만원 ~ 300만원○ 특성화고 : 입학성적 1등  200만원 / 2등  100만원 / 3등  50만원","○ 관내 고등학교에 입학한 학생 중 성적 우수자(관외지역 학생 포함)","해당없음","○ 중학교 내신성적 100%","○ 60명 내외","해당없음","○ 관내 고등학교장 추천","○ 장학생 신청서○ 장학생 추천서○ 서약서○ 주민등록등본 또는 가족관계증명서○ 통장사본○ 중학교 내신 성적표※ 자세한 사항은 첨부파일 또는 홈페이지 참고","https://www.jp.go.kr/","2026-03-06","2026-03-16"
"542 ","재단법인 증평군민장학회","취업 장려 장학금","지자체(출자출연기관)","장학금","해당없음","마이스터고","3학년","해당없음","해당없음","○ 30만원","○ 국내 중소/중견기업에 취업한 자","○ 신청기간 내 해당연도(2025년도) 기준 증평군 관내 특성화 고등학교 3학년 재학생(2026년 졸업 예정자)","※ 기관확인필요","○ 8명(비즈니스고 4명/증평공고 4명)","○ 2026년 증평군민장학회의 다른 장학금을 수혜받는 자○ 2025년 중 휴학자/군입대자/졸업예정자○ 소속 학교에서 퇴학/휴학 및 징계처분을 받은 자※ 자세한 사항은 첨부파일 또는 홈페이지 참고","○ 관내 고등학교장 추천","○ 장학생 신청서○ 장학생 추천서○ 서약서○ 주민등록등본 또는 가족관계증명서○ 통장사본※ 자세한 사항은 첨부파일 또는 홈페이지 참고","https://www.jp.go.kr/","2026-03-06","2026-03-16"
"543 ","재단법인 증평군민장학회","기능특기 우수 장학금","지자체(출자출연기관)","장학금","해당없음","일반고","1학년2학년3학년제한없음","해당없음","해당없음","※ 자세한 사항은 첨부파일 또는 홈페이지 참고","○ 공공기관이 주최한 도 대회 이상 3위 이내 입상자","○ 공고일 현재 증평군 관내 고등학교 재학중인 자","○ 1년 중 가장 높은 실적 1건","○ 8명","○ 2026년 증평군민장학회의 다른 장학금을 수혜받는 자○ 2025년 중 휴학자/군입대자/졸업예정자○ 소속 학교에서 퇴학/휴학 및 징계처분을 받은 자※ 자세한 사항은 첨부파일 또는 홈페이지 참고","○ 관내 고등학교장 추천","※ 자세한 사항은 첨부파일 또는 홈페이지 참고","https://www.jp.go.kr/","2026-03-06","2026-03-16"
"544 ","재단법인순창군옥천장학회","일반장학금","지자체(출자출연기관)","장학금","지역연고","일반고","1학년2학년3학년제한없음","○ 신입생 : 배치고사 성적 또는 최종학년 학업성적○ 재학생 : 전년도 학업성적","해당없음","○ 50만원","○ 학업성적이 우수하며 공고일 현재 관내 고등학교에 재학하는 학생","○ 순창군 관내 고등학교 재학생","※ 기관확인필요","○ 00명※ 학교별 배정인원은 해당 학교로 별도 공지","○ 타 기관 및 장학재단/학교 등에서 장학금 수혜 중복자○ 관외 지역 주소자","○ 학교장 추천","○ 장학생 지원서○ 장학생 추천○ 성적 등 확인서류서○ 재학증명서○ 주민등록등본○ 기타 관련 증빙서류※ 자세한 사항은 첨부파일 또는 홈페이지 참고","http://www.ocjh.kr/","2024-04-11","2024-04-25"
"545 ","재단법인순창군옥천장학회","특별장학금","지자체(출자출연기관)","장학금","특기자","예술고일반고체육고","1학년2학년3학년제한없음","※ 기관확인필요","해당없음","○ 예체능특기생: 단체 100만원/ 개인 50만원○ 최대 100만원 학원비 지원","○ 예체능 특기생: 전국단위 이상의 경연 및 경기 등에서 수상한 자○ 예체능 학원비 지원: 예체능 계열 대학교 관련학과를 진학하기 위해 예체능 학원을 수강하는 자","○ 공고일 현재 관내 학교 재학생 및 순창군에 주소를 두고 거주하는 자","○ 장학금지급심의위 심의 후 확정","○ 00명","○ 타 기관 및 장학 재단/ 학교 등에서 장학금 수혜 중복자○ 관외 지역 주소자","○ 학교장 추천","○ 장학생 지원서○ 장학생 추천서○ 재학증명서○ 성적확인 등 서류○ 주민등록등본○ 기타 관련 증빙서류(해당자)※ 자세한 사항은 첨부파일 또는 홈페이지 참고","http://www.ocjh.kr/","2024-04-11","2024-04-25"
"546 ","횡성인재육성장학회","이장자녀장학금","지자체(출자출연기관)","장학금","지역연고","과학고국제고마이스터고영재고예술고외국어고일반고체육고","1학년2학년3학년제한없음","해당없음","해당없음","○ 100만원※ 자세한 사항은 첨부파일 또는 홈페이지 참고","○ 신청일 현재 읍·면 이장 자녀로 고등학교 재학중인 자○ (성적우수) 신청 시 성적제한 없음 ○ 예산범위보다 신청자가 많을 시 성적순으로 지급○ (예체능) 최근 1년 이내에 기능/예능/체육 분야의 도단위 이상 경연대회에서 입상한 자","○ 본인 또는 보호자가 횡성군에 주소를 두고 신청일 현재 1년 이상 계속하여 주소를 두고 있는 자 (2025.04.30. 이후 횡성군으로 주소 이전한 학생은 해당사항 안됨)","○ 장학생 선발위원회 심의·의결","○ 30명 / 고교 대학 포함○ 지급인원은 신청서 접수인원(자격요건 충족자)에 따라 장학생 선발심의회 심의결정으로 변동될 수 있음","○ 2026년도 (재)횡성인재육성장학회 장학금(횡성인재육성장학/글로벌인재육성장학)· 농업인자녀장학금· 다자녀학자금 수혜자는 중복신청 불가","○ 읍/면장 이장 자녀 추천","○ 장학금 지원신청서 및 개인정보동의서○ 자기소개서○ 장학금 지출 계획서○ 장학금 지원 추천서○ 주민등록초본○ 졸업중학교 내신 성적표 또는 전체 학년 성적증명서(백분위 표기)○ 상장 또는 경기실적증명서○ 학생명의 통장사본본※ 자세한 사항은 첨부파일 또는 홈페이지 참고","https://www.hssf.or.kr","2026-04-17","2026-04-30"
"547 ","횡성인재육성장학회","민족사관고 장학생","지자체(출자출연기관)","장학금","지역연고","일반고","1학년2학년3학년제한없음","해당없음","해당없음","○ 100만원","○ 신청일 현재 민족사관고등학교 재학생인 자","○ 본인 또는 보호자가 횡성군에 주소를 두고 신청일 현재 1년 이상 계속하여 주소를 두고 있는 자 (2025.04.30. 이후 횡성군으로 주소 이전한 학생은 해당사항 안됨)","○ 장학생 선발위원회 심의·의결","○ 20명","○ 2026년도 (재)횡성인재육성장학회 장학금(횡성인재육성장학/글로벌인재육성장학)· 농업인자녀장학금· 다자녀학자금 수혜자는 중복신청 불가","○ 학교장 추천","○ 장학금 지원신청서 및 개인정보동의서○ 자기소개서○ 장학금 지출 계획서○ 학생명의 통장사본○ 주민등록 초본※ 자세한 사항은 첨부파일 또는 홈페이지 참고","https://www.hssf.or.kr","2026-04-17","2026-04-30"
"548 ","횡성인재육성장학회","현천고 장학생","지자체(출자출연기관)","장학금","지역연고","일반고","1학년2학년3학년제한없음","해당없음","해당없음","○ 50만원","○ 신청일 현재 현천고등학교 재학생인 자","○ 본인 또는 보호자가 횡성군에 주소를 두고 신청일 현재 1년 이상 계속하여 주소를 두고 있는 자 (2025.04.30. 이후 횡성군으로 주소 이전한 학생은 해당사항 안됨)","○ 장학생 선발위원회 심의·의결","○ 10명","○ 2026년도 (재)횡성인재육성장학회 장학금(횡성인재육성장학/글로벌인재육성장학)· 농업인자녀장학금· 다자녀학자금 수혜자는 중복신청 불가","○ 학교장 추천","○ 장학금 지원신청서 및 개인정보동의서○ 자기소개서○ 장학금 지출 계획서○ 학생명의 통장사본○ 주민등록 초본※ 자세한 사항은 첨부파일 또는 홈페이지 참고","https://www.hssf.or.kr","2026-04-17","2026-04-30"
"549 ","횡성인재육성장학회","열정키움장학생","지자체(출자출연기관)","장학금","지역연고","과학고국제고마이스터고영재고예술고외국어고일반고자율고제한없음체육고","1학년2학년3학년제한없음","해당없음","해당없음","○ 100만원","○ 고등학교 재학생 및 만18세 이하 학교 밖 청소년(홈스쿨링 포함)","○ 신청일 현재 본인 또는 보호자가 1년 이상 횡성군에 주소를 두고 있는 자","○ 1단계 : 서류심사(정형화된 평가표를 통한 서류심사 진행)○ 2단계 : 심층서류심사(정형화된 평가표를 통한 심층서류심사 진행)○ 평균점수 상위 10명 최종 선발","○ 10명","○ 동일 학교 선발인원을 30% 이내로 제한※ 자세한 사항은 첨부파일 또는 홈페이지 참고","해당없음","○ 열정키움 장학금 신청서○ 개인정보 수집·이용 및 제3자 제공 동의서○ 자기소개서○ 주민등록초본○ 생활기록부○ 입상기록 및 열정(재능)을 증빙자료(서류 또는 동영상)○ 2024년도 열정키움 선발장학생인 경우 장학금 지출 계획에 따른 사용내역 소명자료(해당자)※ 자세한 사항은 첨부파일 또는 홈페이지 참고","https://www.hssf.or.kr","2026-07-13","2026-07-27"
"550 ","전주인재육성재단","지역우수인재장학","지자체(출자출연기관)","장학금","지역연고","과학고국제고마이스터고영재고외국어고일반고","1학년2학년3학년제한없음","○ 직전학년(신입생은 중학교 최종학년)평균성적이 70점 이상인 자","해당없음","○ 50만원 자기개발 및 생활비 지원","○ 성적우수 특수계층자녀(다자녀/다문화/장애인) 일반(신입생/재학생) 각각 선발","○ 공고일 현재 전주시에 3년 이상 계속 거주하고 있는 전주 시민의 자녀로써 전주시 소재 고등학생","○ 학업성적 50점 + 생활정도 50점○ 자원봉사 실적 최대 1.5점 가산","○ 총 30명 (성적우수 3/ 특별지급 3/ 일반 24)○ 선발인원의 상위 10%는 성적순위에 의해서만 선발○ 다자녀/다문화/장애인 가족(특별지급) 등은 선발인원의 10% 범위 내에서 선발","○ 전주시 풍남학사 입사생 제외○ 1세대 1명 신청원칙으로 지원제한※ 자세한 사항은 첨부파일 또는 홈페이지 참고","해당없음","○ 장학생 신청서 1부○ 개인정보제공동의 및 활용승낙서○ 주민등록등본○ 건강보험납부확인서 또는 건강보험 자격득실확인서○ 성적증명서○ 재학증명서※ 자세한 사항은 첨부파일 또는 홈페이지 참고","http://www.jinjae.kr","2026-03-23","2026-04-03"
"551 ","전주인재육성재단","청소년자립지원장학","지자체(출자출연기관)","장학금","지역연고","과학고국제고마이스터고영재고예술고외국어고일반고체육고","1학년2학년3학년제한없음","해당없음","○ 소년·소녀 가장 세대 및 조부모 세대 청소년○ 저소득 모자·부자세대 청소년○ 차상위 계층 청소년○ 기타 생활형편이 곤란한 청소년","○ 50만원","○ 가정형편 또는 경제적 사정으로 교육법에 정한 고등학교 입학 및 졸업이 어려운 청소년","○ 공고일 현재 전주시에 3년 이상 계속 거주하고 있는 전주시민의 자녀로서 전주시 소재 고등학생","○ 가족구성 30점 생활정도 70점(자원봉사 실적 최대 1.5점 가점)","○ 20명※ 고등학교당 각 1명씩 추천","해당없음","○ 고등학교장 추천(고등학교당 각 1명씩 추천)","○ 청소년 자립지원기금 지원신청서○ 개인정보제공동의 및 활용승낙서○ 학교장 추천서○ 주민등록등본 1부○ 건강보험료 납부확인서 또는 건강보험 자격득실 확인서○ 재학증명서○ 차상위 계층 증명서 (해당자)※ 자세한 사항은 첨부파일 또는 홈페이지 참고","http://www.jinjae.kr","2026-03-23","2026-04-03"
"552 ","재단법인 수영구장학재단","성적우수 장학금","지자체(출자출연기관)","장학금","지역연고","과학고국제고마이스터고영재고예술고외국어고일반고자율고제한없음체육고","1학년2학년3학년제한없음","○ 당해학년 학업성적(예체능제외)이 평균 B(우)이상","해당없음","○ 100만원","해당없음","○ 장학생 선발 신청일 현재 학부모(보호자) 또는 학생이 부산 수영구에 계속하여 3년 이상 주소가 되어 있으며 사실상 거주하고 있는 자","○ 학업성적 90% 생활정도 10%","○ 45명 (성적우수/희망/재능/기타 장학금 포함)","○ 1세대 1자녀○ 중/고등학교 합산 2회 이상 수영구장학재단 장학생 선발된 이력이 있는 자※ 자세한 사항은 첨부파일 또는 홈페이지 참고","해당없음","○ 장학금신청서○ 주민등록등본○ 가족관계증명서○ 재학증명서○ 개인정보 수집이용 및 제3자 제공 동의서○ 성적증명서○ 건강보험 납부확인서○ 지방세(재산세) 세목별 (미)과세 증명서※ 자세한 사항은 첨부파일 또는 홈페이지 참고","http://www.suyeong.go.kr/suyeong/main.asp","2025-12-17","2026-01-16"
"553 ","재단법인 수영구장학재단","희망 장학금","지자체(출자출연기관)","장학금","지역연고","과학고국제고마이스터고영재고예술고외국어고일반고자율고제한없음체육고","1학년2학년3학년제한없음","해당없음","○ 소년소녀가장/기초생활수급자/장애인가정/3자녀(이상)가정/차상위가구/한부모가정/조손가정/무주택자/실직가정","○ 100만원","해당없음","○ 장학생 선발 신청일 현재 학부모(보호자) 또는 학생이 부산 수영구에 계속하여 3년 이상 주소가 되어 있으며 사실상 거주하고 있는 자","○ 학업성적 50% 생활정도 50%※ 생활정도에 따른 우선순위는 첨부파일 참고","○ 총 45명 (성적우수/희망/재능/기타 장학금 포함)○ 희망장학생은 전체 장학생의 30% 미만으로 선발","○ 1세대 1자녀○ 중/고등학교 합산 2회 이상 수영구장학재단 장학생 선발된 이력이 있는 자※ 자세한 사항은 첨부파일 또는 홈페이지 참고","해당없음","○ 장학금신청서○ 주민등록등본○ 가족관계증명서○ 재학증명서○ 개인정보 수집이용 및 제3자 제공 동의서○ 신청대상별 증빙서류○ 성적증명서※ 자세한 사항은 첨부파일 또는 홈페이지 참고","http://www.suyeong.go.kr/suyeong/main.asp","2025-12-17","2026-01-16"
"554 ","재단법인 수영구장학재단","재능 장학금","지자체(출자출연기관)","장학금","특기자","과학고국제고마이스터고영재고예술고외국어고일반고자율고제한없음체육고","1학년2학년3학년제한없음","해당없음","해당없음","○ 100만원","○ 문화.예술.체육.과학.기능 분야에 소질과 재능이 뛰어난 고등학생○ 광역시 및 도 단위 이상 대회 3위 이내 입상자 (전국대회 5위 이내)","○ 장학생 선발 신청일 현재 학부모(보호자) 또는 학생이 부산 수영구에 계속하여 3년 이상 주소가 되어 있으며 사실상 거주하고 있는 자","※ 기관확인필요","○ 총 45명 (성적우수/희망/재능/기타 장학금 포함)○ 재능장학생은 전체 장학생의 10% 미만으로 선발","○ 1세대 1자녀○ 중/고등학교 합산 2회 이상 수영구장학재단 장학생 선발된 이력이 있는 자○ 이벤트성대회/단순생활체육분야 경기대회/분야별 대표성이 부족한 대회/각종 사례발표대회 제외※ 자세한 사항은 첨부파일 또는 홈페이지 참고","해당없음","○ 장학금신청서○ 주민등록등본○ 가족관계증명서○ 재학증명서○ 개인정보 수집이용 및 제3자 제공 동의서○ 입상경력 증빙서류 (2025년도)※ 자세한 사항은 첨부파일 또는 홈페이지 참고","http://www.suyeong.go.kr/suyeong/main.asp ","2025-12-17","2026-01-16"
"555 ","재단법인 수영구장학재단","기타 장학금","지자체(출자출연기관)","장학금","지역연고","과학고국제고마이스터고영재고예술고외국어고일반고자율고제한없음체육고","1학년2학년3학년제한없음","해당없음","해당없음","○ 100만원","○ 지역사회 헌신/봉사했거나 의로운 일을 하여 수영구를 크게 빛낸 학생○ 부산광역시장상 이상 표창을 수상하고 2025년도 자원봉사활동 실적 30시간 이상인 자","○ 장학생 선발 신청일 현재 학부모(보호자) 또는 학생이 부산 수영구에 계속하여 3년 이상 주소가 되어 있으며 사실상 거주하고 있는 자","※ 기관확인필요","○ 45명 (성적우수/희망/재능/기타 장학금 포함)○ 기타장학생은 전체 장학생의 10% 미만으로 선발","○ 1세대 1자녀○ 중/고등학교 합산 2회 이상 수영구장학재단 장학생 선발된 이력이 있는 자※ 자세한 사항은 첨부파일 또는 홈페이지 참고","해당없음","○ 장학금신청서○ 주민등록등본○ 가족관계증명서○ 재학증명서○ 개인정보 수집이용 및 제3자 제공 동의서○ 표창사본(2025년도)○ 자원봉사활동 확인서 (2025년도)※ 자세한 사항은 첨부파일 또는 홈페이지 참고","http://www.suyeong.go.kr/suyeong/main.asp ","2025-12-17","2026-01-16"
"556 ","문경시장학회","성적우수장학생","지자체(출자출연기관)","장학금","지역연고","과학고국제고마이스터고영재고외국어고일반고","1학년2학년3학년제한없음","○ A성적의 과목이 6개 이상(신입생 및 재적학년 학생이 100명 미만인 경우 3등 이내)○ 특성화 고등학교의 경우 자격증 2개 이상 취득 학생","○ 해당없음","○ 100만원","○ 성적기준을 충족하는 문경시 관내 고등학교 재학생○ 대안학교 신입생은 입학년도 3월 31일까지 문경시에 주소를 둔 학생○ 대안학교 재학생은 공고일 현재 1년 이상 계속하여 문경시에 주소를 둔 학생","○ 공고일 기준 부 또는 모(또는 보호자)가 문경시에 1년 이상 주소를 두고 있는 관내 고등학생","※ 기관확인필요","○ 35명","○ 1인당 1종류의 장학금 신청만 가능○ 직전년도 문경시장학회 성적우수 장학금 수혜자","○ 학교별 선발인원 배정하여 학교장 추천에 의해 선발","○ 장학금 지원신청서 및 추천서○ 개인정보 제공 및 수집 동의서○ 재학증명서○ 주민등록등본(보호자의 문경 거주이력 필요)○ 주민등록 초본(학생본인)○ 성적증명서※ 자세한 사항은 첨부파일 또는 홈페이지 참고","http://www.gbmg.go.kr/portalsub/scholarship/","2026-03-30","2026-04-17"
"557 ","문경시장학회","특기장학생","지자체(출자출연기관)","장학금","지역연고","예술고일반고체육고","1학년2학년3학년제한없음","○ 해당없음","○ 해당없음","○ 100만원","○ 직전년도 재학 중 시 및 도 단위대회 1위/전국대회 3위/국제대회 3위 이상 입상한 자 중 교육장(학교장)의 추천을 받은 자○ 문경시 관내 고등학교 재학생","○ 공고일 기준 부 또는 모(또는 보호자)가 문경시에 1년 이상 주소를 두고 있는 관내 고등학교 재학생※ 자세한 사항은 첨부파일 또는 홈페이지 참고","○ 상위대회 입상자 우선(국제대회 전국대회 도 단위대회 시단위대회)","○ 16명","○ 1인당 1종류의 장학금 신청만 가능○ 직전년도 문경시장학회 성적우수 장학금 수혜자","○ 교육장(학교장) 추천","○ 장학금 지원신청서 및 추천서○ 개인정보 제공 및 수집 동의서○ 재학증명서○ 주민등록등본(보호자의 문경 거주이력 필요)○ 주민등록 초본(학생 본인)○ 예체능 대회 입상 실적증명 또는 상장사본※ 자세한 사항은 첨부파일 또는 홈페이지 참고","http://www.gbmg.go.kr/portalsub/scholarship/","2026-03-30","2026-04-17"
"558 ","문경시장학회","희망장학생","지자체(출자출연기관)","장학금","지역연고","과학고국제고마이스터고영재고예술고외국어고일반고체육고특성화고","1학년2학년3학년제한없음","○ A성적의 과목이 3개 이상 또는 자격증 2개 이상 취득 학생※ 신입생의 경우 입학성적이 100분의 40 이내","○ 해당없음","○ 100만원","○ 다문화·저소득·장애 학생 또는 타 지역에서 관내 특성화 고등학교로 진학하여 장학금 지원 신청일 현재 문경시에 주소를 두고 기숙사 생활을 하는 학생","○ 공고일 기준 부 또는 모(또는 보호자)가 문경시에 1년 이상 주소를 두고 있는 관내 고등학교 재학생※ 자세한 사항은 첨부파일 또는 홈페이지 참고","※ 기관확인필요","○ 26명","○ 1인당 1종류의 장학금 신청만 가능○ 직전년도 문경시장학회 성적우수 장학금 수혜자","○ 학교별 선발인원 배정하여 학교장 추천에 의해 선발","○ 장학금 지원신청서 및 추천서○ 개인정보 제공 및 수집 동의서○ 재학증명서○ 주민등록등본(보호자의 문경 거주이력 필요)○ 주민등록 초본(학생 본인)○ 저소득 증명서(해당자)○ 장애인 증명서(해당자)○ 특성화고기숙사 입사 증빙서류(해당자)※ 자세한 사항은 첨부파일 또는 홈페이지 참고","http://www.gbmg.go.kr/portalsub/scholarship/","2026-03-30","2026-04-17"
"559 ","문경시장학회","국군체육부대자녀장학생","지자체(출자출연기관)","장학금","지역연고","과학고국제고마이스터고영재고예술고외국어고일반고체육고","1학년2학년3학년제한없음","○ A성적의 과목이 5개 이상인 자","○ 해당없음","○ 100만원","○ 국군체육부대원의 자녀로서 A성적의 과목이 5개 이상인 자","○ 공고일 기준 부 또는 모(또는 보호자)가 문경시에 1년 이상 주소를 두고 있는 관내 고등학교 재학생※ 인사이동에 따른 근무자의 주소이력은 공고일 현재 문경시로 주소를 두어야 함","※ 기관확인필요","○ 2명","○ 1인당 1종류의 장학금 신청만 가능○ 직전년도 문경시장학회 성적우수 장학금 수혜자","○ 학교장 추천","○ 장학금 지원신청서 및 추천서○ 개인정보 제공 및 수집 동의서○ 재학증명서○ 주민등록등본(보호자의 문경 거주이력 필요)○ 주민등록 초본(학생 본인)○ (입학)성적증명서○ 국군체육부대 재직증명서※ 자세한 사항은 첨부파일 또는 홈페이지 참고","http://www.gbmg.go.kr/portalsub/scholarship/","2026-03-30","2026-04-17"
"560 ","문경시장학회","다자녀생활장학생","지자체(출자출연기관)","장학금","지역연고","과학고국제고마이스터고영재고예술고외국어고일반고자율고체육고","1학년2학년3학년제한없음","해당없음","해당없음","○ 100만원","○ 국내 소재 학교 재학생○ 다자녀가정(3명 이상)","○ 선발 공고일 현재 부 또는 모와 다자녀(3명 이상)가 문경시에 1년 이상 주소를 두고 있는 가정","※ 기관확인필요","※ 기관확인필요","○ (재)문경시장학회 기타 장학금과 중복 지원 불가○ 2025년 (재)문경시장학회 문경사랑 장학금 수혜자 제외○ 휴학 중이거나 정학/퇴학 등 징계 처분을 받은 자(단 다른 자녀는 지원 가능)","해당없음","○ 다자녀 생활장학금 지원신청서○ 개인정보 제공 및 수집 동의서○ 재학증명서(관외 고등학교 재학생)○ 주민등록등본○ 가족관계증명서(학생과 부모의 주소가 다른 경우)○ 보호자 통장 사본※ 자세한 사항은 첨부파일 또는 홈페이지 참고","http://www.gbmg.go.kr/portalsub/scholarship/","2025-10-13","2025-10-24"
"561 ","홍천군무궁화장학회","우수학생장학생","지자체(출자출연기관)","장학금","지역연고","과학고국제고마이스터고영재고외국어고일반고","1학년2학년3학년제한없음","해당없음","해당없음","○ 100만원","○ 관내 고등학교 재학생으로 학교별 특색 및 다양한 인재양성 지원을 위해 학교장이 추천한 자","○ 장학생 선발공고일 현재 부모 중 1명 이상 또는 자녀가 홍천군에 주소지를 두고 5년 이상 계속 거주한 자","※ 기관확인필요","○ 0명","해당없음","○ 학교장 추천","○ 신청서○ 서약서○ 개인정보동의○ 주소이전 사항이 기록된 주민등록등본※ 자세한 사항은 첨부파일 또는 홈페이지 참고","https://www.hongcheon.go.kr/","2026-02-09","2026-02-27"
"562 ","홍천군무궁화장학회","예체능특기장학생","지자체(출자출연기관)","장학금","특기자","예술고일반고체육고","해당없음","해당없음","해당없음","○ 100만원","○ 관내중학교를 졸업하고(관외 특수목적 중학교 함/ 관내·외 고등학교에 재학중인 자○ 전년도 문화/예술/체육/기능 분야의 도단위 공인대회 1위 입상 또는 전국단위 이상 공인대회 3위로 입상한 자","○ 장학생 선발공고일 현재 부모 또는 자녀가 홍천군에 주소지를 두고 5년 이상 계속 거주한 자","※ 기관확인필요","※ 기관확인필요","해당없음","해당없음","○ 신청서○ 서약서○ 중학교 졸업증명서○ 개인정보 수집·이용 제공 동의서○ 출입(주소이전)사항이 기록된 주민등록등본○ 가족관계증명서(해당 전년도 수상실적 증명서류(상장 등)○ 재학증명서※ 자세한 사항은 첨부파일 또는 홈페이지 참고","https://www.hongcheon.go.kr/","2026-02-09","2026-02-27"
"563 ","삼성면장학회","성적우수장학","지자체(출자출연기관)","장학금","지역연고","과학고국제고마이스터고영재고예술고외국어고일반고자율고제한없음체육고","1학년2학년3학년제한없음","○ 신입생: 중학교 내신석차 연명부 점수 270점 이상인 자○ 재학생: 직전학년 과목별 석차등급 평균 5등급 이내인 자","해당없음","○ 100만원","해당없음","○ 공고일 현재 1년 이상 삼성면에 주소를 두고 계속 거주하고 있는 면민 또는 면민의 자녀","※ 기관확인필요","○ 9명","※ 기관확인필요","해당없음","○ (공통)신청서(삼성면행정복지센터 구비 서식)○ (공통)주민등록등본(본인 또는 부모 중 주소가 삼성면인 자)○ (공통)통장사본(본인 또는 부모)○ (재학생)생활기록부 사본○ (신입생)중학교 석차연명부○ 가족관계증명서(학생 주소가 음성군이 아닐 시)※ 자세한 사항은 첨부파일 또는 홈페이지 참고","http://www.삼성면장학회.kr/","2026-03-09","2026-03-27"
"564 ","울진군장학재단","울진사랑다자녀장학금","지자체(출자출연기관)","장학금","지역연고","과학고국제고마이스터고영재고예술고외국어고일반고체육고","1학년2학년3학년제한없음","해당없음","해당없음","○ 50만원/인 (2자녀 가구)○ 100만원/인 (3자녀 이상 가구)","○ 다자녀 가구 : 부모 명의 가족관계증명서에 본인을 포함한 형제자매가 2명 이상인 가구","○ 관내고등학교 재학생은 학생 본인이 주민등록상 울진군에 계속하여 1년 이상 주소를 둔 자○ 관외고등학교 재학생은 부모 또는 보호자 모두가 주민등록상 울진군에 계속하여 1년 이상 주소를 두고 거주하는 자","※ 기관확인필요","○ 제한없음","○ 휴학자○ 정학/ 퇴학 등 징계 처분을 받은 자○ 학생만 울진군에 주소를 두고 타 지역 고등학교에 재학 중인 자○ 울진사랑 희망장학금 중복 지급 불가※ 자세한 사항은 첨부파일 또는 홈페이지 참고","해당없음","○ 장학금 신청서○ 고등학교 재학증명서○ 학생의 주민등록 초본○ 보호자의 계좌 사본○ 개인(신용)정보 수집·이용 및 제공·조회 동의서○ 부모 또는 보호자 명의 가족관계증명서※ 자세한 사항은 첨부파일 또는 홈페이지 참고","https://www.uljinsf.kr/albino/bbs/board.phpbo_table=notice&wr_id=1149","2026-05-06","2026-05-22"
"565 ","울진군장학재단","특기장학금(관외)","지자체(출자출연기관)","장학금","지역연고","과학고국제고마이스터고영재고예술고외국어고일반고체육고","1학년2학년3학년제한없음","해당없음","해당없음","○ 개인전 : 1등 100만원 / 2등 70만원/ 3등 50만원※ 자세한 사항은 첨부파일 또는 홈페이지 참고","○ 관련 대회 1~3등 입상자※ 2024.11.01 ~ 2025.10.31 입상자만 신청대상 ※ 자세한 사항은 첨부파일 또는 홈페이지 참고","○ 부모 또는 보호자가 공고일 기준 1년 이상 울진군에 주민등록을 두고 있으며 대상학생이 관내 초등학교 또는 중학교를 졸업한 고등학교 재학생","※ 자세한 사항은 첨부파일 또는 홈페이지 참고","○ 정해진 인원 없음※ 자세한 사항은 첨부파일 또는 홈페이지 참고","○ 공고일 현재 휴학중이거나 정학/ 퇴학 등 징계 처분을 받은 자※ 자세한 사항은 첨부파일 또는 홈페이지 참고","해당없음","○ 장학금 신청서○ 고등학교 재학증명서○ 특기장학생 추천서○ 예체능 대회 입상 실적증명 또는 상장 사본○ 개인정보 수집이용 및 제공 조회 동의서○ 보호자의 계좌 사본○ 부모 또는 보호자명의 가족관계증명서 ○ 부모의 주민등록 초본○ 관내 초등학교 또는 중학교 졸업증명서 ※ 자세한 사항은 첨부파일 또는 홈페이지 참고","http://www.uljinsf.kr/albino/index1.php","2025-11-05","2025-11-19"
"566 ","강진군민장학재단","성적우수장학생","지자체(출자출연기관)","장학금","지역연고","과학고국제고마이스터고영재고외국어고일반고특성화고","1학년2학년3학년제한없음","○ 직전학기 성적 상위 20% 이내","○ 재산세 50만원 이하","○ 50만원","○ 강진군 관내 학교에 재학 중인 자","○ 공고일 현재 본인 또는 보호자가 강진군 내에 1년 이상 주소를 두고 실제 거주하고 있는 자","○ 성적 900 / 생활정도 100○ 신청서 접수 강진군민장학재단 이사회 심의·확정","○ 일반고 : 6명○ 특성화고 : 3명","○ 2026년도 중·고 성적향상 장학생○ 이중·허위 수혜자 적발 시 장학금 회수 및 3년간 장학금 지원 제외※ 자세한 사항은 첨부파일 또는 홈페이지 참고","해당없음","○ 강민군민장학재단 장학금 신청서○ 주민등록등본○ 가족관계증명서○ 개인정보 수집·이용 및 제공·조회 동의서○ 장학금 지급 통장 사본○ 세목별 과세 증명서○ 건강보험료 납부확인서(26년 5월~26년7월/납부자 모두 1부씩)○ 건강보험료 자격확인서(자격득실확인서X)○ 직전학기 성적증명서○ 재학증명서 ※ 자세한 사항은 첨부파일 또는 홈페이지 참고","http://www.gangjin.go.kr","2026-08-05","2026-08-28"
"567 ","강진군민장학재단","특기장학생","지자체(출자출연기관)","장학금","특기자","과학고국제고마이스터고영재고예술고외국어고일반고체육고","1학년2학년3학년제한없음","해당없음","해당없음","○ 70만원","○ 체육/과학/컴퓨터/문화예술/만화/기술/수학 및 외국어경시/기능올림픽 입상자 등○ 직전 학기 기간 중 도 단위 협회/연맹 이상의 단체나 기관에서 주관한 전국대회 3위 이내 입상자(장려상 포함)○ 전라남도대회 3위 이내 입상자 또는 이와 동등한 정도의 수상자로 강진군 및 대한민국을 빛낸 자","○ 공고일 현재 본인 또는 보호자가 강진군 내에 1년 이상 주소를 두고 실제 거주하고 있는 자○ 강진군 관내 학교에 재학 중인 자(관외고 재학생도 관내 중학교 졸업한 경우 신청 가능)","○ 상위 입상자/수상 회수 다수자 우선○ 체육 분야는 단체보다 개인성적 우선","○ 1명","○ 이중·허위 수혜자 적발 시 장학금 회수 및 3년간 장학금 지원 제외○ 1가족당 1명만 신청○ 2026년도 중·고 성적향상 장학생※ 자세한 사항은 첨부파일 또는 홈페이지 참고","해당없음","○ 강민군민장학재단 장학금 신청서○ 주민등록등본○ 가족관계증명서○ 개인정보 수집·이용 및 제공·조회 동의서○ 장학금 지급 통장 사본○ 재학증명서○ 관내 중학교 졸업증명서(해당자)○ 수상 증서 사본 등 입상 증명서※ 자세한 사항은 첨부파일 또는 홈페이지 참고","http://www.gangjin.go.kr","2026-08-05","2026-08-28"
"568 ","강진군민장학재단","복지장학생","지자체(출자출연기관)","장학금","지역연고","과학고국제고마이스터고영재고예술고외국어고일반고체육고","1학년2학년3학년제한없음","○ 직전학기 성적 상위 50% 이내인 자","○ 보호자 재산세 10만원 이하","○ 50만원","○ 강진군 관내 학교에 재학 중인 자","○ 공고일 현재 본인 또는 보호자가 강진군 내에 1년 이상 주소를 두고 실제 거주하고 있는 자","○ 성적 300 / 재산세 350점 / 건강보험료 납입액 350점○ 경제적으로 어려운 자 우선","○ 8명","○ 이중·허위 수혜자 적발 시 장학금 회수 및 3년간 장학금 지원 제외○ 1가족당 1명만 신청○ 2026년도 중·고 성적향상 장학생※ 자세한 사항은 첨부파일 또는 홈페이지 참고","해당없음","○ 강민군민장학재단 장학금 신청서○ 주민등록등본○ 가족관계증명서○ 개인정보 수집·이용 및 제공·조회 동의서○ 장학금 지급 통장 사본○ 세목별 과세 증명서○ 건강보험료 납부확인서(26년 5월~26년 7월/납부자 모두 1부씩)○ 건강보험료 자격확인서(자격득실확인서X)○ 직전학기 성적증명서○ 재학증명서※ 자세한 사항은 첨부파일 또는 홈페이지 참고","http://www.gangjin.go.kr","2026-08-05","2026-08-28"
"569 ","강진군민장학재단","다문화장학생","지자체(출자출연기관)","장학금","지역연고","과학고국제고마이스터고영재고예술고외국어고일반고체육고","1학년2학년3학년제한없음","○ 직전학기 성적 상위 50% 이내인 자","○ 보호자 재산세 50만 원 이하","○ 50만원","○ 강진군 관내 학교에 재학 중인 자○ 강진군에 거주하는 다문화가정으로 가정형편이 어려운 자","○ 공고일 현재 본인 또는 보호자가 강진군 내에 1년 이상 주소를 두고 실제 거주하고 있는 자","○ 성적 500 / 재산세 250 / 건강보험료 납입액 250○ 경제적으로 어려운 자 우선○ 신청서 접수/ 강진군민장학재단 이사회 심의·확정","○ 2명","○ 이중·허위 수혜자 적발 시 장학금 회수 및 3년간 장학금 지원 제외○ 1가족당 1명만 신청○ 2026년도 중/고 성적향상 장학생※ 자세한 사항은 첨부파일 또는 홈페이지 참고","해당없음","○ 강민군민장학재단 장학금 신청서○ 주민등록등본○ 가족관계증명서○ 개인정보 수집·이용 및 제공·조회 동의서○ 장학금 지급 통장 사본○ 세목별 과세 증명서○ 건강보험료 납부확인서(26년 5월~26년 7월/납부자 모두 1부씩)○ 건강보험료 자격확인서(자격득실확인서X)○ 직전학기 성적증명서○ 재학증명서○ 혼인관계증명서※ 자세한 사항은 첨부파일 또는 홈페이지 참고","http://www.gangjin.go.kr","2026-08-05","2026-08-28"
"570 ","강진군민장학재단","한부모/가정위탁장학생","지자체(출자출연기관)","장학금","지역연고","과학고국제고마이스터고영재고예술고외국어고일반고체육고","1학년2학년3학년제한없음","○ 직전학기 성적 상위 70% 이내인 자","○ 보호자 재산세 50만원 이하","○ 50만원","○ 강진군 관내 학교에 재학 중인 자○ 강진군에 거주하는 한부모 및 가정위탁 가정으로 가정형편이 어려운 자","○ 공고일 현재 본인 또는 보호자가 강진군 내에 1년 이상 주소를 두고 실제 거주하고 있는 자","○ 성적 500 / 재산세 250 / 건강보험료 납입액 250○ 경제적으로 어려운 자 우선","○ 3명","○ 이중·허위 수혜자 적발 시 장학금 회수 및 3년간 장학금 지원 제외○ 1가족당 1명만 신청○ 2026년도 중·고 성적향상 장학생※ 자세한 사항은 첨부파일 또는 홈페이지 참고","해당없음","○ 강민군민장학재단 장학금 신청서○ 주민등록등본○ 가족관계증명서○ 개인정보 수집·이용 및 제공·조회 동의서○ 장학금 지급 통장 사본○ 세목별 과세 증명서○ 건강보험료 납부확인서(26년 5월~26년 7월/납부자 모두 1부씩)○ 건강보험료 자격확인서(자격득실확인서X)○ 직전학기 성적증명서○ 재학증명서○ 한부모가족증명서/가정위탁은 지원담당자 날인※ 자세한 사항은 첨부파일 또는 홈페이지 참고","http://www.gangjin.go.kr","2026-08-05","2026-08-28"
"571 ","강진군민장학재단","다자녀장학생","지자체(출자출연기관)","장학금","지역연고","과학고국제고마이스터고영재고예술고외국어고일반고체육고","1학년2학년3학년제한없음","○ 직전학기 성적 상위 50% 이내인 자","○ 보호자  재산세 50만원 이하","○ 50만원","○ 강진군 다산 정책에 적극적이고 자녀수가 3인 이상 가정으로 신청자가 고등학교에 재학 중이거나 진학 예정자","○ 공고일 현재 본인 또는 보호자가 강진군 내에 1년 이상 주소를 두고 실제 거주하고 있는 자","○ 성적 500 / 재산세 250 / 건강보험료 납입액 250○ 경제적으로 어려운 자가 우선이며 다자녀 시 가중치 부여○ 자녀수가 4인 이상인 경우는 20점 가산점 부여","○ 12명","○ 이중/허위 수혜자 적발 시 장학금 회수 및 3년간 장학금 지원 제외○ 1가족당 1명만 신청○ 2026년도 중·고 성적향상 장학생※ 자세한 사항은 첨부파일 또는 홈페이지 참고","해당없음","○ 강민군민장학재단 장학금 신청서○ 주민등록등본○ 가족관계증명서(3자녀 이상)○ 개인정보 수집·이용 및 제공·조회 동의서○ 장학금 지급 통장 사본○ 세목별 과세 증명서○ 건강보험료 납부확인서(26년 5월~26년 7월/납부자 모두 1부씩)○ 건강보험료 자격확인서(자격득실확인서X)○ 직전학기 성적증명서○ 재학증명서※ 자세한 사항은 첨부파일 또는 홈페이지 참고","http://www.gangjin.go.kr","2026-08-05","2026-08-28"
"572 ","강진군민장학재단","귀농인자녀장학생","지자체(출자출연기관)","장학금","지역연고","과학고국제고마이스터고영재고예술고외국어고일반고체육고","1학년2학년3학년제한없음","○ 직전학기 성적 상위 50% 이내인 자","○ 보호자 재산세 50만원 이하","○ 50만원","○ 강진군 관내 학교에 재학 중인 자○ 공고일 현재 1년 전부터 강진군에 주소를 두고 거주하는 귀농인 자녀","○ 공고일 현재 본인 또는 보호자가 강진군 내에 1년 이상 주소를 두고 실제 거주하고 있는 자","○ 성적 500 / 재산세 250 / 건강보험료 납입액 250○ 경제적으로 어려운 자 우선○ 신청서 접수/ 강진군민장학재단 이사회 심의·확정","○ 2명","○ 이중·허위 수혜자 적발 시 장학금 회수 및 3년간 장학금 지원 제외○ 1가족당 1명만 신청○ 2026년도 중/고 성적향상 장학생※ 자세한 사항은 첨부파일 또는 홈페이지 참고","해당없음","○ 강민군민장학재단 장학금 신청서○ 주민등록등본○ 가족관계증명서○ 개인정보 수집·이용 및 제공·조회 동의서○ 장학금 지급 통장 사본○ 세목별 과세 증명서○ 건강보험료 납부확인서(26년 5월~26년 7월/납부자 모두 1부씩)○ 건강보험료 자격확인서(자격득실확인서X)○ 직전학기 성적증명서○ 재학증명서○ 농업경영체등록확인서※ 자세한 사항은 첨부파일 또는 홈페이지 참고","http://www.gangjin.go.kr","2026-08-05","2026-08-28"
"573 ","꿈나무가꾸기명정장학재단","동지장학생","기타","장학금","기타","과학고국제고마이스터고영재고예술고외국어고일반고자율고제한없음체육고","1학년2학년3학년제한없음","해당없음","해당없음","○ 50만원","○ 자신의 꿈을 향해 도전하고 학업에 대한 기본적인 소양과 성실함을 갖춘 학생이면 누구나 지원 가능","해당없음","※ 기관확인필요","○ 10명","※ 기관확인필요","해당없음","○ 추천서○ 재학증명서○ 성적증명서○ 자기소개서○ 개인정보제공동의서○ 통장사본 (선발 후 제출)※ 자세한 사항은 첨부파일 또는 홈페이지 참고","https://mjsf.co.kr","2025-11-11","2025-12-10"
"574 ","꿈나무가꾸기명정장학재단","초파일 장학생","기타","장학금","기타","과학고국제고마이스터고영재고예술고외국어고일반고자율고제한없음체육고","1학년2학년3학년제한없음","해당없음","해당없음","○ 50만원","○ 자신의 꿈을 향해 도전하고 학업에 대한 기본적인 소양과 성실함을 갖춘 학생이면 누구나 지원 가능","해당없음","※ 기관확인필요","○ 10명","※ 기관확인필요","○ 추천인의 추천 필요","○ 추천서○ 재학증명서○ 성적증명서○ 자기소개서○ 개인정보제공동의서○ 학생본인 명의의 통장사본(선발 후 제출)※ 자세한 사항은 첨부파일 또는 홈페이지 참고","https://mjsf.co.kr","2026-04-15","2026-05-15"
"575 ","재단법인이화장학회","이화장학회장학금","기타","장학금","특기자","과학고국제고마이스터고영재고예술고외국어고일반고자율고제한없음체육고","1학년2학년3학년제한없음","해당없음","해당없음","○ 150~200만원","○ 예체능 분야 우수자(시/도 대회 우승자 이상 또는 이에 준하는 자)","해당없음","※ 기관확인필요","○ 2인 이내","○ 재적 학교에서 징계처벌을 받았거나 장기간 학업을 계속할 수 없는 자 ○ 제출된 서류의 내용이 사실과 다른 자○ 학업성적이나 기타의 자격이 선발기준에 미달 또는 위배되는 자","○ 지원장 추천","○ 장학금 신청서○ 추천서※ 자세한 사항은 첨부파일 또는 홈페이지 참고","http://www.leewhajanghak.co.kr","2026-07-02","2026-07-31"
"576 ","구례군청","인재육성장학생","지자체(출자출연기관)","장학금","지역연고","일반고","1학년2학년3학년제한없음","○ 성적우수 전형○ 신입생: 입학성적 석차가 상위 10% 이내인 자○ 재학생: 전년도 학년말 전체 성적의 석차가 상위 20% 이내인 자○ 저소득층 전형○ 신입생: 입학 성적 석차가 상위 40% 이내인 자○ 재학생: 전년도 학년말 과목별 성적이 ""미"" 이상인 자","○ 저소득층 전형: 국민기초생활수급자","○ 1인당 100만원","해당없음","○ 대학생: 지원 대상자 본인 또는 그 보호자가 신청일 현재 구례군에 주민등록을 두고 2년 이상 거주한 경우○ 초중고등학생: 관내 소재 학교에 재학 중인 학생에 한해 지원","※ 기관확인필요","○ 구례고: 25명 / 전남자연과학고: 20명","해당없음","○ 전남자연과학고등학교장 추천○ 구례고등학교장 추천","○ 인재육성장학금 신청서○ 개인정보 수집이용 및 제공조회 동의서○ 학생 본인명의의 통장사본○ 도단위 대회입상 관련 증빙서 (해당자)○ 추천공문※ 자세한 사항은 첨부파일 또는 홈페이지 참고","http://www.gurye.go.kr","2025-03-05","2025-03-14"
"577 ","한국선원복지고용센터","선원가족장학생","기타","장학금","소득구분","과학고국제고마이스터고영재고예술고외국어고일반고체육고","1학년2학년3학년제한없음","해당없음","○ 2025년도 선원월평균임금 이하※ 자세한 사항은 첨부파일 또는 홈페이지 참고","○ 120만원","○ 선원법 제3조 적용선박에 승선 및 하선한 선원 및 그 가족(고등학생 혹은 대학생)○ 단 선원이 손자·손녀를 직접 부양할 경우와 형제 중 가족의 생계를 책임지고 있는 경우 선원이 세대주일 (양부모가 없는 경우에 한함)○ 승무경력이 총 3년 이상으로 하선 후 1년 이내 (연근해어선 부원은 1년 이상)※ 자세한 사항은 첨부파일 또는 홈페이지 참고","해당없음","○ 순직선원 유가족> 장해선원 가족 > 기초수급자 선원가족 > 차상위계층 선원가족 > 다자녀가정의 셋째 이상 선원 가족 > 한부모가정 선원가족 > 신규 신청 선원가족 > 20년 이상의 장기승선 선원가족 > 그밖의 선원 가족※ 자세한 사항은 첨부파일 또는 홈페이지 참고","○ 00명※ 선발인원은 예산범위 내에서 조정될 수 있음","○ 학비(수업료)를 면제 받는 경우○ 연간 120만원이상 사내 학자금 및 타 기관 장학금을 지원받는 경우○ 선원법(제3조) 적용 제외 선박○ 선박소유자○ 관공선 선원※ 자세한 사항은 첨부파일 또는 홈페이지 참고","해당없음","○ 소정양식 (홈페이지 양식 다운) 각 1부○ 월평균급여증명서류 1부○ 승무경력증명서(해당자) 1부○ 가족관계증명서 1부○ 재학증명서 1부○ 등록금 납부내역 또는 교육비 납입증명서 1부○ 기타서류(해당자)※ 자세한 사항은 첨부파일 또는 홈페이지 참고","https://www.koswec.or.kr","2026-09-01","2026-10-23"
"578 ","화물복지재단","교통사고 생계지원금","기타","장학금","해당없음","과학고국제고마이스터고영재고예술고외국어고일반고자율고제한없음체육고","1학년2학년3학년제한없음","해당없음","해당없음","○ 교통사고 : 1000만원○ 그 밖의 사고 : 500만원","○ 화물운송과 관련된 업무 중 사고로 사망한 사업용 화물자동차 운전자의 유가족○ 사고일 기준 1년 이내 신청※ 자세한 사항은 첨부파일 또는 홈페이지 참고","해당없음","○ 재단의 심사평가위원회 심사결과에 따름○ 심사주기 : 3~4개월 단위","※ 기관확인필요","○ 사고 내용이 위법으로 판명시 지원 대상에서 제외※ 자세한 사항은 첨부파일 또는 홈페이지 참고","해당없음","○ 교통사고 생계 지원사업 신청서○ 개인정보 수집·이용 및 제3자 제공동의서○ 교통사고 사실확인원○ 사망진단서○ 화물운송종사자격증 사본○ 유가보조금 할인내역서○ 가족관계증명서○ 신청자 명의의 통장사본※ 자세한 사항은 첨부파일 또는 홈페이지 참고","https://www.fordrivers.or.kr","2026-01-02","2026-12-31"
"579 ","수성미래교육재단","수성인재장학생(모범)","지자체(출자출연기관)","장학금","지역연고","과학고국제고마이스터고영재고예술고외국어고일반고자율고제한없음체육고","1학년","해당없음","해당없음","○ 100만원","○ 선행 / 효행 / 봉사 / 노력 등의 공적이 인정되어 국가 / 지방자치단체 / 정부기관의 표창을 받은 학생(각급 학교장 표창 제외)○ 모범된 행동으로 언론에 보도된 학생※ 자세한 사항은 첨부파일 또는 홈페이지 참고","○ 공고일 현재 본인 또는 부모(친권자)가 수성구에 1년 이상 거주하고 있는 대구시 내 소재 고등학교 재학생 또는 학교 밖 청소년","※ 자세한 사항은 첨부파일 또는 홈페이지 참고","○ 3명","○ 공고일 직전 1년간 징계·형사처분 받은 경우※ 자세한 사항은 첨부파일 또는 홈페이지 참고","○ 학교장 추천서 제출","○ 장학금 지원 신청서○ 장학생 추천서○ 신청인 서약서○ 개인정보 수집·이용·제공 및 조회동의서○ 주민등록 등본○ 통장사본○ 표창장 사본 또는 언론보도 자료○ 추가배점 증빙서류(해당자)※ 자세한 사항은 첨부파일 또는 홈페이지 참고","http://www.suseongij.or.kr/ ","2025-09-16","2025-09-30"
"580 ","대전광역시 동구차세대인재육성장학재단","초지장학생(저소득)","지자체(출자출연기관)","장학금","지역연고","과학고국제고마이스터고영재고예술고외국어고일반고자율고제한없음체육고","1학년2학년3학년제한없음","○ 2025년도 상반기 성적이 등급을 산정하는 모든 과목의 등급 평균 6등급 이내인 자※ 고등학교 1학년은 3.5등급(5등급제 적용)이내인 자","○ 가정형편이 어려운 자(국민기초생활수급자/차상위계층/한부모가정 등)","○ 100만원","해당없음","○ 선발공고일 현재 동구에 주소를 두고 1년 이상 계속 거주하는 자 또는 1년 이상 계속 거주하는 자의 자녀○ 대전광역시 소재 고등학교 재학생","○ 소득 학업성적 등을 종합 고려하여 장학생선발심의위원회의 심의를 거쳐 고득점자순으로 선발○ 우선순위 : 가정형편/학업성적/고학년 순으로 결정","○ 고등학생 20명 / 학교별 2명 이내 추천","○ 2025년도 타 장학금 수혜자는 제외※ 자세한 사항은 첨부파일 또는 홈페이지 참고","○ 학교장 추천","○ 장학금 지원 신청서○ 장학생 추천서○ 생활기록부 사본○ 주민등록 등본(주소변동사항 포함)○ 사회복지급여대상 증명서○ 국민건강보험료 납부영수증 사본○ 보호자 통장사본○ 국가유공자/장애인 등 증명서(필요시)○ 개인정보 제공 동의서※ 자세한 사항은 첨부파일 또는 홈페이지 참고","https://www.donggu.go.kr","2025-09-15","2025-09-26"
"581 ","한재공익재단","한재 고교장학생 장학금","기타","장학금","해당없음","과학고국제고마이스터고영재고예술고외국어고일반고자율고제한없음체육고","2학년","○ 학교 내신성적이 학년 전체 평균 2.5등급 이내인 학생(1학년 전체성적 2학년 1학기 성적) 또는 25년도 모의고사 성적(국수)이 백분위 95%이상인 학생","해당없음","○ 1인당 연 360만원(생활지원금 매월 30만원)","○ 서울특별시 소재 고등학교 2학년 재학생○ 인성이 올바른 자로서 사람들과 조화를 이루는 품성을 지닌 자○ 진로 설계가 분명하고 미래에 대한 목표의식이 뚜렷한 자○ 학생 본분에 맞는 행동으로 다른 학우들에게 모범이 되는 자","○ 서울특별시 소재 고등학교 학생","○ 학업성적과 자기소개서/추천서를 통한 인성 평가 및 장래성 검토","○ 00명 학교별 2명 추천","○ 타 공익재단 이중 수혜 불가","○ 고교 추천","○ 학교장 추천서○ 생활기록부 사본○ 전국연합모의고사 성적○ 주민등록등본○ 가족관계증명서○ 재산제 관련 증빙서류※ 자세한 사항은 첨부파일 또는 홈페이지 참고"," https://www.hanjaefoundation.org/about/about_060100.html","2025-10-22","2025-11-27"
"582 ","경상남도장학회","국제대회지원 장학생","지자체(출자출연기관)","장학금","해당없음","과학고국제고마이스터고영재고예술고외국어고일반고자율고제한없음체육고","1학년2학년3학년제한없음","○ 해당없음","○ 기준 중위소득 150% 이하 가구의 학생","○ 국제대회 준비금 : 50만원○ 수상 인센티브(국제대회 준비금 수혜자만 해당) : 1위 100만원/2위 70만원/3위 50만원","○ 국내/외에서 개최하는 국제대회에 참가하는 개인 및 단체","○ 공고일 기준 현재 도내 주민등록상 주소지를 두고 있는 자(학생 및 보호자)","○ 서류심사","○ 60명","○ 정학 등 징계받은 자○ 형사처벌(처분)을 받은 자○ 학교폭력예방 및 대책에 관한 법률 제17조제1항 각 호에 해당하는 조치를 받은 자","○ 해당없음","○ 국제대회지원 장학금 신청서○ 개인정보 수집 이용 등 동의서○ 접수증○ 재학증명서※ 자세한 사항은 첨부파일 또는 홈페이지 참고","https://www.gyeongnam.go.kr","2026-03-06","2026-10-30"
"583 ","재단법인 안산인재육성재단","학교밖청소년장학생","지자체(출자출연기관)","장학금","지역연고","과학고국제고마이스터고영재고예술고외국어고일반고자율고제한없음체육고","1학년2학년3학년제한없음","○ 해당없음","○ 해당없음","○ 100만원 이내○ 검정고시 학원비 및 교재비○ 진로 선택을 위한 자격증 취득 및 직업훈련 수강료 및 교재비","○ 관련 법에 따라 초등학교/중학교 또는 이와 동일한 과정을 교육하는 학교에 입학한 후 3개월 이상 결석하거나 취학의무를 유예한 청소년○ 관련 법에 따라 고등학교 또는 이와 동일한 과정을 교육하는 학교에서 제적/퇴학 처분을 받거나 자퇴거나 진학하지 않은 청소년※ 자세한 사항은 첨부파일 또는 홈페이지 참고","○ 선발 공고일 현재 안산시에 계속하여 3년 이상 주민등록을 두고 거주하거나 합산 10년 이상 주민등록을 두고 거주하는 청소년","○ 생활상황(15) 안산시거주(5)※ 자세한 사항은 첨부파일 또는 홈페이지 참고","○ 10명","○ 군입대/ 건강상의 이유로 교육과정을 계속할 수 없는 경우○ 출석률 60% 미만시※ 자세한 사항은 첨부파일 또는 홈페이지 참고","○ 최종 재학 학교장 / 청소년기관장 /사회복지기관장 / 주소지 동장이 추천 (추천권자가 추천 공문과 함께 구비서류 제출)","○ 장학생 추천서○ 개인정보 수집·이용 동의서○ 미래계획서○ 서약서○ 본인 주민등록초본○ 통장사본○ 학원비 납입 영수증 / 수강확인증 / 사업자 등록증(해당자)○ 생활상황 증빙서류 (해당자)※ 자세한 사항은 첨부파일 또는 홈페이지 참고","http://www.ansanfys.go.kr","2026-03-30","2026-04-10"
"584 ","재단법인 안산인재육성재단","특별장학생(18세 이하 청소년 및 자립준비청년)","기타","장학금","지역연고","과학고국제고마이스터고영재고예술고외국어고일반고자율고제한없음체육고","1학년2학년3학년제한없음","해당없음","※ 자세한 사항은 첨부파일 또는 홈페이지 참고","○ 연 50만원 ","○ 공고일 현재 관내 거주 18세 이하 청소년 및 자립준비청년○ 아래 사항 택 중 1 기초생활수급자 / 차상위계층 / 법정한부모 가정 소득 기준에 따른 저소득층 (기준 중위소득 100% 이하) 가정 긴급복지지원법에 따른 위기상황에 처한 긴급지원대상 가정의 자녀 다양한 분야의 우수한 청소년 자립준비청년","○ 공고일 현재 안산시 거주","○ 추천권자가 자격요건에 적합한 학생을 배정인원에 맞게 추천○ 긴급지원대상> 기초수급자 > 차상위 > 한부모 > 저소득 > 자립준비청년>다양한 분야 우수 순 우선선발○ 동점자 처리 기준 : 안산시 장기 거주자 우선○ 최종 선발 : 추천 후보자를 장학생 선발기준에 의거 이사회 의결※ 자세한 사항은 첨부파일 또는 홈페이지 참고","○ 46명","○ 2026년도 1차(특별/문화/예술/체육/기능) 장학생 중복수혜 불가","○ 주소지 동장○ 경찰서장○ 관련 기관장○ 재단의 기부자 (추천기관을 통해 일괄접수)","○ 장학생 추천서○ 개인정보 및 영상정보 수집·이용 동의서 1부○ 서약서○ 본인 주민등록표 초본 1부○ 통장사본 1부○ 저소득 증빙서류(해당자)○ 다양한 분야의 특기를 증명할 수 있는 서류○ 생활상황 증빙서류(해당자)※ 자세한 사항은 첨부파일 또는 홈페이지 참고","https://www.ansanfys.or.kr/sub02/sub01.phptype=view&uid=796","2026-08-31","2026-09-11"
"585 ","재단법인 안산인재육성재단","상호문화어울림장학금","지자체(출자출연기관)","장학금","해당없음","과학고국제고마이스터고영재고예술고외국어고일반고자율고제한없음체육고","1학년2학년3학년제한없음","※ 자세한 사항은 첨부파일 또는 홈페이지 참고","○ 기초생활수급자 차상위계층 법정한부모 저소득(기준중위소득 100% 이내)","○ 50만원","○ 공고일 기준 다문화 중도입국 외국인 북한이탈 제3국 출생 탈북난민 청소년","○ 선발 공고일 기준 안산시에 1년 이상 주민등록을 두고 거주","※ 자세한 사항은 첨부파일 또는 홈페이지 참고","○ 30명","※ 자세한 사항은 첨부파일 또는 홈페이지 참고","○ 추천권자(학교장 주소지 동장 사회복지관련기관장) 의 추천을 받아 공문과 함께 추천기관별 신청","○ 장학생 추천서○ 서약서○ 개인정보 및 영상정부 수집 이용 동의서○ 통장 사본※ 자세한 사항은 첨부파일 또는 홈페이지 참고","https://www/ansanfys.or.kr","2026-08-31","2026-09-11"
"586 ","박기주장학재단","미래희망인재육성 장학생","기타","장학금","기타","과학고국제고마이스터고영재고예술고외국어고일반고자율고제한없음체육고","1학년2학년3학년제한없음","해당없음","해당없음","○ 총 3천500만원※ 지급 범위 내 조정하여 지원","○ 초·중·고·대학(원) 재학 중인 자로서 재단 목적 사업 실현에 걸맞는 품성을 지닌 미래 인재 학생○ 성실하며 품행이 단정하여 모범이 되는 학생○ 평소 남을 위해 봉사활동을 해온 학생○ 특기가 있으나 가정형편이 어려워 외부지원이 필요한 학생 등※ 자세한 사항은 첨부파일 또는 홈페이지 참고","해당없음","※ 기관확인필요","※ 지급금액 범위 내 선발인원 조정","○ 징계 처분 사실이 있을 때○ 허위기재 사실이 밝혀질 때○ 중복수혜 금지※ 자세한 사항은 첨부파일 또는 홈페이지 참고","○ 학교장 또는 관련기관장의 추천서 제출","○ 홈페이지에 접속하여 [장학신청] → [공고] 또는 [양식 다운로드] 에서 구비서류 다운 받아 작성○ 장학금 지원신청서○ 장학생 추천 및 타 장학금 수혜 확인서○ 주민등록등본○ 개인정보 수집·이용·제공 및 조회 동의서○ 보호자(본인) 통장 사본※ 자세한 사항은 첨부파일 또는 홈페이지 참고","http://www.pkj.or.kr/","2026-04-29","2026-05-13"
"587 ","용인시장학재단(학생지원)","우수장학금","지자체(출자출연기관)","장학금","지역연고","과학고국제고마이스터고영재고외국어고일반고","해당없음","○ 직전년도 성적상위 15% 이내","○ 해당없음","○ 50만원","○ 용인시 관내·관외 고등학교 재학생으로 성적 우수자","○ 공고일 현재 용인시에 주민등록을 두고 2년 이상 거주하고 있는 시민 및 시민의 직계비속","※ 기관확인필요","○ 성적우수 관내 고등학생: 147명○ 성적우수 관외 고등학생: 3명","○ 신청년도 타 장학금 수혜자※ 자세한 사항은 첨부파일 또는 홈페이지 참고","○ 소속 학교장 추천","○ 장학금 지원신청서○ 장학금 지원대상자 추천서○ 개인정보 수집/이용/제공 및 조회동의서○ 신청인 서약서○ 주소이력을 포함한 주민등록 등본 또는 초본○ 성적증명서○ 장학금 비수혜 확인서○ 재학증명서※ 자세한 사항은 첨부파일 또는 홈페이지 참고","http://www.yijanghak.or.kr","2026-03-18","2026-04-10"
"588 ","용인시장학재단(학생지원)","기능장학금","지자체(출자출연기관)","장학금","지역연고","과학고예술고체육고","해당없음","○ 해당없음","○ 해당없음","○ 50만원","○ 행정기관의 장 또는 각급학교장 등이 주최한 예.체.기능 관련 각종 공인대회에서 3위 이내 입상한 자","○ 공고일 현재 용인시에 주민등록을 두고 2년 이상 계속하여 거주하고 있는 시민 및 시민의 직계비속","※ 기관확인필요","○ 25명","○ 신청년도 타 장학금 수혜자","○ 학교장 추천","○ 장학금 지원신청서○ 장학금 지원대상자 추천서○ 주소이력을 포함한 주민등록등본 또는 초본○ 교육·문화·체육·예술·IT 분야 등 직전년도 각종대회 수상실적 증명 또는 상장 사본○ 장학금 비수혜 확인서○ 재학증명서※ 자세한 사항은 첨부파일 또는 홈페이지 참고","http://www.yijanghak.or.kr","2026-03-18","2026-04-10"
"589 ","용인시장학재단(학생지원)","효행장학금","지자체(출자출연기관)","장학금","지역연고","과학고국제고마이스터고영재고외국어고일반고","해당없음","○ 해당없음","○ 해당없음","○ 50만원","○ 중학생 이상 각급학교 재학생으로 품행이 바르고 공경을 몸소 실천 함으로서 그의 행실이 타의 귀감이 되는 학생","○ 공고일 현재 용인시에 주민등록을 두고 2년 이상 계속하여 거주하고 있는 시민 및 시민의 직계비속","※ 기관확인필요","○ 총 1명","○ 신청년도 타 장학금 수혜자※ 자세한 사항은 첨부파일 또는 홈페이지 참고","○ 사전 해당학교장의 추천을 받아 읍·면·동장이 추천","○ 장학금 지원신청서○ 장학금 지원대상자 추천서○ 주소이력을 포함한 주민등록 등본 또는 초본○ 읍·면·동장의 공적조서○ 장학금 비수혜 확인서○ 재학증명서※ 자세한 사항은 첨부파일 또는 홈페이지 참고","http://www.yijanghak.or.kr","2026-03-18","2026-04-10"
"590 ","용인시장학재단(학생지원)","무지개장학금","지자체(출자출연기관)","장학금","지역연고","과학고국제고마이스터고영재고예술고외국어고일반고체육고","1학년2학년3학년제한없음","○ 해당없음","○ 해당없음","○ 50만원","○ 다문화 가정의 자녀 1인","○ 공고일 현재 용인시에 주민등록을 두고 2년 이상 계속하여 거주하고 있는 시민 및 시민의 직계비속","○ 신청자가 많을시 다자녀 순으로 선발 (동일 자녀수에서는 나이가 많은 순으로 선발)","○ 80명","○ 신청년도 타 장학금 수혜자※ 자세한 사항은 첨부파일 또는 홈페이지 참고","○ 소속학교장의 추천○ 용인시장","○ 장학금 지원신청서○ 장학금 지원대상자 추천서○ 주소이력을 포함한 주민등록 등본○ 장학금 비수혜 확인서○ 재학증명서○ 개인정보 수집·이용·제공 및 조회동의서 ※ 자세한 사항은 첨부파일 또는 홈페이지 참고","http://www.yijanghak.or.kr","2026-03-18","2026-04-10"
"591 ","용인시장학재단(학생지원)","곰두리장학금","지자체(출자출연기관)","장학금","지역연고","과학고국제고마이스터고영재고예술고외국어고일반고체육고","1학년2학년3학년제한없음","○ 해당없음","○ 해당없음","○ 50만원","○ 용인시 등록 장애인 학생","○ 공고일 현재 용인시에 주민등록을 두고 2년 이상 계속하여 거주하고 있는 시민 및 시민의 직계비속","※ 기관확인필요","○ 32명","○ 신청년도 타 장학금 수혜자※ 자세한 사항은 첨부파일 또는 홈페이지 참고","○ 용인시장(용인시 장애인복지과장)","○ 장학금 지원신청서○ 장학금 지원대상자 추천서○ 주소이력을 포함한 주민등록 등본○ 장학금 비수혜 확인서○ 재학증명서○ 장애인 증빙서※ 자세한 사항은 첨부파일 또는 홈페이지 참고","http://www.yijanghak.or.kr","2026-03-18","2026-04-10"
"592 ","(사)의령군장학회","기초생활수급자녀장학금","지자체(출자출연기관)","장학금","지역연고","과학고국제고마이스터고영재고예술고외국어고일반고체육고","1학년2학년3학년제한없음","○ 직전 학년 교과목 평균 100점 만점 50점 이상인 학생","○ 기초생활수급자 가정","○ 100만원","○ 관내 고등학교 재학생○ 자유학년제 또는 자유학기제 이수자","○ 신청일 현재 의령군 관내 6개월 이상 계속해서 주소를 두고 있는 군민 또는 군민의 자녀"," ※ 기관확인필요","※ 기관확인필요","○ 품행이 극히 불량하고 학업성적이 자격수준 이하로 떨어졌을 때○ 퇴학 또는 정학 이상의 징계처분을 받거나 기타 사유로 학업을 중단하였을 경우※ 자세한 사항은 첨부파일 또는 홈페이지 참고","○ 학교장의 일괄 제출로 선발(개인신청 불가)","○ 장학생지원서○ 학교장의 장학생 추천서○ 주민등록 등본○ 통장사본○ 기초생활수급자증명서○ 직전학년 성적증명서※ 자세한 사항은 첨부파일 또는 홈페이지 참고","http://www.uiryeong.go.kr/edu/index.uiryeong","2026-04-01","2026-04-30"
"593 ","(사)의령군장학회","성적우수자 관내고교진학장학금","지자체(출자출연기관)","장학금","지역연고","과학고국제고마이스터고영재고외국어고일반고","1학년2학년3학년제한없음","○ 관내 중학교 졸업생 중 내신 성적 10% 이내로 관내 고등학교 진학생※단 졸업생이 10명 미만 학교 상위 1명에 한함","해당없음","○ 100만원","○ 관내 중학교를 졸업하여 의령군 관내 고등학교 진학한 학생으로 성적우수자","○ 신청일 현재 의령군 관내 6개월 이상 계속해서 주소를 두고 있는 군민 또는 그 자녀(학생)","※ 기관확인필요","※ 기관확인필요","○ 품행이 극히 불량하고 학업성적이 자격수준 이하로 떨어졌을 때○ 퇴학 또는 정학 이상의 징계처분을 받거나 기타 사유로 학업을 중단하였을 경우※ 자세한 사항은 첨부파일 또는 홈페이지 참고","○ 학교장의 일괄 추천으로 선발 (개인신청 불가)","○ 장학생지원서○ 학교장의 장학생 추천서○ 주민등록 등본○ 통장사본○ 중학교 내신 백분위가 기재된 석차 연명부※ 자세한 사항은 첨부파일 또는 홈페이지 참고","http://www.uiryeong.go.kr/edu/index.uiryeong","2026-04-01","2026-04-30"
"594 ","(사)의령군장학회","성적우수장학금","지자체(출자출연기관)","장학금","지역연고","과학고국제고마이스터고영재고외국어고일반고","1학년2학년3학년제한없음","※ 학교별 직전 학년 내신 성적 기준 ○ 해당 학년 학생수 100명 이상 학교 : 내신석차 상위 5명○ 해당 학년 학생수 100명 미만 50명 이상 학교 : 내신 석차 상위 4명○ 해당 학년 학생수 50명 미만 학교 : 내신 석차 상위 2명","○ 해당없음","○ 100만원","○ 관내 고등학교 재학생으로 성적 우수자","○ 신청일 현재 의령군 관내 6개월 이상 계속해서 주소를 두고 있는 군민 또는 그 자녀(학생)","※ 기관확인필요","※ 기관확인필요","○ 품행이 극히 불량하고 학업성적이 자격수준 이하로 떨어졌을 때○ 퇴학 또는 정학 이상의 징계처분을 받거나 기타 사유로 학업을 중단하였을 경우※ 자세한 사항은 첨부파일 또는 홈페이지 참고","○ 학교장의 일괄 추천으로 선발(개인신청 불가)","○ 장학생지원서○ 학교장의 장학생 추천서○ 주민등록 등본 ○ 통장사본○ 직전학년 성적증명서※ 자세한 사항은 첨부파일 또는 홈페이지 참고","http://www.uiryeong.go.kr/edu/index.uiryeong","2026-04-01","2026-04-30"
"595 ","(사)의령군장학회","전공관련 자격증 취득 장학생","지자체(출자출연기관)","장학금","지역연고","일반고","1학년2학년3학년제한없음","○ 해당없음","○ 해당없음","○ 국가자격증 3개 이상 취득 : 100만원○ 국가기술자격증 2개 이상 취득 : 50만원","○ 관내 고등학교 재학생으로 전공 관련 국가자격증 3개 또는 전공 관련 국가기술자격증 2개이상 취득한 학생○ 특성화 고등학생","○ 신청일 현재 의령군 관내 6개월 이상 계속해서 주소를 두고 있는 군민 또는 그 자녀(학생)","※ 기관확인필요","※ 기관확인필요","○ 품행이 극히 불량하고 학업성적이 자격수준 이하로 떨어졌을 때○ 퇴학 또는 정학 이상의 징계처분을 받거나 기타 사유로 학업을 중단하였을 경우※ 자세한 사항은 첨부파일 또는 홈페이지 참고","○ 학교장의 일괄 추천으로 선발(개인접수 불가)","○ 장학생 지원서○ 학교장의 장학생 추천서○ 주민등록등본 또는 초본○ 기타 사실을 증명할 수 있는 서류○ 통장사본○ 자격증(학교장 원본대조필)※ 자세한 사항은 첨부파일 또는 홈페이지 참고","http://www.uiryeong.go.kr/edu/index.uiryeong","2026-04-01","2026-04-30"
"596 ","(사)의령군장학회","특기자장학금","지자체(출자출연기관)","장학금","지역연고","예술고일반고체육고","1학년2학년3학년제한없음","○ 해당없음","○ 해당없음","○ 100만원","○ 문화/ 예술/ 체육/ 과학 등의 분야에서 전국적인 공인대회 3위 이내 입상자 또는 경상남도대회 1위 입상자○ 관내학교 재학생 또는 관내 중학교출신 관외 고등학생","○ 신청일 현재 의령군 관내 6개월 이상 계속해서 주소를 두고 있는 군민 또는 그 자녀(학생)","※ 기관확인필요","※ 기관확인필요","○ 품행이 극히 불량하고 학업성적이 자격수준 이하로 떨어졌을 때○ 퇴학 또는 정학 이상의 징계처분을 받거나 기타 사유로 학업을 중단하였을 경우※ 자세한 사항은 첨부파일 또는 홈페이지 참고","○ 학교장의 일괄 추천으로 선발(개인신청 불가)○ 관내중학교출신 관외 고등학생은 개인신청","○ 장학생지원서○ 주민등록등본○ 증빙서류○ 통장사본○ 대회입상 성적증명서○ 중학교 졸업증명서※ 자세한 사항은 첨부파일 또는 홈페이지 참고","http://www.uiryeong.go.kr/edu/index.uiryeong","2026-04-01","2026-04-30"
"597 ","토성장학회","성적우수장학금","지자체(출자출연기관)","장학금","지역연고","과학고국제고마이스터고영재고예술고외국어고일반고자율고제한없음체육고","2학년3학년","해당없음","해당없음","○ 50만원","○ 직전년도 본회의 장학금 미 수혜자○ 동광산업고등학교 재학생은 주소지 제한없음","○ 공고일 현재(2026. 7. 20.) 토성면에 1년 이상 주민등록을 두고 실 거주중인 주민 또는 주민의 자녀","○ 성적 및 소득","○ 10명","○ 국가장학금 및 당해 학기 전액 장학금을 받은 자는 신청 불가","해당없음","○ 장학금신청서○ 직전학년 성적증명서○ 교육비 납입증명서 또는 등록금 고지서○ 주소이력이 있는 초본 (1년 이상 거주 확인)○  가족관계증명서○ 건강보험료 납부확인서(최근 6개월분) 부·모 각각 제출※ 자세한 사항은 첨부파일 또는 홈페이지 참고","https://www.gwgs.go.kr/","2026-07-20","2026-08-07"
"598 ","토성장학회","특기장학생","지자체(출자출연기관)","장학금","특기자","과학고국제고마이스터고영재고예술고외국어고일반고자율고제한없음체육고","2학년3학년","해당없음","해당없음","○ 50만원","○ 품행이 단정하고 문화·예술·체육·과학·기능 분야에 소질과 재능이 뛰어난 자로서 도단위 이상의 대회 및 경진대회에서 입상한 자(공고일로부터 1년 이내 입상자)○ 직전년도 본회의 장학금 미 수혜자○ 동광산업과학고등학교 재학생은 주소지 제한 없음","○ 공고일(2026. .7. 20.) 현재 토성면에 1년 이상 주민등록을 두고 실 거주중인 주민 또는 주민의 자녀","○ 특기 관련 자료 토대","○ 2명","○ 국가장학금 및 당해 학기 전액장학금을 받은 자는 신청 불가※ 자세한 사항은 첨부파일 또는 홈페이지 참고","해당없음","○ 장학금신청서○ 직전학기 성적증명서○ 교육비 납입증명서 또는 등록금 고지서○ 주소이력이 있는 초본(1년 이상 거주 확인)○ 가족관계증명서○ 건강보험료 납부확인서 부/모 각각 제출출○ 입상 상장 및 자격증 사본 제출※ 자세한 사항은 첨부파일 또는 홈페이지 참고","https://www.gwgs.go.kr/","2026-07-20","2026-08-07"
"599 ","노원교육복지재단","장학금","지자체(출자출연기관)","장학금","지역연고","과학고국제고마이스터고영재고예술고외국어고일반고자율고제한없음체육고","1학년2학년3학년제한없음","해당없음","○ 아래조건 모두 충족○ 기준 중위소득 120% 이내 ○ 재산기준 : 4억 900만원 이하","○ 100만원","○ 학의에 열의가 있고 학교생활에 모범적인 고등학교 재학생(학교밖 청소년 포함)","○ 공고일 기준 노원구에 주민등록주소를 두고 거주하고 있는 저소득 가구 학생","※ 자세한 사항은 첨부파일 또는 홈페이지 참고","○ 155명(학교밖 청소년 포함)","※ 기관확인필요","○ 노원구 관내학교·동주민센터·사회복지유관기관의 추천을 받은 자","○ 장학금 신청서○ 자기소개서○ 장학금 추천서(학교에서 추천하는 경우)○ 생활실태조사서(동 주민센터 또는 민간기관에서 추천하는 경우)○ 신청인 및 학부모 동의서○ 개인정보 조회·제공 및 활용 동의서○ 보건복지 통합서비스 개인정보 제공동의서○ 통장 사본○ 소득 증빙서류※ 자세한 사항은 첨부파일 또는 홈페이지 참고","http://www.newf.or.kr/","2026-04-13","2026-05-15"
"600 ","운경재단","안양여자고등학교장학금","기타","장학금","기타","일반고","2학년","해당없음","○ 기초생활수급자 또는 법정차상위계층","○ 학습지원비 100만원(연간) 졸업시까지 지원","○ 안양여자고등학교 2학년 진급 예정자○ 차세대 글로벌 인재로 성장할 잠재력을 가진 자","해당없음","※ 기관확인필요","※ 기관확인필요","※ 기관확인필요","○ 학교장 추천","○ 운경재단 장학생 지원서○ 자기소개서 ○ 장학생 추천서○ 전학년 성적증명서○ 기초생활수급자 또는 차상위계층증명서○ 가족관계증명서※ 자세한 사항은 첨부파일 또는 홈페이지 참고","http://www.woonkyung.or.kr/","2025-12-02","2026-01-20"
"601 ","재단법인민들레장학회","비전 장학금","기타","장학금","소득구분","과학고국제고마이스터고영재고예술고외국어고일반고자율고제한없음체육고","1학년2학년3학년제한없음","해당없음","○ 차상위계층 자녀 등","※ 기관확인필요","○ 국내 고등학교 재학생○ 한부모 자녀/다문화가정 자녀/다자녀 가정/고아 등○ 올바른 인성과 배려·비전을 품고 있으며 지도 교사(혹은 이에 상응하는 자)와 학교장의 추천을 받은 학생","해당없음","※ 기관확인필요","※ 기관확인필요","○ 타 장학금과의 중복혜택 불가능※ 자세한 사항은 첨부파일 또는 홈페이지 참고","○ 지도교사 및 학교장 추천","○ 지원신청서○ 주민등록등본○ 성적증명서○ 재학증명서○ 추천서 (지도교사 및 학교장)○ 통장사본○ 차상위계층 증명서 (해당자)※ 자세한 사항은 첨부파일 또는 홈페이지 참고","http://www.m.mdrsf.kr/","2026-07-16","2026-08-06"
"602 ","온산공단장학위원회","장학생","기타","장학금","지역연고","과학고국제고마이스터고영재고예술고외국어고일반고자율고제한없음체육고","1학년2학년3학년제한없음","해당없음","해당없음","○ 50만원","○ 고등학교 재학생","○ 공고일 현재 온산읍에 3년 이상 거주한 주민 자녀","○ 이주민 및 농어민 자녀 / 가정형편 / 성적 / 등록금 납입금액 등을 종합평가하여 본 장학위원회 내부 규정에 의해 선발","○ 6명","○ 본 장학회 장학금 기 수령자 제외○ 학자금을 지원받는 근로자의 자녀 제외(고교생의 경우 무상교육으로 신청 가능함)○ 장학금 수여식 참석 필수※ 자세한 사항은 첨부파일 또는 홈페이지 참고","○ 학교장 추천","○ 장학금 신청서 및 동의서○ 주민등록등본○ 2025년도 세목별 과세 증명서○ 2025년도 건강보험납부확인서○ (이주민) 주민등록초본○ (농/어민) 농어민확인서※ 자세한 사항은 첨부파일 또는 홈페이지 참고","http://www.onsania.com/","2026-03-03","2026-03-27"
"603 ","한국수력원자력(주)","새울원자력본부 장학생","공공기관","장학금","지역연고","과학고국제고마이스터고영재고예술고외국어고일반고자율고제한없음체육고","1학년2학년3학년제한없음","해당없음","○ 본인 혹은 부모가 기초생활수급자 또는 법정 한부모가족 또는 차상위본인부담경감자","○ 50만원","○ 새울 원자력 발전소 주변지역 소재 고등학교 재학생○ 발전소 주변지역 거주 고등학생(본인 또는 부모)","○ 주변지역 거주 고등학생 : 해당지역 읍면리에 주민등록상뿐만 아니라 공고일 기준 실제 만3년 이상 계속 거주자 또는 실제 만1년 이상 계속 거주 중이며 현재 포함 과거 거주기간 합산 만 15년 이상인 자","※ 기관확인필요","○ 50명","○ 한국수력원자력·한국전력·한전KPS 직원 및 가족은 제외○ 동일학년 1회 기지급 받은 자※ 자세한 사항은 첨부파일 또는 홈페이지 참고","○ 주변지역 소재학교 고등학생은 학교장 추천 필요","○ 공통서류○ 본인통장 사본○ 신분증 사본○ 각서○ 개인정보이용 동의서○ 계좌이체거래약정서○ 기초생활수급자/한부모가족/차상위본인부담경감자 중 해당증명원○ 본인서명사실확인서○주변지역 거주 고등학생○ 재학증명서○ 장학생 선발 신청서○ 주민등록등본○ 전기요금 영수증○ 주변지역 소재학교 고등학생○ 장학생 선발 추천서※ 자세한 사항은 첨부파일 또는 홈페이지 참고","http://www.khnp.co.kr/","2026-07-23","2026-07-29"
"604 ","한국수력원자력(주)","양양양수발전소주변지역장학금(주민자녀)","공공기관","장학금","지역연고","과학고국제고마이스터고영재고예술고외국어고일반고자율고제한없음체육고","1학년2학년3학년제한없음","해당없음","해당없음","○ 100만원","○ 본인이 고등학교 재학생","○ 학생 본인 또는 보호자가 공고일 기준으로 대상지역 (양양군 서면/ 인제군 기린면)에 주민등록지를 두고 1년 이상 실제로 거주하고 있을 것 ※ 자세한 사항은 첨부파일 또는 홈페이지 참고","○ 1순위 거주지 2순위 소득수준(기초생활수급자 차상위계층 순으로 선발) 3순위 내신성적 순으로 선발※ 자세한 사항은 첨부파일 또는 홈페이지 참고","○ 80명","○ 세대 당 최대 2명 까지 선발","해당없음","○ 장학생 지원서 ○ 주민등록등본○ 재학증명서○ 예금통장사본○ 개인정보 동의서○ 기초생활수급자 증명서 또는 차상위계층 확인서(해당자)○ 가족관계증명서○ 2025년 1학기 성적증명서※ 자세한 사항은 첨부파일 또는 홈페이지 참고","https://www.inje.go.kr","2025-09-22","2025-10-24"
"605 ","한국수력원자력(주)","춘천수력발전소장학생","공공기관","장학금","해당없음","과학고국제고마이스터고영재고예술고외국어고일반고자율고제한없음체육고","1학년2학년3학년제한없음","○ 성적우수(두과목 이상 상위 70%)※ 자세한 사항은 첨부파일 또는 홈페이지 참고","○ 생활보호대상자(기초생활수급자 차상위계층 한부모가정) 본인 및 자녀○ 가정형편이 어려운 학생※ 자세한 사항은 첨부파일 또는 홈페이지 참고","○ 선발 대상자별 소정 장학금지급(예산 및 인원에 따라 확정)","○ 소년소녀가장○ 결식아동○ 어학/예술/체육 특기생※ 자세한 사항은 첨부파일 또는 홈페이지 참고","○ 장학금 선발연도 3월 1일부로 1년 이상 춘천수력발전소 주변지역에 주민등록을 두고 거주하고 있는 학생 본인 또는 주민의 자녀※ 자세한 사항은 첨부파일 또는 홈페이지 참고","※ 기관확인필요","○ 심의위원회를 통해 결정","해당없음","○ 장학생 추천서 제출","○ 장학생 추천서○ 개인정보 수집 이용 동의서○ 본인 주민등록초본○ 신청자 부모 주민등록초본 가족관계증명서○ 본인 계좌 첫페이지 사본○ 추가 해당자 서류 제출 ※ 자세한 사항은 첨부파일 또는 홈페이지 참고","https://www.khnp.co.kr/","2025-05-09","2025-06-10"
"606 ","한국수력원자력(주)","팔당수력장학생","공공기관","장학금","해당없음","과학고국제고마이스터고영재고예술고외국어고일반고자율고제한없음체육고","1학년2학년3학년제한없음","○ 학년 성적 3등급 이상인 학생","○ 소년소녀가장 생활보호대상자의 자녀 결식아동 극빈학생 등 생활 형편이 어려운 학생(사회적 배려자)","○ 100만원","○ 어학 예술 체육 등 특정분야의 우수자 등 추천기관이 특별히 추천하는 학생","○ 발전소주변지역(장학생 추천 대상지역 참조) 내 주민등록주소지가 되어있는 고등학생으로 1년 이상 거주하고 아래의 각 목에 해당하는 경우※ 자세한 사항은 첨부파일 또는 홈페이지 참고","※ 기관확인필요","○ 학교 소계 63명","○ 1년 이내에 사회봉사 이상의 징계를 받은 학생 제외○ 2025년 기준 타 장학제도 수혜를 받은 학생 제외","○ 추천기관 특별히 추천 (개인적성 우수자)","○ 학교 공문○ 추천자 명단○ 임금계좌 내역○ 학교장 추천서○ 주민등록초본○ 입금통장 사본○ 개인정보제공동의서 원본○ 재학증명서○ 해당자 서류 제출※ 자세한 사항은 첨부파일 또는 홈페이지 참고","https://www.khnp.co.kr/","2025-05-09","2025-07-25"
"607 ","남북하나재단","북한이탈주민장학","기타","장학금","기타","과학고국제고마이스터고영재고예술고외국어고일반고자율고제한없음체육고","1학년2학년3학년제한없음","○ 해당없음","○ 해당없음","○ 고등학생 : 100만원○ 검정고시 합격자 : 100만원","○ 보호결정을 받은 북한이탈주민○ 모집공고 마감일 현재 국내 정규 고등학교 재학생○ 검정고시 합격자의 경우 2025년 8월 이후 고등학교 졸업학력 검정고시에 합격한 자","○ 해당없음","○ 정량평가 및 정성평가 종합점수 고득점 순으로 선발※ 자세한 사항은 첨부파일 또는 홈페이지 참고","○ 00명","○ 직전 6개월 동안 300만원을 초과하여 장학금 수혜를 받은 자○ 한겨레 고등학교/대안학교 또는 재단 지원 대안교육시설에 재학 중인 자○ 재단추천에 의하여 외부기관으로부터 졸업시까지 장학금을 지원받는 자○ 정학 이상의 징계처분을 받은 자※ 자세한 사항은 첨부파일 또는 홈페이지 참고","○ 해당없음","○ 진로·진학검사지○ 장학금신청서○ 학업계획서○ 서약서○ 개인정보동의서○ 북한이탈주민확인서○ 주민등록등본○ 가족관계증명서(상세)○ 통장사본○ 소득증빙서류(택1)○ 학교생활기록부(성적명시/고등학생 제출)○ 검정고시 합격증서 사본(검정고시 합격자 제출)○ 검종고시 학원비 등 자기부담 영수증(검정고시 합격자 제출)○ 장애인증명서(해당자)※ 자세한 사항은 첨부파일 또는 홈페이지 참고","https://www.koreahana.or.kr","2026-03-23","2026-04-10"
"608 ","재단법인 퍼시스목훈재단","미래인재 장학생","지자체(출자출연기관)","장학금","해당없음","과학고영재고","해당없음","※ 자세한 사항은 첨부파일 또는 홈페이지 참고","○ 저소득층 기타 저소득층(중위소득 100% 이하) 갑작스러운 사유로 가정 경제상황에 변화가 생긴 경우이며 증빙 서류 제출 필수","○ 연 600만원","○ 수학 과학 분야의 역량 있는 인재○ 경제적 어려움 및 위기에 직명한 학생○ 교내 장학금 심의위원회와 교사가 추천한 학생","※ 자세한 사항은 첨부파일 또는 홈페이지 참고","※ 자세한 사항은 첨부파일 또는 홈페이지 참고","○ 총 26명 내외 (영재학교 각2명 과학고등학교 각 1명)","※ 자세한 사항은 첨부파일 또는 홈페이지 참고","○ 교사의 추천","○ 지원서 및 자기소개서○ 지원자 서약서○ 재학증명서 등※ 자세한 사항은 첨부파일 또는 홈페이지 참고","https://www.mokhoon.or.kr","2025-03-10","2025-03-31"
"609 ","(재단)해성장학회","생활지원 장학금","기타","장학금","해당없음","과학고국제고마이스터고영재고예술고외국어고일반고자율고제한없음체육고","1학년2학년3학년제한없음","※ 자세한 사항은 첨부파일 또는 홈페이지 참고","※ 자세한 사항은 첨부파일 또는 홈페이지 참고","○ 100만원","○ 현재 거제지역 고교 재학 중인 학생","※ 자세한 사항은 첨부파일 또는 홈페이지 참고","※ 자세한 사항은 첨부파일 또는 홈페이지 참고","○ 5명 이내","○ 현재 장학금을 수령하고 있는 학생(이중 지원 불가)○ 2025년 1학기 휴학 및 교환학생 예정자","※ 자세한 사항은 첨부파일 또는 홈페이지 참고","○ 장학생 지원서○ 자기소개서 및 학업계획서○ 주민등록등본○ 가족관계증명서○ 개인정보 수집 이용 제3자 제공 동의서○고교 학교생활기록부※ 자세한 사항은 첨부파일 또는 홈페이지 참고","http://hsf.kr/","2025-02-03","2025-02-13"
"610 ","(재)호국장학재단","KT&G 상상장학생","기타","장학금","해당없음","과학고국제고마이스터고영재고예술고외국어고일반고자율고제한없음체육고","1학년","해당없음","해당없음","○ 1인당 연간 200만원 (연 2회 분할 지급)※ 자세한 사항은 첨부파일 또는 홈페이지 참고","○ 복무중인 전/공상 군인의 자녀 중 2026년도 고등학교 신입생※ 자세한 사항은 첨부파일 또는 홈페이지 참고","해당없음","※ 기관확인필요","○ 10명","○ 학교 폭력 가해/징계/형사처벌(처분) 등 사회적 물의를 일으킨 학생은 추천 제외※ 자세한 사항은 첨부파일 또는 홈페이지 참고","○ 각 군에서 추천※ 자세한 사항은 첨부파일 또는 홈페이지 참고","○ 상상장학생 지원신청서○ 호국장학재단 개인정보동의서(학생/부모)○ 각 군 본부 또는 정부기관(병원)에서 발행한 전/공상 군인임을 증명할 수 있는 서류(사본)○ 가족관계증명서(학생 또는 부모 기준)○ 재학증명서(학생)※ 자세한 사항은 첨부파일 또는 홈페이지 참고","http://www.hoguk.or.kr/default.asp","2026-03-31","2026-05-22"
"611 ","(재)호국장학재단","군인자녀(사회적 의인) 장학생","기타","장학금","해당없음","과학고국제고마이스터고영재고예술고외국어고일반고자율고제한없음체육고","1학년2학년3학년제한없음","해당없음","○ 재산 5억 이하(배우자 포함)","○ 연간 1인당 200만원","○ 현직 공상 및 순직 군인자녀(중령 이하)○ 추천일 기준 1년 이내 순직자 및 공상자로 인정된 인원만 선발○ 업무상 직접 희생되거나 부상당한 경우○ 상해정도 및 치료기간○ 외부기관에서 포상 받은 경우○ 부양가족 수가 많은 경우※ 자세한 사항은 첨부파일 또는 홈페이지 참고","해당없음","○ 현직공상/순직자 자녀 중 자격요건을 충족하며 경제적 수준 고려○ 각 군별 추천 후 국방부 종합/건설사업사회공헌재단으로 추천○ 추천시 우선순위 : 공상의 경중>외부기관 포상>다자녀>경제적 수준>계급 순 등※ 자세한 사항은 첨부파일 또는 홈페이지 참고","○ 15명","※ 기관확인필요","○ 각 군별 추천","○ 사회적 의인 장학금 신청서○ 현직공상자(부모)/순직자 증명 서류(사본)○ 주민등록등본○ 가족관계증명서(가족 모두 표식)○ 지방세 세목별 과세증명서○ 개인정보제공 동의서○ 자녀(수혜자) 명의 통장사본※ 자세한 사항은 첨부파일 또는 홈페이지 참고","http://www.hoguk.or.kr/default.asp","2026-03-27","2026-05-15"
"612 ","(재)호국장학재단","군인자녀(다자녀) 장학생","기타","장학금","해당없음","과학고국제고마이스터고영재고예술고외국어고일반고자율고제한없음체육고","1학년2학년3학년제한없음","해당없음","○ 재산 5억 이하(배우자 포함)","○ 연간 1인당 100만원","○ 현직 다자녀(3인 이상) 군인 자녀(중령 이하)○ 추천 기준 '24.1.11. 이후 자녀를 출산한 현직 군인으로서 자녀 수가 3명 이상(입양 포함)","해당없음","○ 현직 다자녀 가정 중 자격요건을 충족하며 경제적 수준 고려○ 각 군별 추천 후 국방부 종합/건설산업사회공헌재단으로 추천○ 추천 시 우선순위 : 다자녀>경제적 수준>계급 순 등○ 주요 심사 및 우대 기준 : 부양가족 수가 많은 경우(직계 존비속 포함)>소득기준","○ 10명","○ 자녀가 성인일 경우 자녀 수에서 제외○ 국방부에서 선발 및 추천하는 장학금과 중복수혜 불가※ 자세한 사항은 첨부파일 또는 홈페이지 참고","○ 각 군별 추천","○ 다자녀 가정 장학금 신청서○ 주민등록등본○ 가족관계증명서(가족 모두 표식)○ 지방세 세목별 과세증명서○ 개인정보제공 동의서※ 자세한 사항은 첨부파일 또는 홈페이지 참고","http://www.hoguk.or.kr/default.asp","2026-03-27","2026-05-15"
"613 ","재단법인 석성장학회","석성장학생","기타","장학금","기타","과학고국제고마이스터고영재고예술고외국어고일반고자율고제한없음체육고","1학년2학년3학년제한없음","해당없음","해당없음","○ 50만원","○ 고등학교에 재학중인 학생 중 모범적인 선행공적이 있는 학생","해당없음","※ 기관확인필요","※ 기관확인필요","해당없음","○ 담임교사 또는 단체장의 추천","○ 장학금 수혜지원서○ 학교장 또는 관련 단체장 추천서○ 개인저보 수집 및 이용 동의서○ (현금으로 받고자 하는 경우) 사유서 및 학생 명의의 통장사본(해당자)※ 자세한 사항은 첨부파일 또는 홈페이지 참고","http://www.seoksung.co.kr","2026-02-01","2026-11-30"
"614 ","재단법인 석성장학회","특별장학생","기타","장학금","기타","과학고국제고마이스터고영재고예술고외국어고일반고자율고제한없음체육고","1학년2학년3학년제한없음","해당없음","해당없음","○ 50만원","○ 국가와 국민을 위해 헌신하다가 순직한 자의 유자녀학생/ 탈북자 및 다문화가정학생 ○ 외국에 거주하는 학생으로 특별한 공적으로 추천된 학생","해당없음","※ 기관확인필요","※ 기관확인필요","해당없음","○ 학교장 또는 단체장의 추천","○ 장학금 수혜지원서○ 학교장 또는 관련 단체장 추천서○ 개인정보 수집 및 이용 동의서○ (현금 지급 희망시) 사유서 및 학생 명의 통장사본※ 자세한 사항은 첨부파일 또는 홈페이지 참고","http://www.seoksung.co.kr","2026-02-01","2026-11-30"
"615 ","가천문화재단","가천효행상","기타","장학금","기타","과학고국제고마이스터고영재고예술고외국어고일반고자율고제한없음체육고","1학년2학년3학년제한없음","해당없음","해당없음","○ 대상 : 1000만원○ 본상 : 500만원○ 특별상 : 300만원※ 부상 및 특전 포함※ 자세한 사항은 첨부파일 또는 홈페이지 참고","○ 만11~24세의 각급 학교(유사학교 포함) 재학 중인 학생○ 부모님과 웃어른을 공경하며 평소 효와 예를 실천해온 학생○ 일상에서 가정의 행복을 위해 노력하는 학생○ 품행이 단정하고 솔선수범하여 다른 학생들의 모범이 되는 학생","해당없음","○ 본 재단이 별도 구성한 심사위원회의 서류심사 및 현지실사 등 심의를 통해 선정","○ 총 10명 (대상: 2명 본상: 4명 특별상: 4명)","※ 기관확인필요","○ 추천인의의 추천 필요※ 자세한 사항은 첨부파일 또는 홈페이지 참고","○ 추천서 1부○ 이력서○ 효행실적서○ 칼라 증명사진 2매○ 가족관계증명서○ 주민등록표등본○ 생활기록부○ 성적증명서○ 기타 증빙 자료 및 추가 참고자료(수상 상장 사본/ 각종 증명서 사본 등)※ 자세한 사항은 첨부파일 또는 홈페이지 참고","http://gachon.or.kr","2026-08-27","2026-09-17"
"616 ","왕십리2동장학회","장학생","지자체(출자출연기관)","장학금","지역연고","일반고","1학년2학년3학년제한없음","해당없음","해당없음","※ 기관확인필요","해당없음","○ 관내에 주소를 두고 추천일 현재 1년 이상 거주하는 고등학생","○ 왕십리2동장학회 주관으로 서류심사 통해 선정○ 학업성적이 우수한 자 / 저소득층 자녀 / 선행자 / 직능단체나 동장 추천자 우대","○ 고등학생 2명 대학생 4명","○ 타 장학금 전액 수혜자 제외","해당없음","○ 왕십리2동 장학회 장학금 신청서○ 자기소개서○ 근무사실 확인서 (근로학생일 경우만)○ 성적증명서 (전학기)○ 부모 건강장기요양보험료 납부확인서○ 부모 재산세 납세증명서※ 자세한 사항은 첨부파일 또는 홈페이지 참고","http://www.sd.go.kr/","2025-07-01","2025-07-28"
"617 ","청송양수발전소장학회","사회적배려장학생","기타","장학금","지역연고","과학고국제고마이스터고영재고예술고외국어고일반고자율고제한없음체육고","1학년2학년3학년제한없음","○ 직전학기 성적 3.0 이상인 자","○ 기초생활수급자/장애인 가정의 자녀(장애인 학생)","○ 100만원","※ 자세한 사항은 첨부파일 또는 홈페이지 참고","○ 공고일 기준 대상지역 실거주기간이 연속 2년 이상인 주민의 자녀○ 대상지역 : 청송읍/ 파천면 / 안덕면/ 길안면 (발전기 및 댐으로부터 반지름 5km 이내의 읍·면 지역)","○ 성적순 선발○ 성적 순에 한하여 사회적 배려 전형을 우선 선발 후 일반 성적우수자 순으로 선발","○ 60명 (사회적배려 / 성적우수 장학생 포함)○ 읍/면별로 인구비례 배분 선발","○ 대상지역 내 재학 중일지라도 대상지역 외 부모 거주 시 선정 불가※ 자세한 사항은 첨부파일 또는 홈페이지 참고","해당없음","○ 장학생 선발 신청서○ 주민등록등본○ 재학증명서○ 성적증명서○ 개인정보 수집·이용·조회·제공 동의서○ 신청자 또는 학생명의 통장사본○ 사회적 배려 전형 대상자임을 증명할 수 있는 서류 (기초수급대상증명서 또는 장애인증명서)※ 자세한 사항은 첨부파일 또는 홈페이지 참고","https:/www.cs.go.kr","2026-09-01","2026-09-14"
"618 ","한국증권금융꿈나눔재단","우리사주장학생","기타","장학금","기타","과학고국제고마이스터고영재고예술고외국어고일반고자율고제한없음체육고","1학년2학년3학년제한없음","해당없음","○ 가구소득 소득분위 5분위 평균(연7천793만원)이내○ 신용회복지원 중인 자 우대(중복우대 없음)","○ 학기당 100만원 (최대 2년 해당 학제 졸업 시까지만 지원)○ 장학금은 등록금/교재비/학습비 및 생활비로 사용 가능○ 매학기 장학생 자격 유지 심사(재학 유지/징계 포함)를 통해 계속지원 여부 결정","○ 우리사주결성법인 근로자(재단 홈페이지 공고일 기준 해당법인에 6개월 이상 재직중인 근로자)의 자녀○ 세 자녀 이상 가정/한부모가정 우대(중복우대 없음)","해당없음","※ 기관확인필요","○ 00명","○ 재단 홈페이지 공지일 기준 정학 등 징계처분 받은 자","해당없음","○ 장학금신청서○ 자기소개서○ 개인정보동의서 및 초상권사용동의서○ 가족관계증빙서류(주민등록등본/ 가족관계증명서 각 1통)○ 재학증명서○ 생활기록부 사본○ 소득관련 증빙서류 각 1부 (2024년 기준/부·모 각각 제출)○ 건강보험자격득실확인서○ 소득이 있는 경우 : 근로소득원천징수영수증/소득금액증명원)○ 소득이 없는 경우 : 사실증명(신고사실없음)○ 재산세 세목별 과세증명서○ 재직증명서○ 기타 해당자 증빙서류(해당자)※ 자세한 사항은 첨부파일 또는 홈페이지 참고","http://foundation.ksfc.co.kr","2026-06-19","2026-07-16"
"619 ","광양시새마을회","광양시새마을지도자녀(우등)","지자체(출자출연기관)","장학금","지역연고","과학고국제고마이스터고영재고예술고외국어고일반고자율고제한없음체육고","1학년2학년3학년제한없음","○ 전년도 재학성적이 50/100이내에 해당하는 자","해당없음","○ 고등학교 학비 전액(200만원 범위내)","○ 새마을운동에 2년이상 봉사한 지역/ 부녀/ 직장/ 문고지도자의 자녀 중 고등학교에 재학중인 자○ 새마을지도자 1인에 1자녀만 해당○ 2년이내에 새마을장학금의 수혜 경험이 없는 지도자의 자녀※ 자세한 사항은 첨부파일 또는 홈페이지 참고","○ 광양시내에 2년이상 주민등록을 하고 있는 부모의 자녀","○ (1차) 읍면동 회장에게 1차 서류 제출/읍면동에서 심사 후 시군회로 추천○ (2차) 읍면동에서 시군내마을회로 장학생 신청서류 제출 및 심사○ (3차) 시군새마을회 추천학생 심사 후 도회로 추천※ 자세한 사항은 첨부파일 또는 홈페이지 참고","※ 기관확인필요","○ 국가 또는 지자체/ 민간단체로부터 등록금 전액을 면제 받고 있는 자○ 국가 또는 지자체/ 민간단체로부터 등록금 일부를 수혜 받고 있는 자 중 수혜 받고 있는 총액과 새마을 장학금을 합하여 등록금 총액의 범위를 넘는 자","해당없음","※ 1차서류○ 장학생 신청서○ 주민등록본※ 2차서류○ 장학생 추천서○ 장학금 수혜 확인서○ 2024년도 새마을지도자명부 사본○ 직전년도 성적증명서○ 재학증명서※ 3차서류○  장학금 지급신청서○ 서약서※ 자세한 사항은 첨부파일 또는 홈페이지 참고","http://www.gwangyang.go.kr/01kr/","2025-03-03","2025-03-14"
"620 ","한국중부발전 보령발전본부","일반장학금","공공기관","장학금","지역연고","과학고국제고마이스터고영재고예술고외국어고일반고자율고제한없음체육고","1학년2학년3학년제한없음","해당없음","해당없음","○ 60만원○ 생활비 지원 장학금으로 타 장학금과 중복수혜 가능","○ 고등학교에 재학 중인 자○ 1개 학기 이상 재학생","○ 오천/주교/주포/천북면 및 웅천읍 성동 1~3리에 실제 거주하는 주민 및 주민의 자녀 중 주민등록초본상 2024.9.15 이전 전입자","※ 기관확인필요","※ 기관확인필요","○ 당사 직원 및 직원 자녀 / 1/2학기 모두 휴학한 학생○ 타 장학금 수혜자 중 장학금을 지급한 기관에서 중복 수혜를 금지하는 경우○ 공무원 수당 등에 관한 규정에 의해 자녀의 학비 보조 수당을 받고 있는 공무원 의 자녀※ 자세한 사항은 첨부파일 또는 홈페이지 참고","해당없음","○ 장학금 신청서○ 장학금 신청을 위한 개인정보 수집·이용·제공 동의서○ 서약서○ 재학증명서○ 입금통장 사본○ 거주기간 확인용 서류: 주민등록초본 / 가족관계증명서※ 자세한 사항은 첨부파일 또는 홈페이지 참고","https://www.komipo.co.kr","2025-09-15","2025-09-29"
"621 ","장척문화재단","장학생","지자체(출자출연기관)","장학금","지역연고","과학고국제고마이스터고영재고예술고외국어고일반고자율고제한없음체육고","2학년3학년","○ 성적순위가 직전학기(2025년 2학기) 전 과목 석차등급이 평균 4등급 이내인 자","해당없음","○ 50만원","○ 고등학교에 재학 중인 학생","○ 가족 또는 본인이 매곡면에 주소를 두고 장학생 선발 공고일 현재 1년 이상 계속 거주한 자","○ 서류심사 이사회 심의 확정","○ 0명","○ 장척문화재단 장학생으로 선발되어 고등학교 재학 중 2회 장학금을 받은 자○ 2025년 장척문화재단 장학생으로 선발되어 장학금을 받은 자○ 장척문화재단 시행세칙 제 10조(장학금 지급정지) 해당자※ 자세한 사항은 첨부파일 또는 홈페이지 참고","해당없음","○ 장학생 신청서 1부○ 직전학기(2025년 2학기) 성적증명서 1부○ 주민등록 등본 1부 및 본인과 부모 초본(주소이력포함) 각 1부※ 자세한 사항은 첨부파일 또는 홈페이지 참고","https://www.yd21.go.kr/","2026-01-19","2026-01-23"
"622 ","옹진군덕적면","덕적면주민장학금","지자체(출자출연기관)","장학금","지역연고","과학고국제고마이스터고영재고예술고외국어고일반고자율고제한없음체육고","1학년2학년3학년제한없음","해당없음","해당없음","※ 기관확인필요","해당없음","○ 옹진군 덕적면에 주민등록이 되어있는 주민 또는 주민의 자녀로서 고등학교에 재학중인 자","○ 장학금심의위원회 심의","※ 기관확인필요","※ 기관확인필요","○ 학교장 추천","○ 신청서○ 재학(입학)증명서○ 성적증명서○ 추천서○ 개인정보수집이용동의서※ 자세한 사항은 첨부파일 또는 홈페이지 참고","https://www.ongjin.go.kr/","2025-04-23","2025-05-09"
"623 ","검단장학재단","장학생","지자체(출자출연기관)","장학금","지역연고","과학고국제고마이스터고영재고예술고외국어고일반고자율고제한없음체육고","1학년2학년3학년제한없음","해당없음","해당없음","○ 50만원","○ 고등학교 재학생","○ 검단관내 5년 이상 거주○ 검단관내 : 검단동/불로대곡동/원당동/당하동/오류왕길동/마전동/아라동","※ 기관확인필요","※ 기관확인필요","○ 국가장학금 및 타 장학재단 수여자","○ 불우환경 장학생의 경우 통장/단체장의 추천","○ 장학생 선발 신청서○ 재학증명서○ 성적증명서○ 주민등록 등본○ 주민등록 초본○ 통장 사본○ 추천서/자기소개서 (불우환경 장학생)※ 자세한 사항은 첨부파일 또는 홈페이지 참고","해당없음","2024-11-01","2024-11-15"
"624 ","에코랜드","성적우수장학생","기타","장학금","지역연고","과학고국제고마이스터고영재고외국어고일반고","1학년2학년3학년","○ 신입생: 중학교3학년 1·2학기 내신 성적의 우수득점자○ 재학생: 직전학년도 1·2학기 성적의 100분의 50 이내인 자","○ 해당없음","○ 최대 100만원","○ 국내 고등학교 입학생/재학생","○ 공고일 현재 1년 이상 주변지역에 거주하고 있는 주민의 자녀 (주변지역이란 청학리·용암리·광전리)","○ 주민지원협의체위원회에서 주변지역 거주기간/주변지역 내 학교 졸업여부/학업성적/가정형편 등을 종합평가하여 총 배점 순위에 따라 심의를 거쳐 선발","○ 00명","○ 주변지역 이외로 거주지를 이전한 자○ 국가·지방자치단체·기타 장학재단 등 모든 기관으로부터 전액장학금을 받는 자○ 전년도 에코랜드 장학금 수혜자※ 자세한 사항은 첨부파일 또는 홈페이지 참고","○ 학교장 추천","○ 장학생선발 추천서○ 주민등록등본○ 주민등록초본○ 재학증명서○ 초·중 졸업증명서○ 1/2학기 성적증명서※ 자세한 사항은 첨부파일 또는 홈페이지 참고","http://www.에코랜드주민지원협의체.kr/","2026-04-14","2026-04-27"
"625 ","에코랜드","복지장학생","기타","장학금","지역연고","과학고국제고마이스터고영재고예술고외국어고일반고체육고","1학년2학년3학년제한없음","○ 해당없음","○ 기초생활보장수급자○ 한부모가정○ 차상위계층○ 기타 생계곤란자","○ 최대 100만원","○ 국내 고등학교 학생 중 저소득층으로 해당 학교장의 추천을 받은 자","○ 공고일 현재 1년 이상 주변지역에 거주하고 있는 주민의 자녀(주변지역이란 청학리·용암리·광전리)","○ 주민지원협의체위원회에서 주변지역 거주기간/주변지역 내 학교 졸업여부/학업성적/가정형편 등을 종합평가하여 총 배점 순위에 따라 심의를 거쳐 선발","○ 00명","○ 주변지역 이외로 거주지를 이전한 자○ 국가·지방자치단체·기타 장학재단 등 모든 기관으로부터 전액장학금을 받는 자○ 전년도 에코랜드 장학금 기수혜자※ 자세한 사항은 첨부파일 또는 홈페이지 참고","○ 학교장 및 면장 추천 ","○ 장학생선발 추천서○ 주민등록등본○ 주민등록초본○ 재학증명서○ 초·중 졸업증명서○ 기초생활수급자증명서 또는 차상위계층증명서(해당자)○ 건강보험료 납입증명서 및 건강보험 자격득실확인서 및 지방세 세목별 과세증명서(해당자)○ 기타 필요하다고 인정되는 자료(해당자)※ 자세한 사항은 첨부파일 또는 홈페이지 참고","http://www.에코랜드주민지원협의체.com/","2026-04-14","2026-04-27"
"626 ","에코랜드","예·체능 특기장학생","기타","장학금","지역연고","과학고국제고마이스터고영재고예술고외국어고일반고자율고제한없음체육고","1학년2학년3학년제한없음","○ 해당없음","○ 해당없음","○ 최대 100만원","○ 전년도 남양주시 및 경기도의 명예를 위하여 공인된 예·체능 도 단위 이상대회에서 3위 이상 입상한 예·체능 특기자로서 학교장의 추천을 받은 자","○ 공고일 현재 1년 이상 주변지역에 거주하고 있는 주민의 자녀(주변지역이란 청학리·용암리·광전리)","○ 주민지원협의체위원회에서 주변지역 거주기간/주변지역 내 학교 졸업여부/학업성적/가정형편 등을 종합평가하여 총 배점 순위에 따라 심의를 거쳐 선발","○ 00명","○ 주변지역 이외로 거주지를 이전한 자○ 국가·지방자치단체/기타 장학재단 등 모든 기관으로부터 전액장학금을 받는 자○ 전년도 에코랜드 장학금 기수혜자※ 자세한 사항은 첨부파일 또는 홈페이지 참고","○ 학교장 추천","○ 장학생선발 추천서○ 주민등록등본○ 주민등록초본○ 재학증명서○ 초·중 졸업증명서○ 2025년 특기성적증명서○ 기타 필요하다고 인정되는 자료(해당자)※ 자세한 사항은 첨부파일 또는 홈페이지 참고","http://www.에코랜드주민지원협의체.com/","2026-04-14","2026-04-27"
"627 ","부산사상구장학회","모범장학생","지자체(출자출연기관)","장학금","성적우수","과학고국제고마이스터고영재고예술고외국어고일반고체육고","1학년2학년3학년제한없음","○ 고등학생 1/2학년: 직전 학기까지 내신 성적 중 국어·수학·영어 교과목의 등급 평균이 9등급제 중 5등급이내 또는 5등급제중 3등급 이내※ 자세한 사항은 첨부파일 또는 홈페이지 참고","○ 생활이 어려운 가정 우선","○ 100만원","○ 학업성적이 우수하고 품행이 방정하여 타의 모범이 되는 학생","○ 세대주 또는 보호자가 사상구 관내에 주소를 두고 장학금 신청일 현재 거주하고 있는 구민의 자녀","※ 기관확인필요","○ 29명","○ 국가 등 타기관으로부터 연간 200만원 이상 장학금을 받은 학생 (단 생활이 극히 어려운 경우에는 신청가능","○ 동장 추천","○ 장학생 신청서○ 장학생 추천서○ 주민등록등본○ 재학증명서○ 학교생활기록부○ 장학금수혜여부확인서 및 서약서○ 가점 대상자 증명서※ 자세한 사항은 첨부파일 또는 홈페이지 참고","http://www.sasang.go.kr/index.sasang ","2025-11-28","2026-01-06"
"628 ","재단법인 광남새마을금고 장학회","복지장학생","기타","장학금","지역연고","과학고국제고마이스터고영재고예술고외국어고일반고체육고","1학년2학년3학년제한없음","○ 성적(1학기)이 재적학년의 100분의 85이내인 학생","○ 정부지원대상자(기초생활수급자/차상위계층/한부모가정/기타 복지대상자)인 학생","○ 80만원","※ 기관확인필요","○ 공고일 현재 2년 이상 광명시 관내에 주소를 두고 거주하는 시민 또는 그 자녀로서 관내 고등학교에 재학 중인 학생","○ 정부지원대상자 (국민기초생활수급자/한부모가정 자녀/차상위계층 자녀/기타복지대상자) 우성 선정○ 추천순위 : 복지장학생 예체능 특기장학생 우등장학생","○ 77명 (우등장학생/복지장학생/예체능장학생 포함)○ 광명시 관내 고등학교의 학교당 7명 (학교장 추천) 선발","해당없음","○ 학교장 추천","○ 장학생 신청서○ 학교장 추천서○ 성적증명서○ 주민등록원초본○ 개인정보 제공동의서○ 보호자 통장사본○ 수급자 증명서/차상위계층/한부모가족 증명서류○ 기타증빙서류※ 자세한 사항은 첨부파일 또는 홈페이지 참고","http://www.kwangnam.co.kr/","2025-10-21","2025-11-26"
"629 ","제주4.3평화재단","제주4.3장학생","기타","장학금","지역연고","과학고국제고마이스터고영재고예술고외국어고일반고자율고제한없음체육고","1학년2학년3학년제한없음","해당없음","해당없음","○ 50만원※ 생활비성 장학금으로 타 장학금과 중복수혜 가능","○ 국내 고등학교 재학생 중 학교생활이 모범적이고 품행이 단정한 자※ 고등학교 재학 시 1회에 한하여 선발하며 같은 회에 1세대 2명 이상 지원 시 1명에 한하여 선발함","해당없음","○ 제주4·3평화재단 장학사업위원회의 심사를 거쳐 선발○ 심사기준 : 가정환경(70점) + 참여실적(15점) + 가치관 등(15점) 가정환경 심사 순위 : 저소득장애인가정 > 기초생활수급자 > 장애인가정 > 한부모가정 > 다자녀가정※ 자세한 사항은 첨부파일 또는 홈페이지 참고","○ 12명","※ 기관확인필요","해당없음","○ 제주4.3장학금 지원 신청서○ 본인 또는 직계존속 4.3사건희생자 및 유족결정통지서○ 주민등록등본○ 가족관계증명서○ 개인정보 동의서○ 재학증명서※ 자세한 사항은 첨부파일 또는 홈페이지 참고","http://www.jeju43peace.or.kr/","2026-07-10","2026-07-31"
"630 ","백운장학회(진안)","장학생","지자체(출자출연기관)","장학금","지역연고","과학고국제고마이스터고영재고예술고외국어고일반고자율고제한없음체육고","1학년2학년3학년제한없음","해당없음","해당없음","○ 50만원","해당없음","○ 전라북도 진안군 백운면에 본적이 있거나 또는 백운면에 주소를 3년 이상 두고 생활한 자 또는 그 자녀","※ 기관확인필요","○ 3명","○ 고등학교 재학중 1회 이상 선정불가○ 진안군내 타 장학회에서 장학금을 받은자※ 자세한 사항은 첨부파일 또는 홈페이지 참고","해당없음","○ 장학생 지원서○ 장학생 추천서○ 재학증명서○ 성적증명서○ 주민등록등본 및 가족관계증명서○ 가정환경 조사서○ 지방세 과세증명서※ 자세한 사항은 첨부파일 또는 홈페이지 참고","https://www.jinan.go.kr/town/index.jinanmenuCd=DOM_000000306000000000","2026-08-05","2026-08-31"
"631 ","하나금융나눔재단","하나장학생","기타","장학금","소득구분","과학고국제고마이스터고영재고예술고외국어고일반고자율고제한없음체육고","1학년2학년3학년제한없음","○ 직전학기 성적 반영○ 본인이 장애인인 경우 성적 요건 미적용","○ 기초생활수급자○ 차상위계층○ 가구당 월평균 건강보험료 16만원 이하※ 자세한 사항은 첨부파일 또는 홈페이지 참고","○ 50만원","○ 국내 고등학교 재학 중으로 생활 및 학업 여건이 어려운 학생 중 성적이 우수하고 인성과 품행이 밧듯하여 타의 모범이 되는 학생○ 고등학교 / 특수학교 / 정부인가 각종학교(대안학교) 재학생","해당없음","※ 기관확인필요","※ 기관확인필요","해당없음","해당없음","○ 하나장학생 신청서○ 개인정보 수집·이용 및 제공동의서○ 성적증명서(직전학기만)○ 주민등록등본○ 가족관계증명서○ 소득관련 증빙 서류○ 본인 또는 동거하는 부모가 장애인일 경우 장애인증명서※ 자세한 사항은 첨부파일 또는 홈페이지 참고","http://www.hanananum.com","2025-09-01","2025-09-30"
"632 ","고흥군교육발전위원회","귀향인 자녀 어울림 장학금","지자체(출자출연기관)","장학금","해당없음","과학고국제고마이스터고영재고예술고외국어고일반고자율고제한없음체육고","1학년2학년3학년제한없음","해당없음","해당없음","○ 30만원","○ 관내 고등학교로 전학해 온 귀향인 자녀(당해연도)","○ 부 또는 모의 등록기준지가 고흥군인 자※ 자세한 사항은 첨부파일 또는 홈페이지 참고","※ 기관확인필요","○ 20명","○ 1인 1회제한○ 1가정 1자녀 제한※ 자세한 사항은 첨부파일 또는 홈페이지 참고","해당없음","○ 신청서○ 주민등록등본○ 재학증명서○ 가족관계증명서○ 학부모 통장 사본※ 자세한 사항은 첨부파일 또는 홈페이지 참고","https://www.goheung.go.kr","2026-03-03","2026-12-31"
"633 ","재단법인청송군인재육성장학회","일반성적우수장학생","지자체(출자출연기관)","장학금","지역연고","과학고국제고마이스터고영재고외국어고일반고","2학년3학년","○ 관내 고등학교 재학생으로 직전 학년 성적이 100분의 20이내인 자","해당없음","○ 100만원","○ 관내 고등학교 재학생","○ 공고일 현재 부모 또는 보호자가 1년 이상 계속하여 청송군에 주민등록이 되어 있는 학생","※ 기관확인필요","※ 기관확인필요","○ 국가 또는 지방자치단체/ 공공단체 및 민간단체로부터 본 장학회에서 지급하는 장학금의 300% 이상을 받은 자 제외※ 자세한 사항은 첨부파일 또는 홈페이지 참고","○ 학교장 추천으로 선발","○ 장학생지원신청서○ 장학금지급신청서○ 주민등록등본○ 성적증명서○ 장학생 추천서(신입생 해당자)※ 자세한 사항은 첨부파일 또는 홈페이지 참고","http://www.csjanghak.or.kr/","2026-02-02","2026-02-27"
"634 ","재단법인청송군인재육성장학회","특기장학생","지자체(출자출연기관)","장학금","지역연고","예술고일반고체육고","1학년2학년3학년","해당없음","해당없음","○ 국가대표 선발 3백만원○ 전국1위 1백만원○ 전국2위 75만원○ 전국3위 및 도 단위1위 50만원","○ 관내 고등학교 재학생○ 예·체능 특기 소유 학생으로 전년도 도 단위 1위 또는 전국대회 3위 이상 입상한 자","○ 공고일 현재 부모 또는 보호자가 1년 이상 계속하여 청송군에 주민등록이 되어 있는 학생","※ 기관확인필요","※ 기관확인필요","○ 국가 또는 지방자치단체/ 공공단체 및 민간단체로부터 본 장학회에서 지급하는 장학금의 300% 이상을 받은 자 제외※ 자세한 사항은 첨부파일 또는 홈페이지 참고","○ 학교장 추천","○ 장학생지원신청서○ 장학금지급신청서○ 주민등록초본○ 가족관계증명서○ 특기관련 성적증명서○ 장학생추천서※ 자세한 사항은 첨부파일 또는 홈페이지 참고","http://www.csjanghak.or.kr/","2026-02-02","2026-02-27"
"635 ","재단법인청송군인재육성장학회","고등학교입학우수장학생","지자체(출자출연기관)","장학금","지역연고","과학고국제고마이스터고영재고예술고외국어고일반고체육고","해당없음","○ 고등학교 입학 성적이 100분의 20 이내","해당없음","○ 100만원","○ 관내 중학교를 졸업한 관내 고등학교 입학생","○ 공고일 현재 부모 또는 보호자가 1년 이상 계속하여 청송군에 주민등록이 되어 있는 학생","※ 기관확인필요","※ 기관확인필요","○ 국가 또는 지방자치단체/ 공공단체 및 민간단체로부터 본 장학회에서 지급하는 장학금의 300% 이상을 받은 자 제외※ 자세한 사항은 첨부파일 또는 홈페이지 참고","○ 학교장 추천","○ 장학생지원신청서○ 장학금지급신청서○ 주민등록초본○ 가족관계증명서○ 성적증명서○ 장학생추천서※ 자세한 사항은 첨부파일 또는 홈페이지 참고","http://www.csjanghak.or.kr/","2026-02-02","2026-02-27"
"636 ","재단법인청송군인재육성장학회","청송인재양성원입학우수장학생","지자체(출자출연기관)","장학금","지역연고","일반고","해당없음","해당없음","해당없음","○ 1위 : 100만원○ 2위 : 70만원○ 3위 : 50만원","○ 관내 고등학교 신입생 및 재학생 중 2026년 청송인재양성원 수강생 선발시험 성적 우수자","○ 선발 공고일 현재 부모 또는 보호자의 주민등록이 청송군 내에 있고 관내 학교에 재학 중인 자","※ 기관확인필요","※ 기관확인필요","○ 국가 또는 지방자치단체/ 공공단체 및 민간단체로부터 본 장학회에서 지급하는 장학금의 300% 이상을 받은 자 제외※ 자세한 사항은 첨부파일 또는 홈페이지 참고","○ 청송인재양성원에서 추천","○ 장학금지급신청서※ 자세한 사항은 첨부파일 또는 홈페이지 참고","http://www.csjanghak.or.kr/","2026-02-02","2026-02-27"
"637 ","재단법인청송군인재육성장학회","저소득층자녀장학생","지자체(출자출연기관)","장학금","지역연고","과학고국제고마이스터고영재고예술고외국어고일반고체육고","해당없음","○ (신입생) 관내 고등학교 최종 내신 성적이 100분의 30 이내○ (재학생) 직전 학년(1·2학기 전체) 성적이 100분의 30 이내","○ 국민기초생활보장수급 및 차상위 자녀","○ 100만원","○ 관내 중학교를 졸업하고 관내 고등학교에 입학하는 학생 또는 관내 고등학교 재학생(2~3학년)","○ 공고일 현재 부모 또는 보호자가 1년 이상 계속하여 청송군에 주민등록이 되어 있는 학생","※ 기관확인필요","※ 기관확인필요","○ 국가 또는 지방자치단체/ 공공단체 및 민간단체로부터 본 장학회에서 지급하는 장학금의 300% 이상을 받은 자 제외※ 자세한 사항은 첨부파일 또는 홈페이지 참고","○ 학교장 추천","○ 장학생지원신청서○ 장학금지급신청서○ 주민등록초본○ 가족관계증명서○ 성적증명서○ 장학생추천서○ 국민기초생활수급자증명서 및 차상위계층증명서※ 자세한 사항은 첨부파일 또는 홈페이지 참고","http://www.csjanghak.or.kr/","2026-02-02","2026-02-27"
"638 ","재단법인청송군인재육성장학회","다자녀가정특별장학생","지자체(출자출연기관)","장학금","지역연고","과학고국제고마이스터고영재고예술고외국어고일반고체육고","해당없음","해당없음","해당없음","○ 100만원","○ 다자녀가정 특별 장학생: 세 자녀 이상을 둔 가정의 셋째 자녀부터 신청가능○ 관내·외 고등학교 재학생 성적 제한 없음","○ 공고일 현재 부모 또는 보호자가 1년 이상 계속하여 청송군에 주민등록이 되어 있는 학생","※ 기관확인필요","※ 기관확인필요","○ 국가 또는 지방자치단체/ 공공단체 및 민간단체로부터 본 장학회에서 지급하는 장학금의 300% 이상을 받은 자 제외※ 자세한 사항은 첨부파일 또는 홈페이지 참고","해당없음","○ 장학생지원신청서○ 장학금지급신청서○ 재학증명서○ 주민등록초본○ 가족관계증명서※ 자세한 사항은 첨부파일 또는 홈페이지 참고","http://www.csjanghak.or.kr/","2026-02-02","2026-02-27"
"639 ","재단법인청송군인재육성장학회","지역고등학교살리기장학생","지자체(출자출연기관)","장학금","지역연고","과학고국제고마이스터고영재고예술고외국어고일반고체육고","해당없음","○ (신입생) 중학교 3학년의 현원 수에 비례하여 10명 당 1명을 배정하며 1~3등까지 추천○ (재학생) 해당 학년 상위 30% 성적 유지 시 선발","해당없음","○ 200만원","○ (신입생) 관내 고등학교에 진학한 관내 중학교 3학년 성적우수자○ (재학생) 이전 관내 고등학교 살리기 장학생으로 선발된 자","○ 공고일 현재 부모 또는 보호자가 1년 이상 계속하여 청송군에 주민등록이 되어 있는 학생","○ 적격자에 한해 이사회에서 심의 의결","※ 기관확인필요","○ 국가 또는 지방자치단체 공공단체 및 민간단체로부터 본 장학회에서 지급하는 장학금의 300% 이상을 받은 자 제외○ 청송군인재육성장학회 내의 장학금과 중복지급 가능(포상금 성격)※ 자세한 사항은 첨부파일 또는 홈페이지 참고","○ 학교장 추천","○ 장학생추천서○ 장학금지급신청서※ 자세한 사항은 첨부파일 또는 홈페이지 참고","http://www.csjanghak.or.kr/","2026-02-02","2026-02-27"
"640 ","재단법인청송군인재육성장학회","의사상자녀장학생","지자체(출자출연기관)","장학금","지역연고","과학고국제고마이스터고영재고예술고외국어고일반고자율고제한없음체육고","1학년2학년3학년제한없음","해당없음","해당없음","※ 기관확인필요","○ 직무 외의 행위로서 구조행위를 하다가 사망 또는 신체상 부상을 입은 사람으로 보건복지부장관이「의사상자 등 예우 및 지원에 관한 법률·시행령」에 따라 의사상자로 인정한 사람의 자녀○ 청송군민이 의로운 행위를 하다가 의사상자가 된 경우○ 군에 주소를 두지 아니한 사람이 군 관할구역 내에서 의로운 행위를 하다가 의사상자가 된 경우","해당없음","※ 기관확인필요","※ 기관확인필요","○ 2026년 2월 졸업(예정)자 및 2026년 휴학중(예정)인 자○ 만 35세 이상○ 국가 또는 지방자치단체·공공단체 및 민간단체로부터 본 장학회에서 지급하는 장학금의 300% 이상을 받은 자※ 자세한 사항은 첨부파일 또는 홈페이지 참고","해당없음","○ 장학생지원신청서○ 장학금지급신청서○ 재학증명서○ 가족관계증명서○ 의사상자 인정결과 통보서※ 자세한 사항은 첨부파일 또는 홈페이지 참고","http://www.csjanghak.or.kr/","2026-02-02","2026-02-27"
"641 ","재단법인 평택시 장학재단","특기장학생","지자체(출자출연기관)","장학금","특기자","과학고국제고마이스터고영재고예술고외국어고일반고자율고제한없음체육고","1학년2학년3학년제한없음","해당없음","해당없음","○ 100만원","○ 2024년도 공신력있는기관(정부중앙부처 및 지자체 등) 주최한 대회에서 장려 또는 3위 이상 입상한 자(관련기관 및 협회 포함)","○ 공고일 기준 평택시에 주민등록을 두고 1년이상 거주하고 있는 시민 또는 시민의 자녀","○ 수상실적 100% 가산점(다자녀/ 자원봉사/ 장애인)※ 자세한 사항은 첨부파일 또는 홈페이지 참고","○ 20명※ 대학생 선발인원 포함","해당없음","해당없음","○ 신청서○ 재학증명서○ 주민등록표 초본(주소변동사항 포함 발급)○ 가족관계증명서○ 기능 및 예체능 분야 수상 증명(확인)서○ 2022년 자원봉사실적 확인서(해당자)○ 장애인증명서(해당자)○ 법정대리인동의서※ 자세한 사항은 첨부파일 또는 홈페이지 참고","http://www.ptsf.or.kr","2025-05-12","2025-05-23"
"642 ","(재) 창원시장학회","고등학교 장학금","지자체(출자출연기관)","장학금","지역연고","과학고국제고마이스터고영재고예술고외국어고일반고체육고","해당없음","○ 해당없음","○ 해당없음","○ 50만원","○ 창원시 소재 고등학교 재학생(학년 구분 없음) 중 해당 고등학교장이 추천한 자","○ 본인 또는 부모 중 한사람의 주소가 공고일 기준 창원시에 등록되어야 함","※ 기관확인필요","○ 고등학교 장학금 192명","○ 타 장학금과 중북 지원 불가","○ 학교장 추천","○ 장학금 지원 신청서 개인 작성○ 우편접수 시 해당 학교장의 공문 필히 첨부○ 부모님 통장사본 및 주민등록등본 1통※ 자세한 사항은 첨부파일 또는 홈페이지 참고","http://www.jhjh.or.kr","2026-03-06","2026-03-27"
"643 ","(재) 창원시장학회","해외문화탐방 장학생","지자체(출자출연기관)","장학금","지역연고","과학고국제고마이스터고영재고예술고외국어고일반고체육고","해당없음","○ 해당없음","○ 해당없음","○ 140만원","○ 창원시 50개 고등학교 2학년 재학생 중 모범적인 학생 ","○ 본인 또는 부모 중 한사람의 주소가 공고일 기준 창원시에 등록되어야 함","○ 해당없음","○ 50명","○ 해외 여행에 결격사유가 없는 학생","○ 해당 학교장 추천","○ 신청서○ 해당 학교장의 공문○ 여권 사본","해당없음","2026-03-06","2026-03-27"
"644 ","(재)건화문화장학재단","건화 문화예술상 장학생","기타","장학금","해당없음","예술고","1학년2학년3학년제한없음","○ 수상년도 1학기 전공성적이 5% 이내인 자","○ 가정형편이 어려운 자 (중위소득 70% 이내인 자)○ 기타 가정형편의 어려움을 증빙할 수 있는 자","○ 500만원","○ 경북예술고등학교 재학생○ 최근 3년 내 국내외 권위있는 콩쿨 수상 실적이 있는 자 (전국 단위 이상의 콩쿨 실적 3위 이내)","해당없음","○ 1차 서류심사○ 2차 면접","○ 1명","※ 기관확인필요","○ 담임 추천","○ 담임 추천서○ 지원신청서 및 자기소개서○ 학교생활기록부○ 수상 관계 상장 사본○ 주민등록등본 (주소지가 다른 경우 가족관계증명서)○ 가정형편 증명 서류/건강·장기요양보험료 납부 확인서※ 자세한 사항은 첨부파일 또는 홈페이지 참고","https://gahs.dge.hs.kr/gahsh/na/ntt/selectNttInfo.domi=10042735&bbsId=10042735&nttSn=41252043","2026-07-27","2026-08-07"
"645 ","부용장학재단","장학금","기타","장학금","기타","과학고국제고마이스터고영재고예술고외국어고일반고자율고제한없음체육고","1학년2학년3학년제한없음","해당없음","해당없음","※ 기관확인필요","※ 기관확인필요","해당없음","※ 기관확인필요","※ 기관확인필요","※ 기관확인필요","해당없음","○ 2025학년도 성적증명서 1통○ 주민등록등본 1통 (신규 장학생만 제출)○ 입학 확인서 또는 합격통지서 1부○ 중학교 생활기록부 1부※ 자세한 사항은 첨부파일 또는 홈페이지 참고","http://cafe.daum.net/buyongsf","2026-02-04","2026-02-12"
"646 ","황해도장학회","장학생","기타","장학금","지역연고","과학고국제고마이스터고영재고예술고외국어고일반고자율고제한없음체육고","1학년2학년3학년제한없음","해당없음","해당없음","○ 50만원","○ 향토 사업에 참여하여 청년회 및 후계세대 활동 및 애향활동을 하고 있는 자","○ 황해도 출신자 또는 자녀","○ 황해도 각 시/군 및 기관단체에서 선발※ 자세한 사항은 첨부파일 또는 홈페이지 참고","○ 00명","해당없음","해당없음","○ 장학금 지원 신청서○ 청년회 및 후계세대 활동 서약서○ 장학금 지원 신청인의 공적사항 또는 활동계획서○ 제적등본 또는 가족관계증명서 중 1부※ 자세한 사항은 첨부파일 또는 홈페이지 참고","http://www.ibuk5do.go.kr/5do/frt/main.do","2025-05-12","2025-05-30"
"647 ","대사습기능후원회","장학생","기타","장학금","특기자","과학고국제고마이스터고영재고예술고외국어고일반고자율고제한없음체육고","1학년2학년3학년제한없음","해당없음","해당없음","○ 각 70만원","○ 전국 고등학교 재학생 중 국악 전공자○ 대사습놀이학생전국대회 각 부문 장원자로서 우리 국악의 후계자로 재능이 뛰어난 자○ 국악발전에 현저한 공이 있는 국악예술인의 자녀로서 국악에 전심하며 성적이 우수하고 품행이 단정한 자○ 우리나라 국악예술 발전/ 계승에 자질이 인정되며 장래가 유망한 자※ 자세한 사항은 첨부파일 또는 홈페이지 참고","해당없음","※ 기관확인필요","○ 5명","○ 타 기관 및 단체 장학금 수여자 제외","해당없음","○ 추천서 ○ 주민등록등본 1부 ○ 재학증명서 1부 ○ 생활기록부○ 본인명의 통장 사본 1부※ 자세한 사항은 첨부파일 또는 홈페이지 참고","http://www.jjdss.or.kr/index.php","2025-11-27","2025-12-10"
"648 ","중소기업사랑나눔재단","희망드림장학","공공기관","장학금","해당없음","과학고국제고마이스터고영재고예술고외국어고일반고자율고제한없음체육고","1학년2학년3학년제한없음","해당없음","해당없음","○ 1인 200만원","○ 중소기업 임직원 중 고교생 자녀를 둔 한부모 가정","해당없음","※ 기관확인필요","○ 총 100명","○ 1가구당 1자녀만 신청 가능하며 2자녀 이상 신청시 서류 탈락 처리○ 신청서 및 제출서류 허위 사실 발견 시 탈락 처리○ 장학금 전달식 필수 참석○ 생활기록부 제출 시 석차등급이 포함되어있어야 함※ 자세한 사항은 첨부파일 또는 홈페이지 참고","해당없음","○ 부모명의 가족관계증명서 (부모)○ 2025년 건강보험자격득실확인서 (부모)○ 2025년 건강보험료 납부확인서 (부모)○ 생활기록부 (자녀)○ 2025년 수상내역 (자녀)※ 자세한 사항은 첨부파일 또는 홈페이지 참고","https://csr.kbiz.or.kr/business/businessboardNo=387","2025-12-22","2026-01-09"
"649 ","(재)한국로타리장학문화재단","장학생","지자체(출자출연기관)","장학금","해당없음","과학고국제고마이스터고영재고예술고외국어고일반고자율고제한없음체육고","1학년2학년3학년제한없음","해당없음","해당없음","○ 학업지원비(생활비)※ 기관확인필요","○ 고등학생 (국내·외 정규교육과정 학교 / 재학중인 내외국인 학생 모두 가능)","해당없음","※ 기관확인필요","※ 기관확인필요","※ 기관확인필요","○ 클럽장학생: 클럽의 장학위원장(회장) 혹은 학생의 지도교수(교사등 추천○ 관명 장학생: 관명인 추천","○ 신규 장학생 재학증명서 추천서 자기소개서 개인정보 활용동의서 수혜학생 또는 클럽 명의의 통장 사본○ 계속 장학생 재학증명서 수혜학생 또는 클럽 명의의 통장 사본※ 자세한 사항은 첨부파일 또는 홈페이지 참고","http://www.rotarykorea.org","2026-08-03","2026-10-31"
"650 ","재단법인 파주시행복장학회","희망장학생","지자체(출자출연기관)","장학금","지역연고","과학고국제고마이스터고영재고예술고외국어고일반고자율고제한없음체육고","해당없음","해당없음","해당없음","○ 100만원","○ 불우한 생활환경으로 학업이 곤란하나 학업에 의지가 있고 타의 모범이 되는 학생","○ 장학생 선발 공고일 현재 주민등록상 부/모 세대주와 학생이 3년 이상 파주시에 계속 거주하고 있는 시민의 자녀","※ 기관확인필요","○ 46명","해당없음","○ 학교장","○ 장학금 지급대상자 추천서○ 장학금 신청서○ 개인정보 제공 동의서○ 재학증명서○ 학생과 세대주 주민등록초본 개인별 각 1통○ 가족관계증명서○ 각종 증빙서류※ 자세한 사항은 첨부파일 또는 홈페이지 참고","http://www.happypaju.or.kr","2026-02-02","2026-03-10"
"651 ","재단법인청양사랑인재육성장학회","내고장학교보내기장학","지자체(출자출연기관)","장학금","지역연고","과학고국제고마이스터고영재고예술고외국어고일반고체육고","1학년","○ 고둥학교 신입생으로 군내 중학교를 졸업하고 고등학교 입학생 중 입학성적 1~2위인 자○ 군내 중학교 성적 상위 10%이내인 자 중 군내 고등학교에 입학한 자(입학성적 1·2위인 자 제외)","○ 해당없음","○ 100만원 ~ 300만원※ 자세한 사항은 첨부파일 또는 홈페이지 참고","○ 2026학년도 신입생○ 군내 고등학교 입학생 중 입학성적 1~2위인 자○ 군내 중학교 성적 상위 10%이내인 자 중 군내 고등학교에 입학한 자","○ 장학생 선발 공고일 1년 전부터 계속하여 부모 또는 본인이 청양군에 주소를 두고 거주하는 자","※ 기관확인필요","※ 기관확인필요","○ 신청일 현재 휴학생 및 휴학예정자○ 이장자녀장학금/ 새마을지도자녀장학금/ 의용소방대원자녀장학금 수혜자/ 농업인자녀 학자금 등 장학금 중복 수혜○ 재학 중 학교폭력 등으로 징계를 받은 사실이 있는 자※ 자세한 사항은 첨부파일 또는 홈페이지 참고","해당없음","○ 장학금지원신청서○ 개인정보동의서○ 중학교 졸업증명서○ 재학증명서○ 주민등록등본(주소이력포함)※ 자세한 사항은 첨부파일 또는 홈페이지 참고","http://www.cylove.kr","2026-03-03","2026-03-31"
"652 ","재단법인청양사랑인재육성장학회","성적우수(군내)","지자체(출자출연기관)","장학금","지역연고","과학고국제고마이스터고영재고외국어고일반고","1학년2학년3학년제한없음","○ (고1) 중학교 3학년 과목별 성적이 'B(원점수 80점)' 이상인 자○ (고2) 직전 학년 과목별 석차등급 2등급 이내/절대평가 과목별 성취도 B이상인 자○ (고3) 직전 학년 과목별 석차등급 4등급 이내/절대평가 과목별 성취도 B이상인 자","○ 해당없음","○ 40만원","○ 군내 고등학교 재학생으로 성적우수자","○ 장학생 선발 공고일 1년 전부터 계속하여 부모 또는 본인이 청양군에 주소를 두고 거주하는 자","※ 기관확인필요","※ 기관확인필요","○ 신청일 현재 휴학생 및 휴학예정자○ 이장자녀장학금/ 새마을지도자녀장학금/ 의용소방대원자녀장학금 수혜자/ 농업인자녀 학자금 등 장학금 중복 수혜○ 재학 중 학교폭력 등으로 징계를 받은 사실이 있는 자※ 자세한 사항은 첨부파일 또는 홈페이지 참고","해당없음","○ 장학금지원신청서○ 개인정보동의서○ 재학증명서○ 성적증명서(직전학년)○ 주민등록초본○ 장학금비수혜확인서※ 자세한 사항은 첨부파일 또는 홈페이지 참고","http://www.cylove.kr","2026-03-03","2026-03-31"
"653 ","재단법인청양사랑인재육성장학회","성적우수(군외)","지자체(출자출연기관)","장학금","지역연고","과학고국제고마이스터고영재고외국어고일반고","해당없음","○ (고1) 관내 중학교 3학년 과목별 성적이 성취도 B이상인 자○ (고2) 직전 년도 상상대평가 과목별 석차등급 2등급 이내/절대평가 과목별 성취도 B 이상으로 이중 석차등급 1등급 이내 성취도 A가 60% 이상인 자","해당없음","○ 40만원","○ 군내 초등학교와 중학교를 졸업","○ 장학생 선발 공고일 1년 전부터 계속하여 부모 또는 본인이 청양군에 주소를 두고 거주하는 자","※ 기관확인필요","※ 기관확인필요","○ 신청일 현재 휴학생 및 휴학예정자○ 이장자녀장학금/ 새마을지도자녀장학금/ 의용소방대원자녀장학금 수혜자/ 농업인자녀 학자금 등 장학금 중복 수혜○ 재학 중 학교폭력 등으로 징계를 받은 사실이 있는 자※ 자세한 사항은 첨부파일 또는 홈페이지 참고","해당없음","○ 장학금지원신청서○ 개인정보동의서○ 초등학교 졸업증명서○ 중학교 졸업증명서○ 재학증명서○ 직전학년 성적증명서○ 주민등록초본○ 장학금비수혜확인서※ 자세한 사항은 첨부파일 또는 홈페이지 참고","http://www.cylove.kr","2026-03-03","2026-03-31"
"654 ","재단법인청양사랑인재육성장학회","검정고시합격장학생","지자체(출자출연기관)","장학금","해당없음","과학고국제고마이스터고영재고예술고외국어고일반고자율고제한없음체육고","1학년2학년3학년제한없음","해당없음","해당없음","○ 중학교 졸업학력 검정고시 합격 장학금: 30만원○ 고등학교 졸업학력 검정고시 합격 장학금: 40만원","○ 25학년도 중고등학교 졸업학력 검정고시에 합격한 학교 밖 청소년","○ 장학생 선발 공고일 1년 전부터 계속하여 부모 또는 본인이 청양군에 주소를 두고 거주","※ 기관확인필요","※ 기관확인필요","해당없음","해당없음","○ 신청서○ 검정고시 합격증명서○ 주민등록초본※ 자세한 사항은 첨부파일 또는 홈페이지 참고","https://www.cheongyang.go.kr","2025-08-25","2025-09-08"
"655 ","예산사랑장학회","예산사랑장학생","지자체(출자출연기관)","장학금","해당없음","과학고국제고마이스터고영재고예술고외국어고일반고자율고제한없음체육고","1학년2학년3학년제한없음","※ 자세한 사항은 첨부파일 또는 홈페이지 참고","※ 자세한 사항은 첨부파일 또는 홈페이지 참고","○ 70만원","○ 예산군 주소를 둔 고등학교 재학생 중 아래의 각 호 중 하나 충족○ 봉사 효행 선행하고 품행이 바름○ 다문화 가정○ 다자녀가정 (2자녀 이상)○ 저소득 가정 또는 장애가 있는 고등학생※ 자세한 사항은 첨부파일 또는 홈페이지 참고","○ 공고일 기준 이전부터 계속하여 학생 본인이 예산군에 주민등록주소를 둔 관외 고교 재학생○ 대리신청(부모) 가능※ 자세한 사항은 첨부파일 또는 홈페이지 참고","○ 서류심사위원회 심의를 거쳐 선발","○ 5명(우수장학생 포함)","○ 최근 2년 (2024~2025년) 이내 수혜자 제외○ 예산군에서 지급하는 다른 장학금 (다자녀가정 이장자녀장학금 새마을지도자장학금 등) 수혜자※ 자세한 사항은 첨부파일 또는 홈페이지 참고","※ 자세한 사항은 첨부파일 또는 홈페이지 참고","○ 장학금 지원 신청서○ 신청인 서약서○ 주민등록 초본○ 가족관계증명서○ 재학증명서※ 자세한 사항은 첨부파일 또는 홈페이지 참고","https://yesan.go.kr/bbs/BBSMSTR_000000000046/view.donttId=B000000162968Ry1iO6 ","2026-04-17","2026-05-07"
"656 ","예산사랑장학회","우수장학생","지자체(출자출연기관)","장학금","해당없음","과학고국제고마이스터고영재고예술고외국어고일반고자율고제한없음체육고","1학년2학년3학년제한없음","※ 자세한 사항은 첨부파일 또는 홈페이지 참고","※ 자세한 사항은 첨부파일 또는 홈페이지 참고","○ 70만원","○ 예산군 주소를 둔 고등학교 재학생 중 인문 사회 과확 예술 체육 등 2025년 중앙부처 주관 경연대회에서 전국 3위 이내의 성적을 거둔 학생(개인 성적)○ 예산군 주소를 둔 고등학교 재학생중 해당 고등학교 입학성적이 10/100 이내이거나 직전학기 성적이 10/100이내인 학생 ※ 자세한 사항은 첨부파일 또는 홈페이지 참고","○ 공고일 기준 이전부터 계속하여 학생 본인이 예산군에 주민등록주소를 둔 관외 고교 재학생○ 대리신청(부모) 가능","○ 서류심사위원회 심의를 통해 선발","○ 5명 (예산 사랑 장학생 포함)","○ 최근 2년 (2024~2025년) 이내 수혜자 제외○ 예산군에서 지급하는 다른 장학금 (다자녀가정 이장자녀장학금 새마을지도자장학금 등) 수혜자※ 자세한 사항은 첨부파일 또는 홈페이지 참고","※ 자세한 사항은 첨부파일 또는 홈페이지 참고","○ 장학금 지원 신청서○ 신청인 서약서○ 주민등록 초본○ 가족관계증명서○ 재학증명서※ 자세한 사항은 첨부파일 또는 홈페이지 참고","https://yesan.go.kr/bbs/BBSMSTR_000000000046/view.donttId=B000000162968Ry1iO6  ","2026-04-17","2026-05-07"
"657 ","한국산림복지진흥원","녹색 학업장학","공공기관","장학금","성적우수","마이스터고일반고","1학년2학년3학년제한없음","○ 저소득층: 성적기준 없음○ 일반: 직전학기 성적 70점 이상(100점 만점 환산점수 기준)","○ 고등학생: 저소득층(수급자 차상위계층)은 가점 부여 3점","○ 고등학생: 도서문화상품권 30만원","○ 산림 임업인 본인 및 자녀○ 산림 임업 관련 전공자","해당없음","○ 성적(100%) 가점(최대 3점)으로 점수 산출 및 고득점 순 선발","○ 60명○ 장학유형별 신청상황 등에 따라 지원규모가 조정될 수 있음","○ 관공서 공공기관 산림청 관련 특수법인 대기업 재직자의 자녀는 지원 불가○ 당해년도 내 녹색장학사업 타 유형과 중복수혜 불가○ 타 장학금과 녹색장학금의 합이 300만원을 넘지 않아야함○ 등록금(수업료) 실비 이상 타 기관 장학금과의 중복 수혜 불가○ 과거 수혜이력이 있는 동일한 유형의 장학금 재신청 불가○ 동일가구 내 2인이상 지원","해당없음","○ 장학금 유형별 제출서류가 상이함※ 자세한 사항은 첨부파일 또는 홈페이지 참고","https://www.fowi.or.kr","2025-09-11","2025-10-01"
"658 ","사단법인봉화군교육발전위원회","성적우수장학생","지자체(출자출연기관)","장학금","성적우수","과학고국제고마이스터고영재고예술고외국어고일반고자율고제한없음체육고","1학년2학년3학년제한없음","○ 재학생 : 직전학기 성적이 상위 10% 이내인 학생","해당없음","○ 50만원","○ 봉화군 관내 고등학생으로 성적우수자","○ 신청일 현재 본인 또는 부·모·보호자 중 1인이 봉화군에 주민등록 주소지를 두고 있는 군민 (고등학생은 본인이 봉화군에 주소를 두고 있어야 함)","○ 학교장 추천 및 장학위원회 심의 의결을 거쳐 선발","○ 40명* 봉화고 : 20명* 한국산림과학고 : 10명* 한국펫고 : 10명","○ 이장·새마을지도자·의용소방대·저소득층 자녀 장학금 대상자는 신청 불가○ 학교 등 타 기관으로부터 등록금액을 초과하여 장학금을 받고 있지 아니할 것※ 자세한 사항은 첨부파일 참고","○ 학교장 추천","○ 장학생 추천서○ 주민등록초본○ 장학금 지급신청서○ 서약서○ 개인정보 제공 및 수집 동의서○ 가족관계증명서○ 재학증명서○ 성적증명서※ 자세한 사항은 첨부파일 또는 홈페이지 참고","http://www.bonghwa.go.kr","2026-04-15","2026-05-14"
"659 ","사단법인봉화군교육발전위원회","희망장학생","지자체(출자출연기관)","장학금","지역연고","과학고국제고마이스터고영재고예술고외국어고일반고자율고제한없음체육고","1학년2학년3학년제한없음","해당없음","○ 국민기초생활수급자·차상위계층 등 가정형편이 어려운 학생","○ 50만원","○ 농산촌 유망선수 육성을 위한 체육특기생으로 학교장이 추천한 자(가정형편이 어려운 학생 우선 선발)○ 국민기초생활수급자·차상위계층 등 가정형편이 어려운 학생(조손가정·한부모가정·장애가정 우선선발)","○ 신청일 현재 본인 또는 부모(보호자)가 봉화군에 주민등록 주소지를 두고 있는 관내 학교 재학생","○ 학교장 추천 및 장학위원회 심의 의결을 거쳐 선발","○ 30명(중학생 포함)","○ 이장·새마을지도자·의용소방대·저소득층 자녀 장학금 대상자는 신청 불가○ 학교 등 타 기관으로부터 등록금액을 초과하여 장학금을 받고 있지 아니할 것","○ 학교장 추천에 의한 일괄 신청","○ 장학생 추천서○ 주민등록등본○ 장학금 지급신청서○ 서약서○ 개인정보 제공 및 수집 동의서○ 가족관계증명서(본인과 부모 주소가 다른 경우 제출)○ 기초생활수급자 증명서 또는 차상위계층 증명서(해당자)○ 기타 해당자는 건강보험료 납부확인서※ 자세한 사항은 첨부파일 또는 홈페이지 참고","http://www.bonghwa.go.kr","2025-04-21","2025-05-16"
"660 ","사단법인봉화군교육발전위원회","특기장학생","지자체(출자출연기관)","장학금","특기자","예술고일반고체육고","1학년2학년3학년제한없음","해당없음","해당없음","○ 개인 : 100만원 이내○ 단체(팀) : 200만원 이내※ 대회 규모 및 수상성적에 따른 차등지급으로 자세한 사항은 첨부파일 참조","○ 전국단위 및 도단위 대회 3위 이내 입상자* 입상실적 : 2025.5.17. ~ 2026.5.14. 기간 내 실적만 인정","○ 신청일 현재 본인 또는 부·모·보호자 중 1인이 봉화군에 주민등록 주소지를 두고 있는 군민 (고등학생은 본인이 봉화군에 주소를 두고 있어야 함)","○ 학교장 추천 및 장학위원회 심의 의결을 거쳐 선발","○ 개인 20명/단체 5팀 내외(초·중·대학생 포함)","○ 이장·새마을지도자·의용소방대·저소득층 자녀 장학금 대상자는 신청 불가○ 학교 등 타 기관으로부터 등록금액을 초과하여 장학금을 받고 있지 아니할 것※ 자세한 사항은 첨부파일 참고","○ 학교장 추천에 의한 일괄 선발","○ 장학생 추천서○ 주민등록초본○ 장학금 지급신청서○ 서약서○ 개인정보 제공 및 수집 동의서○ 가족관계증명서○ 입상증명서 사본※ 자세한 사항은 첨부파일 또는 홈페이지 참고","http://www.bonghwa.go.kr","2026-04-15","2026-05-14"
"661 ","사단법인봉화군교육발전위원회","진학장학생","지자체(출자출연기관)","장학금","지역연고","과학고국제고마이스터고영재고예술고외국어고일반고자율고제한없음체육고","1학년","해당없음","해당없음","○ 50만원","○ 관내 고등학교나 농업 고등학교에 입학생","○ 신청일 현재 본인 또는 부·모·보호자 중 1인이 봉화군에 주민등록 주소지를 두고 있는 군민 (고등학생은 본인이 봉화군에 주소를 두고 있어야 함)","○ 학교장 추천 및 장학위원회 심의 의결을 거쳐 선발","○ 180명","○ 이장·새마을지도자·의용소방대·저소득층 자녀 장학금 대상자는 신청 불가○ 학교 등 타 기관으로부터 등록금액을 초과하여 장학금을 받고 있지 아니할 것※ 자세한 사항은 첨부파일 참고","○ 학교장 추천에 의한 일괄 신청","○ 장학생 추천서○ 주민등록초본○ 장학금 지급신청서○ 서약서○ 개인정보 제공 및 수집 동의서○ 가족관계증명서○ 재학증명서※ 자세한 사항은 첨부파일 또는 홈페이지 참고","http://www.bonghwa.go.kr","2026-04-15","2026-05-14"
"662 ","사단법인봉화군교육발전위원회","기숙사비 장학금","지자체(출자출연기관)","장학금","지역연고","과학고국제고마이스터고영재고예술고외국어고일반고자율고제한없음체육고","1학년2학년3학년제한없음","해당없음","해당없음","○ 20만원※ 2024년도 한시적 지원","○ 관내 고등학교 기숙사생","○ 신청일 현재 본인 또는 부모(보호자)가 봉화군에 주민등록 주소지를 두고 있는 관내 학교 재학생","○ 학교장 추천 및 장학위원회 심의 의결을 거쳐 선발","○ 340명","○ 이장·새마을지도자·의용소방대·저소득층 자녀 장학금 대상자는 신청 불가○ 학교 등 타 기관으로부터 등록금액을 초과하여 장학금을 받고 있지 아니할 것○ 지원기간에 타 지자체로 주소 이전 시 해당 기간 장학금 환수","○ 학교장 추천에 의한 일괄 신청","○ 장학생 추천서○ 주민등록등본○ 장학금 지급신청서○ 서약서○ 개인정보 제공 및 수집 동의서○ 가족관계증명서(본인과 부모 주소가 다른 경우 제출)○ 주민등록초본○ 기숙사 입사 여부 확인서※ 자세한 사항은 첨부파일 또는 홈페이지 참고","http://www.bonghwa.go.kr","2024-04-18","2024-05-14"
"663 ","사단법인봉화군교육발전위원회","자격증장학금","지자체(출자출연기관)","장학금","기타","과학고국제고마이스터고영재고예술고외국어고일반고자율고제한없음체육고","3학년","해당없음","해당없음","○ 50만원","○ 고등학교 3학년 재학생 : 당해연도 취득한 자격증○ 국가기술자격증(총 544개) 또는 국가공인민간자격증(총 95개)○ 운전면허증 신청 가능","○ 신청일 현재 본인 또는 부·모·보호자 중 1인이 봉화군에 주민등록 주소지를 두고 있는 군민 (고등학생은 본인이 봉화군에 주소를 두고 있어야 함)","○ 공고 접수기간 종료 이후 접수된 건에 대하여 장학위원회 심의·의결을 거쳐 분기별로 지급","○ 170명(고3 및 대학생 포함)","○ 국민내일배움카드 발급 대상자 제외○ 이장·새마을지도자·의용소방대·저소득층 자녀 장학금 대상자는 신청 불가○ 학교 등 타 기관으로부터 등록금액을 초과하여 장학금을 받고 있지 아니할 것○ 1인 1회에 한하여 지급※ 자세한 사항은 첨부파일 참고","해당없음","○ 장학생 추천서○ 주민등록초본○ 장학금 지급신청서○ 서약서○ 개인정보 제공 및 수집 동의서○ 가족관계증명서○ 자격증 사본※ 자세한 사항은 첨부파일 또는 홈페이지 참고","http://www.bonghwa.go.kr","2026-04-15","2026-12-28"
"664 ","(재)농촌청소년미래재단","장학생","기타","장학금","기타","과학고국제고마이스터고영재고예술고외국어고일반고자율고제한없음체육고","1학년","○ 교내 성적 20%이내","○ 세대 의료보험료 월 부과금 15만원 이내","○ 고등학교 전 과정 학기당 110만원/연220만원 (선발 후 1학기부터 지급)○ 장학생으로 졸업 후 국공립시립 대학에 진학할 경우 4년 등록금 전액 지원○ 재단에서 진행하는 자기개발프로그램 연수 지원","○ 전국 고등학교 1학년 신입생 10명","해당없음","○ 1차 서류심사○ 2차 면접","○ 10명 내외외","○ 타 장학금 중복 수혜 불가","○ 담임교사 추천 필요","○ 장학생 지원 신청서 1부○ 자기소개서 1부○ 중학교 전학년생활기록부 사본 1부○ 담임선생님 추천서○ 주민등록등본 1부○ 보호자 건강보험료 납부확인서 1부※ 자세한 사항은 첨부파일 또는 홈페이지 참고","http://www.youthf.com","2026-01-20","2026-03-20"
"665 ","재단법인 마포인재육성장학재단","마포장학생","지자체(출자출연기관)","장학금","지역연고","과학고국제고마이스터고영재고예술고외국어고일반고체육고","1학년2학년3학년제한없음","○ 해당없음","○ 해당없음","○ 150만원","○ 만 30세 미만의 고등학교 재학생○ 재단에서 주최하는 행사(장학증서 수여식 등)/홍보활동(인터뷰 등)에 필수적인 참여가 가능한 학생","○ 공고일 현재 계속하여 6개월 이상 마포구에 거주하고 있는 자","○ 성적 / 재산정도 / 마포구 거주기간 별로 점수를 부여하여 장학생선정심사위원회 심의를 거쳐 고득점자 순으로 선발○ 마포구 행정도 기준으로 각 동별로 거주하고 있는 고등학교 재학생 1명 우선 선발※ 자세한 사항은 첨부파일 또는 홈페이지 참고","○ 36명","○ 선발분야 중 한가지 분야만 신청 가능○ 1년에 1가구당 1명 선발 / 다자녀 가정은 2자녀까지 신청 가능※ 자세한 사항은 첨부파일 또는 홈페이지 참고","○ 학교장 추천","○ 장학생 신청서○ 추천서○ 개인정보 수집·이용·제공·조회 동의서○ 주민등록초본○ 가족관계증명서○ 지방세세목별과세증명서○ 주택임대차계약신고필증 또는 확정일자 부여현황○ 가점증빙서류※ 자세한 사항은 첨부파일 또는 홈페이지 참고","http://www.mapojh.or.kr","2026-04-22","2026-04-28"
"666 ","재단법인 마포인재육성장학재단","인재육성장학생","지자체(출자출연기관)","장학금","지역연고","과학고국제고마이스터고영재고예술고외국어고일반고체육고","1학년2학년3학년제한없음","○ 2~3학년 : 인재육성장학생으로 선발된 학생 중 직전학기 전체석차 상위 5% 이내에 해당하는 학생※ 고등학교 1학년 학생은 2026년도 하반기에 선발 가능","○ 해당없음","○ 200만원","○ 만 30세 미만의 고등학교 재학생○ 마포구 소재 중학교를 졸업한 관내 9개 고등학교 재학생○ 경성고/ 상암고/ 광성고/ 서울여고/ 숭문고/ 홍익부속여고/ 서울디자인고/ 한세사이버보안고/ 홍익디자인고","○ 공고일 현재 계속하여 6개월 이상 마포구에 거주하고 있는 자","○ 각 학교별로 추천한 학생 1명 선발","○ 9명(학교당 1명)","○ 선발분야 중 한가지 분야만 신청 가능○ 1년에 1가구당 1명 선발 / 다자녀 가정은 2자녀까지 신청 가능※ 자세한 사항은 첨부파일 또는 홈페이지 참고","○ 학교장 추천 (학교별 1명 추천)","○ 장학생 신청서○ 추천서○ 개인정보 수집·이용·제공·조회 동의서○ 주민등록초본○ 가족관계증명서※ 자세한 사항은 첨부파일 또는 홈페이지 참고","http://www.mapojh.or.kr","2026-04-22","2026-04-28"
"667 ","재단법인 마포인재육성장학재단","성적우수장학생","지자체(출자출연기관)","장학금","지역연고","과학고국제고마이스터고영재고외국어고일반고","1학년2학년3학년제한없음","○ 2025년도 2학기 전체석차 상위 15% 이내인 자","○ 해당없음","○ 150만원","○ 만 30세 미만의 고등학교 재학생○ 관내 고등학교 : 광성고/ 경성고/ 상암고/ 서울여고/ 숭문고/ 홍익부속여고/ 서울디자인고/ 한세사이버보안고/ 홍익디자인고○ 관외 고등학교 : 마포구 관외 고등학교 재학생※ 자세한 사항은 첨부파일 또는 홈페이지 참고","○ 공고일 현재 계속하여 6개월 이상 마포구에 거주하고 있는 자","○ 관내 고등학교 : 각 학교별로 추천한 학생 1명을 선발○ 관외 고등학교 : 성적을 참고하여 장학생선정심사위원회 심의를 거쳐 선발","○ 12명 (학교별 1명)○ 관내 고등학교 9명○ 관외 고등학교 3명","○ 선발분야 중 한가지 분야만 신청 가능○ 1년에 1가구당 1명 선발 / 다자녀 가정은 2자녀까지 신청 가능※ 자세한 사항은 첨부파일 또는 홈페이지 참고","○ 학교장 추천","○ 장학생 신청서○ 추천서○ 개인정보 수집·이용·제공·조회 동의서○ 주민등록 초본○ 가족관계증명서※ 자세한 사항은 첨부파일 또는 홈페이지 참고","http://www.mapojh.or.kr","2026-04-22","2026-04-28"
"668 ","재단법인 마포인재육성장학재단","특기장학생","지자체(출자출연기관)","장학금","특기자","과학고국제고마이스터고영재고예술고외국어고일반고자율고제한없음체육고","1학년2학년3학년제한없음","○해당없음","○ 해당없음","○ 200만원","○ 공고일로부터 1년 이내에 국가/특별시·광역시도 단위 이상 자치단체 또는 관련 기관 에서 주관하는 전국 규모 이상의 대회에서 3위권 이내 입상경력이 있는 자○ 분야 : 체육 분야 / 문화예술 분야 / 기능 분야 / 수학 과학 분야자세한 사항은 첨부파일 참조","○ 공고일 현재 계속하여 6개월 이상 마포구에 거주하고 있는 자","○ 입상성적 / 재산정도 별로 점수를 부여하여 장학생선정심사위원회의 심의를 거쳐 고득점자순으로 선발","○ 4명","○ 선발분야 중 한가지 분야만 신청 가능○ 1년에 1가구당 1명 선발 / 다자녀 가정은 2자녀까지 신청 가능※ 자세한 사항은 첨부파일 또는 홈페이지 참고","○ 학교장 추천","○ 장학생 신청서○ 추천서○ 개인정보 수집·이용·제공·조회동의서○ 주민등록초본○ 가족관계증명서○ 입상성적 증빙 서류○ 지방세 세목별 과세증명서○ 주택임대차계약신고필증 또는 확정일자 부여현황○ 가점증빙서류※ 자세한 사항은 첨부파일 또는 홈페이지 참고","http://www.mapojh.or.kr/","2026-04-22","2026-04-28"
"669 ","재단법인 의성군인재육성재단","재학성적우수 장학금","지자체(출자출연기관)","장학금","지역연고","과학고국제고마이스터고영재고예술고외국어고일반고자율고제한없음체육고특성화고","1학년2학년3학년제한없음","○ 인문계 고등학교: 재학인원 10% 이내의 1학기 성적우수자○ 특성화 고등학교: 재학인원 5% 이내의 1학기 성적우수자","해당없음","○ 1인당 100만원","○ 관내 고등학교 재학생","○ 의성군 관내 고등학교에 재학 중인 자","※ 기관확인필요","○ 39명 (인문계 27명/ 특성화고 12명)","○ 2026년 의성군인재육성재단 제1차 장학금(입학성적우수) 수여자 제외※ 자세한 사항은 첨부파일 또는 홈페이지 참고","○ 각 학교별 학교장 추천","○ 장학생 지원신청서○ 장학금 지급신청서○ 통장사본○ 각서○ 개인정보제공 동의서○ 학교장 추천서○ 성적 증명서※ 자세한 사항은 첨부파일 또는 홈페이지 참고","http://uscdream.kr","2026-08-19","2026-09-01"
"670 ","재단법인 의성군인재육성재단","입학성적우수장학생","지자체(출자출연기관)","장학금","지역연고","과학고국제고마이스터고영재고예술고외국어고일반고자율고제한없음체육고특성화고","1학년","○ 학교별 입학인원의 10%이내 입학성적 우수자(특성화고 5%이내)○ 내신성적270점 이상인 인문계고 학생","○ 해당없음","○ 200만원","※ 기관확인필요","○ 본인 및 부모가 1년이상 주소를 둔 자","※ 기관확인필요","○ 42명","○ 해당없음","○ 학교장추천 (개별신청 불가)","○ 장학생 지원신청서○ 장학금 지급신청서○ 개인정보제공 동의서○ 각서○ 통장사본○ 장학생 추천서※ 자세한 사항은 첨부파일 또는 홈페이지 참고","http://uscdream.kr/","2026-03-19","2026-04-02"
"671 ","재단법인 의성군인재육성재단","저소득특별장학생","지자체(출자출연기관)","장학금","지역연고","과학고국제고마이스터고영재고예술고외국어고일반고체육고","1학년2학년3학년제한없음","○ 해당없음","○ 기초생활수급자/ 차상위/ 다문화가정 자녀","○ 100만원","○ 해당없음","○ 관내 고등학교 재학","※ 기관확인필요","○ 24명","○ 해당없음","○ 읍면장/ 의성군가족센터장 추천","○ 장학생 지원 신청서○ 장학금 지급신청서○ 개인정보제공 동의서○ 각서○ 통장사본○ 주민등록본○ 저소득 또는 다문화가정 증명서류○ 읍면장 또는 의성군가족센터장 추천서○ 재학증명서※ 자세한 사항은 첨부파일 또는 홈페이지 참고","http://uscdream.kr/","2026-03-19","2026-04-02"
"672 ","재단법인 의성군인재육성재단","특성화고 기능대회 우수자 장학금","지자체(출자출연기관)","장학금","특기자","특성화고","해당없음","해당없음 ","해당없음","○ 1위(금상): 100만원○ 2위(은상): 70만원○ 3위(동상): 50만원○ 입상 및 경북대표: 30만원","○ 관내 특성화고등학교에 재학 중인 학생○ 전국단위 기능·정보 경기대회 입상자 또는 전국단위 대회에 경북 대표로 출전한 자","해당없음","○ 학교별 일괄 신청","○ 35명","○ 전국대회 일지라도 의성군인재육성재단 자체 심의에 의거 제외 가능 (명칭은 전국대회이나 실제 참석규모가 이에 미치지 못할 때 등)","○ 학교장 추천","○ 장학생 지원신청서○ 장학금 지급신청서○ 개인정보제공 동의서○ 각서○ 통장사본○ 학교장 추천서○ 입상증빙서류※ 자세한 사항은 첨부파일 또는 홈페이지 참고","http://uscdream.kr","2025-11-12","2025-11-25"
"673 ","재단법인 화천군인재육성재단","우수지원금","지자체(출자출연기관)","장학금","해당없음","과학고국제고마이스터고영재고예술고외국어고일반고자율고제한없음체육고","1학년2학년3학년제한없음","○ 중학교 3학년 성적이 교내 5% 이내에 있는 학생","해당없음","○ 연 100만원","○ 관내 고등학교 입학한 자","○ 학생의 부모 모두 또는 실질적으로 부양한 보호자가 주민등록상 1년이상 관내에 주소를 두고 계속해서 실거주하고 있는 자※ 자세한 사항은 첨부파일 또는 홈페이지 참고","※ 기관확인필요","※ 기관확인필요","※ 기관확인필요","해당없음","○ 지역인재 지원 신청서○ 개인정보 수집 및 활용 동의서○ 실거주확인서○ 서약서○ 직전학기 학업성적 증명서○ 부·모 주민등록 초본○ 가족관계증명서○ 통장사본○ 국가장학생 증명서○ 한국장학재단 학자금 지원구간 통지서※ 자세한 사항은 첨부파일 또는 홈페이지 참고","https://www.ihc.go.kr/","2026-08-24","2026-09-04"
"674 ","재단법인 화천군인재육성재단","재능개발지원금","지자체(출자출연기관)","장학금","해당없음","과학고국제고마이스터고영재고예술고외국어고일반고자율고제한없음체육고","1학년2학년3학년제한없음","해당없음","해당없음","○ 연 200만원","○ 전국 고등학생 대상○ 문화·예술·체육 분야에 재능/잠재력/성장 가능성이 충분하여 지속적 재능개발을 통해 관련 분야로 진학하려는 자","○ 학생의 부모 모두 또는 실질적으로 부양한 보호자가 주민등록상 1년이상 관내에 주소를 두고 계속해서 실거주하고 있는 자※ 자세한 사항은 첨부파일 또는 홈페이지 참고","○ 지원자 선발은 자격요건(수상실적 및 재능여부 등)을 심의하여 선발심의회를 통해 결정함","○ 관내 고등학교 1학년 학생수의 10% 이내","○ 체육 분야의 경우 학교에 코치가 지원되는 체육종목은 선발대상 제외※ 자세한 사항은 첨부파일 또는 홈페이지 참고","해당없음","○ 지역인재 지원 신청서○ 개인정보 수집 및 활용 동의서○ 실거주확인서○ 서약서○ 직전학기 학업성적 증명서○ 부·모 주민등록 초본○ 가족관계증명서○ 통장사본○ 국가장학생 증명서○ 한국장학재단 학자금 지원구간 통지서○ 자기소개서○ 학생 본인 예체능 활동 관련 포트폴리오※ 자세한 사항은 첨부파일 또는 홈페이지 참고","https://www.ihc.go.kr","2026-08-24","2026-09-04"
"675 ","(재)농서장학회","장학생","기타","장학금","소득구분","과학고국제고마이스터고영재고예술고외국어고일반고자율고제한없음체육고","1학년2학년3학년제한없음","해당없음","○ 소년소녀가장 및 기초생활보호대상자로서 경제 사정이 어려운 자","○ 100만원","○ 본 재단이 인정하는 성주이씨 후손으로서 사상이 건실하고 품행이 방정한 자○ 전국 각 고등학교에 재학하는 학생 중 학업 성적이 우수하거나 경제사정이 어렵거나 본 재단의 설립 취지에 기여할 수 있는 자","해당없음","※ 기관확인필요","○ 1명※ 자세한 사항은 첨부파일 또는 홈페이지 참고","※ 기관확인필요","○ 본 재단에서 각 시 도 종친회별로 추천 의뢰","○ 장학금 지급 신청서○ 추천서○ 각서○ 신상명세서○ 개인정보 수집 및 이용 동의서○ 자기소개서○ 성적증명서○ 주민등록등본 및 제적등본○ 족보 사본○ 학자금지급증명서(해당자)○ 기초생활 수급자 증명서※ 자세한 사항은 첨부파일 또는 홈페이지 참고","http://nongseofoundation.or.kr","2026-06-10","2026-07-10"
"676 ","재단법인 대구광역시인재육성장학재단","성적우수 장학금","지자체(출자출연기관)","장학금","성적우수","과학고국제고마이스터고영재고예술고외국어고일반고자율고제한없음체육고","1학년2학년3학년제한없음","해당없음","해당없음","○ 100만원","○ 경제사정으로 학업에 어려움이 있는 성적 우수 중/고 학생","해당없음","○ 학교 및 시설에서 장학생 선발 심사위원회를 개최하여 시교육청 담당부서로 학생 추천 후 시교육청 담당부서에서 적/부심사위원회 개최하여 선발※ 성적우수 장학금 담당부서 : 중등교육과","○ 100명","○ 장학금 수령자가 학업을 중단(휴학/자퇴)할때○ 사회 통념상 품행이 극히 불량하다고 인정될 때○ 중복 지원 제외(2024년 대구인재육성장학재단 장학금 기지원자 제외)※ 자세한 사항은 첨부파일 또는 홈페이지 참고","○ 학교장 추천서","○ 학교장추천서○ 개인정보 수집/이용 동의서○ 사유서(학교 세외계좌일 경우만 제출)○ 통장사본※ 자세한 사항은 첨부파일 또는 홈페이지 참고","https://www.dge.go.kr ","2024-09-20","2024-10-18"
"677 ","재단법인 대구광역시인재육성장학재단","대구교육인재육성장학금(창의융합적사고)","지자체(출자출연기관)","장학금","지역연고","과학고국제고마이스터고영재고예술고외국어고일반고자율고제한없음체육고","1학년2학년","해당없음","○ 기준 중위소득 100% 이하 가정 학생※ 자세한 사항은 첨부파일 또는 홈페이지 참고","○ 400만원○ 매년 재심사를 거쳐 고등학교 졸업시까지 지속 지원","○ 대구 소재 고등학교 1학년 재학생○ 평소 행실이 바르며 모범적인 학생○ 학교장이 추천하는 '창의융합사고역량' 우수 인재 및 성장가능성이있다고 판단되는 자○ 학습역량/ SW/ 메이커/ 발명 등 특정분야 우수자 및 성장가능한 자○ 관련활동 참가자","○ 대구 소재 고등학교 재학생","○ 1차 서류평가○ 2차 면접평가※ 재심사 : 학년 진급 시 성장보고서 및 관련 실적 근거하여 매년 장학생 선발위원회 재심사 거쳐 지급여부 결정","○ 대구교육인재육성장학금 모든 분야야 포함 총 1명","○ 징계 처분 받은 경우○ 학업 중단한 경우○ 타 시도로 전학(진학) 시○ 민간을 제외한 정부/ 지자체 및 공공기관의 장학금 이중수혜시 (단 일회성장학금 제외) ※ 자세한 사항은 첨부파일 또는 홈페이지 참고","○ 학교장 추천","○ 건강보험료 납부확인서○ 성장계획서○ 개인정보 수집/이용동의서○ 주민등록등본※ 자세한 사항은 첨부파일 또는 홈페이지 참고","https://www.dge.go.kr","2026-07-13","2026-08-21"
"678 ","재단법인 대구광역시인재육성장학재단","대구교육인재육성장학금(공동체)","지자체(출자출연기관)","장학금","지역연고","과학고국제고마이스터고영재고예술고외국어고일반고자율고제한없음체육고","1학년2학년","해당없음","○ 기준 중위소득 100% 이하 가정 학생※ 자세한 사항은 첨부파일 또는 홈페이지 참고","○ 400만원○ 매년 재심사를 거쳐 고등학교 졸업시까지 지속 지원","○ 대구 소재 고등학교 1학년 재학생○ 평소 행실이 바르며 모범적인 학생○ 학교장이 추천하는 공도체역량우수인재 및 성장가능성이 있다고 판단되는 자○ 자원봉사/ 환경보호분야/ 국제교류(외국어포함) 우수자 및 성장가능한 자○ 관련활동 참여자","○ 대구 소재 고등학교 재학생","○ 1차 서류평가○ 2차 면접평가※ 재심사 : 학년 진급 시 성장보고서 및 관련 실적 근거하여 매년 장학생 선발위원회 재심사 거쳐 지급여부 결정","○ 대구교육인재육성장학금 모든 분야 포함 총 1명","○ 징계 처분 받은 경우○ 학업 중단한 경우○ 타 시도로 전학(진학) 시○ 민간을 제외한 정부/ 지자체 및 공공기관의 장학금 이중수혜시 (단 일회성장학금 제외)※ 자세한 사항은 첨부파일 또는 홈페이지 참고","○ 학교장 추천","○ 건강보험료 납부확인서○ 주민등록등본○ 성장계획서○ 개인정보 수집.이용동의서※ 자세한 사항은 첨부파일 또는 홈페이지 참고","https://www.dge.go.kr ","2026-07-13","2026-08-21"
"679 ","재단법인 대구광역시인재육성장학재단","국제대회 참가학생 지원 장학금","지자체(출자출연기관)","장학금","해당없음","과학고국제고마이스터고영재고예술고외국어고일반고자율고제한없음체육고","1학년2학년3학년제한없음","※ 자세한 사항은 첨부파일 또는 홈페이지 참고","※ 자세한 사항은 첨부파일 또는 홈페이지 참고","○ 200만원","○ 국내대회 입상 후 각종 국제대회에 참가하는 초중고 학생","※ 자세한 사항은 첨부파일 또는 홈페이지 참고","○ 장학생 선발 심사위원회를 개최하여 시교육청 담당부서로 학생 추천○ 이후 적부심사위원회의 회의를 통해 재단 최종 제출 후 선발※ 자세한 사항은 첨부파일 또는 홈페이지 참고","○ 3명 (초 중학생 포함)","○ 장학금 수령자가 학업을 중단 (휴학 및 자퇴 타시도 전출 등)할 경우○ 사회 통념상 품행이 극히 불량하다고 인정될 때○ 부정한 방법으로 선발되었다고 인정될 때○ 재단의 명예를 크게 손상케 하고 사회적 물의를 야기했을 때","○ 학교장 추천 필요","○ 학교장 추천서○ 개인정보 수집 및 이용 동의서○ 통장 사본※ 자세한 사항은 첨부파일 또는 홈페이지 참고","https://www.dge.go.kr/nurture/main.do","2026-03-25","2026-05-01"
"680 ","재단법인 대구광역시인재육성장학재단","미래 인재 장학금","기타","장학금","해당없음","국제고영재고외국어고자율고","2학년","※ 자세한 사항은 첨부파일 또는 홈페이지 참고","※ 자세한 사항은 첨부파일 또는 홈페이지 참고","○ 95만원","○ DPyear2 운영에 참가하는 학생(사대부고 대구외고 포산고 국제고 서부고)","※ 자세한 사항은 첨부파일 또는 홈페이지 참고","○ 교내 장학생 선발 심사위원회를 통해 시교육청 담당부서로 학생 추천○ 이후 시교육청 담당부서에서 재단에 최종 제출※ 자세한 사항은 첨부파일 또는 홈페이지 참고","○ 150명","○ 장학금 수령자가 학업을 중단(휴학 및 자퇴 타시도 전출) 하는 경우○ 사회 통념상 품행이 극히 불량하다고 인정될 때○ 부정한 방법으로 선발되었다고 인정될 때○ 재단의 명예를 크게 손상케 하고 사회적 물의를 야기했을 때","○ 학교장 추천 필요","○ 학교장 추천서○ 개인정보 수집 및 이용 동의서○ 통장사본※ 자세한 사항은 첨부파일 또는 홈페이지 참고","https://www.dge.go.kr/nurture/main.do","2026-03-25","2026-05-01"
"681 ","재단법인 대구광역시인재육성장학재단","사랑의 고리 맺기 장학금","지자체(출자출연기관)","장학금","해당없음","과학고국제고마이스터고영재고예술고외국어고일반고자율고제한없음체육고","1학년2학년3학년제한없음","해당없음","해당없음","○ 70만원※ 변경될 수 있음","○ 가족해체 등으로 인한 독거 학생 및 조손가정 학생","해당없음","※ 자세한 사항은 첨부파일 또는 홈페이지 참고","○ 초/중/고 275명※ 변경될 수 있음","○ 장학금 수령자가 학업을 중단(휴학/자퇴/타시도 전출 등) 할 때○ 초중등교육법령시행령 제31조 제1항 각호로 정한 징계처분을 받았을 때○ 사회 통념상 품행이 극히 불량하다고 인정될 때○ 부정한 방법으로 선발되었다고 인정될 때○ 재단의 명예를 크게 손상케 하고 사회적 물의를 야기했을 때※ 자세한 사항은 첨부파일 또는 홈페이지 참고","○ 학교장 추천","○ 학교장추천서○ 개인정보 수집 이용 동의서○ 사유서(학교 세외계좌일 경우)○ 통장사본※ 자세한 사항은 첨부파일 또는 홈페이지 참고","https://www.dge.go.kr","2026-03-25","2026-05-01"
"682 ","재단법인은천장학회","장학생","기타","장학금","해당없음","과학고국제고마이스터고영재고예술고외국어고일반고자율고제한없음체육고","1학년2학년3학년제한없음","※ 자세한 사항은 첨부파일 또는 홈페이지 참고","※ 자세한 사항은 첨부파일 또는 홈페이지 참고","○ 100만원","○ 미자립교회 교역자 및 선교자 자녀 탈북자(자녀) 중 성적 우수자○ 학업성적은 우수하나 경제적 이유로 수학이 곤란한 재학생○ 고등교육법 제2조 학교의 종류에 포함된 학교 재학생○ 본 재단 이사회가 정하는 대안학교 재학생○ 고등교육법 제2조 학교의 종류에 포함된 학교 재학생※ 자세한 사항은 첨부파일 또는 홈페이지 참고","해당없음","○ 장학생 심사위원회의 1차 심의 후 이사회 최종심의를 거쳐 선발됨○ 성적 20○ 소득 20○ 전공 20○ 사역자 자녀 선교자 자녀 20○ 자기소개서 20","○ 30~40명 (대학생 포함 / 1개 학기 한함·매 학기 신규 신청 가능)","○ 타 기관 중복 수혜자","○ 지도교수 혹은 담당 교역자 추천","○ 장학금 신청서○ 추천서○ 자기소개서○ 재학증명서○ 주민등록등본 및 가족관계증명서※ 자세한 사항은 첨부파일 또는 홈페이지 참고","http://www.euncheon.org/","2026-07-01","2026-07-14"
"683 ","재단법인 청한장학회","청한사랑장학금","기타","장학금","기타","과학고국제고마이스터고영재고예술고외국어고일반고자율고제한없음체육고","1학년2학년3학년제한없음","해당없음","해당없음","○ 50만원","○ 고등학교 재학생○ 효·선행·봉사정신이 투철하여 타인의 추천을 받은 자","해당없음","○ 우편접수","○ 총 00명(대학 포함/타 유형 장학금 포함)","해당없음","○ 추천권자 : 학교담임 또는 관련기관 대표 등 기명날인 필","○ 장학금 신청서○ 장학금 서약서○ 개인 정보 제공 동의서○ 장학생 명의 통장사본○ 재학증명서○ 추천서○ 표창 등 증빙서류※ 자세한 사항은 첨부파일 또는 홈페이지 참고","http://cheonghan.or.kr","2025-03-21","2025-04-08"
"684 ","재단법인 청한장학회","성적우수장학금","기타","장학금","성적우수","과학고국제고마이스터고영재고예술고외국어고일반고자율고제한없음체육고","2학년3학년","○ 직전년도 전체과목 평균 4등급이상","해당없음","○ 50만원","○ 성적기준을 충족한 고등학교 재학생","해당없음","○ 우편접수","○ 총 00명(대학 포함/타 유형 장학금 포함)","해당없음","○ 추천서경시대회 관련 표창자 가산점","○ 장학금 신청서○ 장학금 서약서○ 개인 정보 제공 동의서○ 장학생 명의 통장사본○ 재학증명서○ 성적증명서○ 추천서(경시대회 관련 표창자 가산점)※ 자세한 사항은 첨부파일 또는 홈페이지 참고","http://cheonghan.or.kr","2026-03-18","2026-04-03"
"685 ","재단법인 청한장학회","희망장학금","기타","장학금","소득구분","과학고국제고마이스터고영재고예술고외국어고일반고자율고제한없음체육고","1학년2학년3학년제한없음","해당없음","해당없음","○ 50만원","○ 고등학교 재학생 중 아래 요건 중 하나에 해당하는 자○ 기초생활수급자 ~ 차상위계층○ 한부모가정/조부모가정○ 다문화가정○ 장애인가정○ 새터민가정","해당없음","○ 우편접수","○ 총 000명(대학 포함/타 유형 장학금 포함)","해당없음","해당없음","○ 장학금 신청서○ 장학금 서약서○ 개인 정보 제공 동의서○ 장학생 명의 통장사본○ 재학증명서○ 기초생활수급자증명서○ 한부모가정/조부모가정증명서○ 차상위계층확인서○ 장애인증명서○ 북한이탈주민 신원 사실관계 확인 신청서○ 다문화가정 가족관계증명서※ 자세한 사항은 첨부파일 또는 홈페이지 참고","http://cheonghan.or.kr","2026-03-18","2026-04-03"
"686 ","재단법인 청한장학회","특기자 장학금","기타","장학금","특기자","과학고국제고마이스터고영재고예술고외국어고일반고자율고제한없음체육고","1학년2학년3학년제한없음","해당없음","해당없음","○ 50만원","○ 고등학교 재학생○ 과학/예·체능 및 기능 분야 각종 대회(경연)에서 입상한 자","해당없음","○ 우편접수","○ 총 00명(대학 포함/타 유형 장학금 포함)","해당없음","해당없음","○ 장학금 신청서○ 장학금 서약서○ 개인 정보 제공 동의서○ 장학생 명의 통장사본○ 재학증명서※ 자세한 사항은 첨부파일 또는 홈페이지 참고","http://cheonghan.or.kr","2026-03-18","2026-04-03"
"687 ","재단법인 울산연구원","생활장학금","지자체(출자출연기관)","장학금","지역연고","과학고국제고마이스터고영재고예술고외국어고일반고자율고체육고","해당없음","○ 국어/영어/ 수학 교과의 전 학기 평균이 4등급 이내인 학생","○ 기초생활수급자○ 차상위계층○ 소득분위 6분위 이하","○ 100만원","※ 기관확인필요","○ 공고일 현재 본인 또는 보호자 주민등록상 울산 거주자","※ 기관확인필요","○ 80명","해당없음","○ 교육감 추천","○ 장학금지원신청서○ 신청인 서약서○ 개인정보 수집/이용/제공 및 조회 동의서○ 주민등록등본○ 가족관계증명서○ 재학증명서○ 성적증명서○ 각종 증빙서류○ 통장사본※ 자세한 사항은 첨부파일 또는 홈페이지 참고","https://uill.uri.re.kr","2025-04-08","2025-04-18"
"688 ","재단법인 부산광역시 남구장학회","장학생","지자체(출자출연기관)","장학금","지역연고","과학고국제고마이스터고영재고예술고외국어고일반고체육고","1학년2학년3학년제한없음","○ (성적우수) 품행이 단정하며 학업성적이 상위 20% 이내","○ (희망) 가정형편 등의 사유로 수학이 곤란한 자 (학업성적 감안하여 선발)○ 소년소녀가정/ 기초수급자/ 장애인가정/ 차상위가구/ 한부모가정/조손가정/ 다문화가정/ 다자녀가정(3자녀 이상)/ 무주택자/ 실직가정","○ 100만원","※ 자세한 사항은 첨부파일 또는 홈페이지 참고","○ 학부모 또는 학생이 부산 남구 관내에 주소를 두고 장학생 선발 신청일 현재 3년 이상 계속 주소가 되어 있으며 사실상 거주하고 있는 자","○ 장학생 선발 자격요건 구비자 중에서 자체 장학생 선발 선정기준표에 따라 총득점 순위별로 선발하고 (재)남구장학회 이사회에서 최종 확정함※ 자세한 사항은 첨부파일 또는 홈페이지 참고","○ 25명","○ 국가/ 지방자치단체/ 타 기관 등으로부터 장학금을 받고 있는 자또는 받을 예정인 자○ 남구장학회 장학생으로 선발된 이력이 있는 자","해당없음","○ 장학금 신청서○ 개인정보 수집·이용/제공 및 조회 동의서○ 재학증명서○ 학부모의 지방세 세목별 과세증명서 ○ 학부모의 2025년도 건강보험납부확인서 및 건강보험자격득실확인서○ 공통 구비 서류 외 각 장학금 신청에 필요한 서류※ 자세한 사항은 첨부파일 또는 홈페이지 참고","https://www.bsnamgu.go.kr","2026-01-05","2026-01-30"
"689 ","재단법인 연수큰재장학재단","특기장학생","지자체(출자출연기관)","장학금","특기자","과학고국제고마이스터고영재고예술고외국어고일반고자율고제한없음체육고","1학년2학년3학년제한없음","해당없음","해당없음","○ 개인: 100만원 (생활비성 장학금)○ 단체: 200만원 (생활비성 장학금)※ 자세한 사항은 첨부파일 또는 홈페이지 참고","○ 공고일 기준 최근 1년 이내 해당분야 전국대회 / 국제대회에서 개인분야 또는 단체분야 5위 이내 성적을 득하거나 시·도 단위 이상 대회에서 개인분야 또는 단체분야 3위 이내 성적을 득한 자 또는 단체(초·중·고등학교 및 지자체 소속)○ 선발된 학생은 본 재단에서 주최하는 행사에 적극적으로 참여※ 자세한 사항은 첨부파일 또는 홈페이지 참고","○ 공고일로부터 12개월 전부터 공고일까지 계속해서 연수구에 주민등록이 되어 있는 학생 또는 부·모(또는 보호자)의 자녀","○ 성적 재산 소득수준 거주기간 지자체 단체상장 다자녀 여부 순으로 종합적 평가가※ 자세한 사항은 첨부파일 또는 홈페이지 참고","○ 개인: 29명(중·고등학생)○ 단체: 5단체(초·중·고등학생)※ 자세한 사항은 첨부파일 또는 홈페이지 참고","○ 국외유학생○ 1개 분야만 신청 가능○ 한 가구 내 2인 이상 지원 시 선발 평가 대상을 1인으로 한함※ 자세한 사항은 첨부파일 또는 홈페이지 참고","○ 개인: 학교장 추천○ 단체: 학교장 및 소속 단체장 추천※ 자세한 사항은 첨부파일 또는 홈페이지 참고","○ 개인(신용)정보 수집··이용·제공 및 조회 동의서○ 재학증명서○ 주민등록초본○ 장학생신청서○ 장학생추천서○ 입상 등을 증명할 수 있는 서류○ 가족관계증명서※ 자세한 사항은 첨부파일 또는 홈페이지 참고","https://ysjaedan.imweb.me ","2025-09-24","2025-10-31"
"690 ","재단법인 철원장학회","예체능 및 기술분야 장학금","지자체(출자출연기관)","장학금","해당없음","과학고국제고마이스터고영재고예술고외국어고일반고자율고제한없음체육고","1학년2학년3학년제한없음","○ 해당없음","○ 해당없음","○ 50만원","○ 체육분야 대한체육회 산하 종목별 협회에서 인정한 광역시 및 도단위 이상 대회 1위 입상자 또는 전국대회 3위 이내에 입상한 자○예술분야 병역법시행령 제68조의 11의 국내외 예술경연대회 본선 참가자○기술분야 국내 외 기능경기대회 중 광역시 및 도 단위 이상 대회 1위 입상자 또는 전국(국제)대회 3위 이내 입상한 자","○ 부모(또는 실질적으로 부양한 보호자)와 본인이 공고일(2025.4.3)을 기준으로 계속해서 철원군에 1년 이상 주소를 두고 거주하고 있는 학생","※ 자세한 사항은 첨부파일 또는 홈페이지 참고","※ 자세한 사항은 첨부파일 또는 홈페이지 참고","※ 자세한 사항은 첨부파일 또는 홈페이지 참고","○ 관내 학교 재학생의 경우 학교장 추천 필요","○ 장학금 신청서○ 개인정보 수집 이용 및 제공 조회 동의서○ 재학증명서○ 가족관계증명서○ 주민등록초본○ 2025년 대회입상증명서※ 자세한 사항은 첨부파일 또는 홈페이지 참고","http://www.cwg.go.kr","2026-04-01","2026-04-30"
"691 ","사랑의열매 대구사회복지공동모금회","소선나눔기금","기타","장학금","소득구분","과학고국제고마이스터고영재고예술고외국어고일반고자율고제한없음체육고","1학년2학년3학년제한없음","○ 학업성적 상위 30% 이내 학생","해당없음","○ 1인당 최대 500만원 이내 (1년 기준)","○ 삶의 계획과 비전이 뚜렷하며 도덕성·정직성·성실함이 함양된 인성을 가진 학생○ 아래 분야 진로 계획을 둔 학생 대상 지원○ 기초과학분야 (물리/화학/생명과학/수학 등)○ 미래산업분야 (지능정보기술/바이오헬스/에너지산업/나노과학기술 등)","○ 대구 소재 고등학교 재학생","※ 기관확인필요","※ 기관확인필요","※ 기관확인필요","○ 학교 추천서 제출","○ 자기소개서○ 수학계획서○ 개인정보 수집·이용 및 제공 동의서○ 재학증명서○ 성적증명서○ 주민등록등본○ 소득관련서류(건강보험서류/수급자증명서/차상위증명서/한부모증명서)○ 학교추천서○ 과학/수학 관련 수상경력 증빙서류※ 자세한 사항은 첨부파일 또는 홈페이지 참고","https://daegu.chest.or.kr","2026-06-01","2026-06-19"
"692 ","재단법인 우인장학재단","우인장학생","기타","장학금","소득구분","과학고국제고마이스터고영재고예술고외국어고일반고체육고","1학년2학년3학년제한없음","○ 성적우수자: 직전학년 12학기 전과목 평균 성취도 B이상","○ 기초생활수급자/차상위계층 등 경제적으로 어려운 저소득 가정의 학생","○ 학습지원비 300만원 (학기 당 150만원)","○ 성적기준/소득기준/아래 자격 중 하나 이상 충족하는 고등학생○ 타인에 대한 배려와 사랑으로 봉사정신이 투철하여 귀감이 될 만한 학생○ 예체능 등 본인의 특별한 재능을 살려 미래에 대한 도전을 지속하는 학생","해당없음","○ 서류전형형","○ 70명 (중학생/고등학생/대학생/대학원생 포함)","○ 휴학 예정자/해외 학교 학생/재학기간이 한 학기만 남은 학생 제외○ 장학증서 수여식 필참※ 자세한 사항은 첨부파일 또는 홈페이지 참고","○ 학교장 추천서 제출","○ 자기소개서○ 장학생 추천서○ 저소득층 증빙 서류 (기초생활수급자증명서/차상위본인부담경감증명서/한부모가정증명서)○ 봉사활동 확인서○ 성적증명서※ 자세한 사항은 첨부파일 또는 홈페이지 참고","http://www.wooin.org/","2026-01-02","2026-02-03"
"693 ","재단법인 영등포구미래교육재단","인재육성 장학생","지자체(출자출연기관)","장학금","지역연고","과학고국제고마이스터고영재고예술고외국어고일반고자율고제한없음체육고","1학년2학년3학년제한없음","○ 고1 : 석차연명부 성적이 상위4% 이하인  학생○ 고2 : 전년도 성적 상위 5% 이내 학생○ 고3 : 전년도 성적 상위 10% 이내 학생","해당없음","○ 1인당 180만원(학기별 분할 지급)","※ 자세한 사항은 첨부파일 또는 홈페이지 참고","○ 고1 : 영등포구 소재 중학교를 졸업하고 영등포구 소재 고등학교에 입학한 재학생○ 고2/ 고3 : 관내 고등학교 재학 중인 인재육성장학생으로 기 선발된 학생","○ 영등포구미래교육재단 이사회에서 선발","○ 00명※ 자세한 사항은 첨부파일 또는 홈페이지 참고","○ 중복수혜 불가○ 신청서에 기재된 사항이 허위의 정보/잘못된 사실에 의거하여 작성된 내용으로 밝혀질 경우 선발이 취소되며 장학금은 즉시 반환※ 자세한 사항은 첨부파일 또는 홈페이지 참고","○ 학교장 추천","○ 장학생 신청서○ 추천서○ 개인정보 수집/ 이용/ 제공 및 조회 동의서○ 통장 사본○ 1학년 : 인재육성장학금 학업계획서○ 2/3학년 : 인재육성장학생 수기 / 성적증명서류※ 자세한 사항은 첨부파일 또는 홈페이지 참고","http://www.ydpsf.or.kr","2026-04-15","2026-04-29"
"694 ","재단법인 영등포구미래교육재단","영등포장학금","지자체(출자출연기관)","장학금","지역연고","과학고국제고마이스터고영재고예술고외국어고일반고자율고제한없음체육고","해당없음","※ 기준은 따로 나와있지 않으나 선발 요건에 성적이 포함되어 있음※ 자세한 사항은 첨부파일 또는 홈페이지 참고","○ 기준 중위소득 120%이내","○ 150만원","○ 영등포 관내 거주하는 고등학교 재학생","○ 신청 공고일 현재 계속하여 영등포에 1년 이상 거주한 자","○ 재산정도/성적/거주기간 별로 점수를 부여 고득점자순으로 선발","○ 최대 18명 (학교별 3명 이내)","○ 국가/지방자치단체/학교/개인 또는 타 장학재단 등으로부터 장학금을 지원받는 학생은 장학금 선발에서 제외","○ 학교장 추천","○ 장학생 신청서/추천서/개인정보 수집·이용·제공 및 조회 동의서○ 건강보험료 납부확인서(2026년도분) (해당자)○ 건강보험 자격확인서(세대구성원 모두)○ 학생 주민등록초본(영등포구 거주 기간 전체 나오도록)○ (학생이 소속된 가구의) 주민등록등본○ 학생 본인 또는 보호자의 통장 사본 (보호자 통장 제출 시 가족관계증명서 제출)○ 직전 학기 성적증명서○ 영등포장학금 학업계획서※ 자세한 사항은 첨부파일 또는 홈페이지 참고","http://www.ydpsf.or.kr","2026-08-20","2026-09-04"
"695 ","부산중구장학회","꿈드림장학생","지자체(출자출연기관)","장학금","소득구분","과학고국제고마이스터고영재고예술고외국어고일반고체육고","1학년2학년3학년제한없음","해당없음","○ 가정 형편 등의 사유로 수학이 곤란한 자○ 기초생활수급자/ 차상위계층/ 한부모가정/ 무주택자 등","○ 100만원","해당없음","○ 신청일 현재 학부모 또는 학생이 중구에 3년 이상 주소가 되어 있으며 사실상 계속 거주하고 있는 자","※ 자세한 사항은 첨부파일 또는 홈페이지 참고","○ 6명","○ 2025년도 (재)중구장학회 장학생으로 선발된 이력이 있는 자(단 꿈드림 장학생 중 성적 우수 학생은 이사회 의결 시 연속으로 지급할 수 있음)○ 1세대 1명※ 자세한 사항은 첨부파일 또는 홈페이지 참고","○ 학교장 추천","○ 장학금 신청서○ 개인정보 수집·이용 제공 및 조회동의서○ 장학생 추천서○ 서약서○ 주민등록등본○ 학부모 또는 보호자 증명 서류○ 보호자의 건강보험료 납부확인서○ 25년도 보호자(부·모)의 지방세 세목별 과세증명서○ 재학증명서○ 성적증명서○ 저소득 가정 증빙서류(해당시)※ 자세한 사항은 첨부파일 또는 홈페이지 참고","http://www.bsjunggu.go.kr/","2025-12-12","2026-01-09"
"696 ","재단법인 빙그레공익재단","독립유공자 후손 장학금","기타","장학금","기타","과학고국제고마이스터고영재고예술고외국어고일반고자율고제한없음체육고","1학년2학년3학년제한없음","해당없음","해당없음","○ 고등학생 100만원","○ 독립유공자 후손으로 생활이 어려운 가정의 취학 자녀로 학업 성적 등 학교생활에 모범이 되는 고등학생○ 독립유공자 후손은 자손·증손·고손 및 친가·외가 불문","해당없음","※ 기관확인필요","○ 고등학생 30명","○ 한 가구에 고등학생·대학생 자녀 등 중복지원 불가","해당없음","○ 장학금 지원 신청서○ 자기소개서○ 개인정보 수집·이용 및 제공 동의서○ 본인 명의의 통장사본○ 가족관계증명서 등(증손 이하의 경우 관계 확인용)○ 선발 우선순위 증빙자료(해당자에 한함)○ 생활이 어려운 자(생계지원금·생활조정수당자 수급자/기초생활수급자/차상위자)○ 기준 중위소득 125% 이하인 자※ 자세한 사항은 첨부파일 또는 홈페이지 참고","http://www.bingf.org","2024-06-10","2024-06-28"
"697 ","대소장학회","성적장학생","지자체(출자출연기관)","장학금","지역연고","과학고국제고마이스터고영재고외국어고일반고","1학년2학년3학년제한없음","○ 신입생 : 중학교 내신 석차 연명부 점수 280점 이상인 자○ 재학생 : 직전학년 과목별 석차등급 평균 3등급 이내(에체능 제외)","해당없음","○ 100만원","○ 대소면 1년 이상 거주자로 성적우수자","○ 공고일 기준 1년 이상 대소면에 주소를 두고 거주하고 있는 면민의 자녀","※ 기관확인필요","○ 총 3명","○ 징계 처분을 받은 자○ 타 장학회 장학금 수여자 및 해당 학교 장학금 수여자 중복신청 불가※ 자세한 사항은 첨부파일 또는 홈페이지 참고","해당없음","○ 장학생 신청서○ 개인(신용)정보 수집·이용·제공 및 조회 동의서○ 내신 석차 연명부 사본 또는 생활기록부○ 주민등록등본○ 가족관계증명서○ 장애인증명서/한부모가족증명서/기초생활수급자증명서(해당자)○ 통장사본※ 자세한 사항은 첨부파일 또는 홈페이지 참고","https://www.eumseong.go.kr/","2026-02-11","2026-02-27"
"698 ","대소장학회","특기장학생","지자체(출자출연기관)","장학금","특기자","예술고일반고체육고","1학년2학년3학년제한없음","해당없음","해당없음","○ 100만원","○ 공공기관 및 민간단체가 주최·주관한 전국 규모 이상 대회에서 입상자 및 국가대표로 선발된 고등학생○ 단체로 수상한 경우 학교장 추천을 받은 1인만 선정※ 수상실적 : 2025. 1. 1. ~ 2025. 12. 31.","○ 공고일 기준 1년 이상 대소면에 주소를 두고 거주하고 있는 면민의 자녀 또는 면민","※ 기관확인필요","○ 1명","○ 소속 학교에서 퇴학/ 휴학 및 징계 처분을 받은 자○ 타 장학회 장학금 수여자 및 해당 학교 장학금 수여자 중복신청 불가※ 자세한 사항은 첨부파일 또는 홈페이지 참고","해당없음","○ 장학생 신청서○ 개인(신용)정보 수집·이용·제공 및 조회 동의서○ 내신 석차 연명부 사본 또는 생활기록부○ 주민등록등본○ 장애인증명서/한부모가족증명서/기초생활수급자증명서(해당자)○ 통장사본○ 상장 사본 또는 단체수상인 경우 학교장 추천서※ 자세한 사항은 첨부파일 또는 홈페이지 참고","https://www.eumseong.go.kr/","2026-02-11","2026-02-27"
"699 ","재단법인 경주시장학회","일반 장학생","지자체(출자출연기관)","장학금","지역연고","과학고국제고마이스터고영재고예술고외국어고일반고자율고제한없음체육고","1학년2학년3학년제한없음","○ 재학 중 성적이 학교별 학급(인원수)에 의하여 재적학년의 100분의 50이내에 해당하는 학생(정관시행세칙 제11조제1항)","○ 경제적 사정이 어려운 학생(정관시행세칙 제3조)","○ 100만원","○ 경주시 관내 고등학교 재학 중인 학생","○ 공고일 현재 1년 이상 경주시 관내 거주자(부모 또는 학생)","※ 기관확인필요","○ 76명","○ 1세대 1인 신청○ 공고일 현재 휴학 중인 자 / 정학 / 퇴학 등 징계처분 받은 자○ 2026년도 2학기 자퇴 또는 전학 예정자 (추후 확인될 경우 지급정지)※ 자세한 사항은 첨부파일 또는 홈페이지 참고","○ 학교장 추천","○ 장학금 지원신청서 1부○ 개인(신용)정보 수집·이용·제공 및 조회 동의서 1부○ 담임교사 추천서 1부○ 생활기록부 사본 1부○ 주민등록등본 1부○ 장학금 지급 신청서 1부○ 서약서 1부○ 학부모(또는 본인) 통장 사본 1부○ 추가 제출서류 (해당자)※ 자세한 사항은 첨부파일 또는 홈페이지 참고","http://janghak.gyeongju.go.kr/","2026-09-07","2026-09-23"
"700 ","재단법인 경주시장학회","특기장학생","지자체(출자출연기관)","장학금","특기자","과학고국제고마이스터고영재고예술고외국어고일반고자율고제한없음체육고","1학년2학년3학년제한없음","해당없음","해당없음","○ 100만원","○ 도 단위 이상 규모 대회에서 3위 이내 입상자 (2025.09.01. ~ 공고일 현재 기준 수상실적에 한함)○ 과학 문화 예술 기능 분야에 뛰어난 재능을 발휘하거나 지역의 명예를 드높인 자○ 본인 또는 부모의 장애의 정도가 심한 장애인○ 체육분야 장학생","○ 공고일 현재 1년 이상 경주시 관내 거주자(부모 또는 학생)","○ 상위 각종 대회에서 수상(입상)한 자 (공공기관>해당단체>기타)○ 동점일 경우 입상횟수 순","○ 4명※ 중/고등학생 6명 선발 중 과학/문화/예술/기능 특기자 3명 이내 선발하고 장애인 가정 3명 이내 선발","○ 공고일 현재 휴학 중인 자 / 정학 / 퇴학 등 징계처분 받은 자○ 2026년 2학기 자퇴 혹은 전학 예정자 (추후 확인될 경우 지급정지)※ 자세한 사항은 첨부파일 또는 홈페이지 참고","○ 체육분야 : 경주시 체육회장이 추천한 자","○ 장학금 지원신청서 1부○ 개인(신용)정보 수집·이용·제공 및 조회 동의서 1부○ 재학증명서 1부○ 가족관계증명서 1부○ 주민등록초본 1부○ 각종 대회 입상·표창 관련자료(수상실적증명 및 상장) 1부※ 자세한 사항은 첨부파일 또는 홈페이지 참고","http://janghak.gyeongju.go.kr/","2026-09-07","2026-09-23"
"701 ","아이들과 미래재단","폴얀센장학기금 장학생","기타","장학금","장애인","과학고국제고마이스터고영재고예술고외국어고일반고자율고제한없음체육고","해당없음","해당없음","해당없음","○ 장학금 36만원 * 4회○ 교육비/예체능지원비/심리치료 및 외래치료 목적 장학금○ 새학년 준비 10만원","○ 법적 보호자 또는 형재가 정신장애를 가진 가정의 자녀○ 정신장애를 가진 고등학생※ 자세한 사항은 첨부파일 또는 홈페이지 참고","해당없음","○ 정신장애 등록여부 / 경제상황 / 외부지원여부 등 내규 기준에 근거하여 심사","○ 00명","○ 발달장애/지적장애/알코올 중독/ADHD은 지원 불가○ 단순 생활비 및 적금의 목적으로 장학금 사용 시 반환※ 자세한 사항은 첨부파일 또는 홈페이지 참고","해당없음","○ 신청 공문○ 신청서 및 개인정보동의서○ 신청기관 고유번호증(또는 시설신고증)○ 주민등록등본 또는 가족관계증명서○ 장애인 복지카드 사본 또는 장애등록 증빙서류○ 통장사본○ 기타 해당자 제출 서류○ 수급자/차상위/한부모 증명서○ 의료보호 1종/2종 증명서○ 외부지원 관련 증빙서류※ 자세한 사항은 첨부파일 또는 홈페이지 참고","https://www.kidfuture.or.kr","2024-12-16","2025-01-03"
"702 ","정이있는 장학재단","장학생","기타","장학금","기타","과학고국제고마이스터고영재고예술고외국어고일반고자율고제한없음체육고","1학년2학년3학년제한없음","해당없음","○ 기초생활수급자/차상위계층 등 경제적 지원이 필요한 학생","○ 100만원 (학기당 2회 분할)","○ 고등학교 재학생○ 기초생활수급자/차상위계층 등 경제적 지원이 필요한 학생○ 타인에 대한 배려와 사랑으로 봉사정신이 투철하여 귀감이 되는 학생○ 건강한 정신이 깃든 바른 인성과 효심으로 사랑을 실천하는 학생○ 성적이 우수하고 타의 모범이 되는 학생","해당없음","※ 기관확인필요","○ 00명","※ 자세한 사항은 첨부파일 또는 홈페이지 참고","○ 학교장 또는 관련정부기관 추천서(신규학생)","○ 신규 학생○ 장학신청서○ 직전 학기 성적증명서○ 학교장 또는 관련정부기관 추천서○ 통장사본○ 수급자증명서(필요시)○ 기존학생○ 장학금 후기○ 성적증명서○ 통장사본※ 자세한 사항은 첨부파일 또는 홈페이지 참고","https://www.warmheart.co.kr/","2026-03-03","2026-03-18"
"703 ","수경출판사","자이스토리장학금","기타","장학금","성적우수","과학고국제고마이스터고영재고예술고외국어고일반고체육고","해당없음","해당없음","해당없음","○ 대상 500만원○ 이현일 장학금 200만원 (대학입학시/졸업시 각 100만원)○ 금상 200만원○ 장려상 100만원○ 격려상 50만원○ 노력상 10만원","○ 2024/2025 수능 대비 자이스토리 교재로 학습한 고1·2·3학년/N수생○ 2024/2025 수능 대비 자이스토리 교재를 활용해 달성한 학업 성취에 대해 진솔한 학습법을 작성한 학생","해당없음","※ 기관확인필요","○ 대상 1명○ 이현일 장학생 4명(입학생)○ 금상 2명○ 장려상 5명○ 격려상 20명○ 노력상 000명","※ 기관확인필요","해당없음","○ (1/2학년) 모의고사 성적표○ (고3 및 N수생) 수능 성적표/대학 입학 증명 서류○ 본인 사진 : 증명사진 1장/자유사진 2장○ 자이스토리 Honors club 신청 서류※ 홈페이지에서 지원양식을 다운받아 신청서 작성 및 이메일 제출※ 자세한 사항은 첨부파일 또는 홈페이지 참고","http://www.booksk.co.kr","2024-02-20","2025-02-09"
"704 ","대한체육회","체육장학생","기타","장학금","특기자","체육고","해당없음","해당없음","해당없음","○ 100만원","○ 대한체육회가 주관하는 전국 규모의 대회 3위 이내 입상자○ 전국체육대회/ 전국동계체육대회/ 전국소년체육대회○ 중앙경기단체가 주관하는 전국 규모의 대회 3위 이내 입상자○ 24년 12월 이후의 입상 실적 보유자  ※ 자세한 사항은 첨부파일 또는 홈페이지 참고","해당없음","※ 자세한 사항은 첨부파일 또는 홈페이지 참고","○ 학생선수 541명(초/중/고 포함)○ 장애 학생선수 207명(초/중/고 포함)","○ 2023/ 2024년 체육장학금 수혜자○ 공단 스포츠꿈나무 특기장려금 사업 수혜대상자(2024.12. 기준)○ 학교폭력 가해 등 사회적 물의를 일으킨 자※ 자세한 사항은 첨부파일 또는 홈페이지 참고","○ 회원종목단체 및 회원시/도체육회가 추천","○ 학교장추천서○ 선수등록확인서○ 경기실적증명서○ 학생선수 명의 통장사본○ 개인정보 수집/이용 및 제3자 정보제공동의서○ 기초생활수급자 증빙서류(해당자)○ 차상위 증빙서류(해당자)※ 자세한 사항은 첨부파일 또는 홈페이지 참고","https://welfare.sports.or.kr","2025-10-28","2025-11-21"
"705 ","(재)서초장학재단","장학생","지자체(출자출연기관)","장학금","지역연고","과학고국제고마이스터고영재고예술고외국어고일반고자율고제한없음체육고","1학년2학년3학년제한없음","해당없음","○ 저소득층 기준: 기준 중위소득 80% 이내의 가구의 학생 또는 중위소득 80% 이상이지만 긴급한 위기 가정의 자녀로 장학금 지급이 절실하다고 판단되어지는 가정의 학생(보호자의 실직·파산·질병·가출·사고·기타 사유로 경제사정 악화)","○ 100만원","○ 공고일 현재 주민등록표상 주소 기준으로 서초구에 만 1년 이상 거주하고 있는 저소득층 또는 다자녀 가구(두자녀 이상)의 고등학교 재학생으로 근면 성실하여 학업 성적이 우수한 학생","○ 공고일 현재 주민등록표상 주소를 기준으로 서초구에 만 1년 이상 거주중인 가구의 고등학교 재학생","○ 자녀수(20점) 거주기간(10점) 재산소득 수준(30점) 성적(30점) 공공기관 자원봉사(10점)","○ 고등학생 및 대학생 50명","○ 해당 학기에 국가기관이나 지방자치단체/학교/기타 장학관련 단체로부터 장학금을 지원 받고 있는 학생 제외","해당없음","○ 장학생 선발 신청서○ 개인정보 수집·이용·제공·조회 동의서○ 가족관계증명서○ 주민등록등본○ 2023년도 건강보험료 납부확인서○ 지방세 세목별 과세증명서○ 전(월)세 계약서 사본 또는 무료임대 확인서(해당자)○ 최근 1년간 공공기관 자원 봉사 확인서(해당자)○ 생활기록부(고등학교 1학년은 중학교 3학년 2학기 생활기록부 제출)※ 자세한 사항은 첨부파일 또는 홈페이지 참고","http://www.seocho.go.kr","2025-02-24","2025-03-13"
"706 ","한진해운장학재단","장학생","기타","장학금","기타","과학고국제고마이스터고영재고예술고외국어고일반고자율고제한없음체육고","1학년2학년3학년제한없음","해당없음","해당없음","○ 100만원(실 납입 등록금 한도 내)","○ 가정형편이 어려운 학생○ 학습의지와 생활의지가 강한 자○ 공고일 현재 고등학교에 재학중인 자(신입생 포함)","해당없음","※ 기관확인필요ㅍ","○ 00명 이내","○ 무상교육 대상으로 등록금을 납입하지 않는 고등학생○ 중복지원 불가○ 방송통신 고등학교 재학생 제외※ 자세한 사항은 첨부파일 또는 홈페이지 참고","해당없음","○ 장학금신청서/자기소개서/개인정보수집·이용·제공·조회동의서○ 가족관계증명서 또는 등본○ 성적증명서○ 재학증명서○ 등록금 납입 영수증○ 지방세 세목별 과세증명서○ 건강·장기요양보험료 납부확인서○ 장학금 수령통장 사본○ 추천서 또는 생활기록부 사본(담임교사/선택사항)○ 기타 각종 자격증/상장 및 확인서 (선택사항)※ 자세한 사항은 첨부파일 또는 홈페이지 참고","http://www.hjsfoundation.or.kr","2026-09-07","2026-09-30"
"707 ","용인문화재단","용인청소년예술꿈드림","기타","장학금","특기자","과학고국제고마이스터고영재고예술고외국어고일반고자율고제한없음체육고","1학년2학년3학년제한없음","해당없음","○ 저소득층 가정 자녀","○ 사설학원 수강료 일부○ 교재/재료/악기 대여·구매비의 일부 지원○ 대회 참가비 등※ 활동 계획서 및 심사 점수에 따른 차등 지급","○ 용인특례시 소재 고등학교 재학생 중 예술 전공 관련 학과 진학 희망자○ 학교장 추천을 받은 저소득층 가정 자녀○ 월별 자기 평가서 제출/ 수료식 참석 등 재단에서 진행하는 사업에 적극 협조 가능한 자","○ 용인특례시 소재 고등학교 재학생","※ 기관확인필요","○ 00명","※ 기관확인필요","○ 학교장의 추천 필요","○ 지원신청서 및 활동계획서○ 학교장추천서○ 재학증명서○ 주민등록등본○ 북한이탈주민확인서(해당자)○ 수상증빙서류(해당자)○ 경제상황증빙서류(해당자)※ 자세한 사항은 첨부파일 또는 홈페이지 참고","http://www.yongin.go.kr","2025-03-03","2025-03-13"
"708 ","건국대학교 음악영재교육원","서울시 음악영재 장학생","기타","장학금","특기자","과학고국제고마이스터고영재고예술고외국어고일반고자율고제한없음체육고","1학년2학년3학년","해당없음","○ (일반) 기초생활수급권자 선정 기준 중위소득 120% 미만 가정○ (특별전형) 기초생활수급권자(기준 중위소득 50% 이하 가정○ 차상위 계층(기준 중위소득 50% 이하) 가정의 청소년※ 자세한 사항은 첨부파일 또는 홈페이지 참고","○ 영재교육원 과정의 교육 실시(2026년 4월~12월 / 9개월)○ 일반영재 : 전공실기/음악융합교육/앙상블 수업","○ 서울시 거주 국민기초생활보장법에 따른 기준 중위소득 120% 미만 가정의 고1 청소년 학생○ (특별전형) 이전 수료생 중 기초생활수급권자(기준 중위소득 50% 미만) 가정에 해당하는 고2~3학년 학생 예외적 지원※ 자세한 사항은 첨부파일 또는 홈페이지 참고","○ 서울시 거주자","○ 서류심사○ 1차 전형 : 음악인지검사○ 2차 전형 : 전공실기 및 심층면접※ 차상위계층/한부모/다문화·조손 및 장애 가정의 청소년/다자녀 가정의 청소년 우선선발 (서류 및 실기시험 동점자에 한해)※ 동점자일 경우 국민기초생활수급자 차상위계층 순으로 우선선발","○ 초/중/고 총합 110명※ 각 분야/전공/학년별 자세한 선발인원은 첨부파일 참고※ 각 전공별 인원수는 선발시험 결과에 따라 다소 변동될 수 있음","○ 타 영재교육기관 중복 지원 불가○ 음악영재교육 참여기간 동안 제출서류 보관에 동의하지 않을 경우 선발 제한","○ 학교장 또는 담당교사","○ 응시원서○ 자기소개서○ 추천서○ 주민등록등본○ 가족관계증명서(지원학생 기준 발급)○ 증명사진 1매○ 소득증명서류(부·모 모두)○ 기타 증명서류○ (기초수급대상자) 수급 대상자 증명서○ (한부모가족보호대상) 한부모 가족 증명서○ (법정 차상위계층) 해당 확인서※ 기타증명에 해당하는 대상자는 소득증명서류를 제출할 필요 없음※ 자세한 사항은 첨부파일 또는 홈페이지 참고","http://musicnedu.konkuk.ac.kr","2026-03-16","2026-03-31"
"709 ","두드림","두드림스타","기타","장학금","장애인","과학고국제고마이스터고영재고예술고외국어고일반고자율고제한없음체육고","1학년2학년3학년제한없음","해당없음","○ 중위소득 100% 이내","○ 두드림 스타 : 월 40만원~50만원 (교육 및 예체능장학금으로 교육장학금은 학원비/과외비/온라인강의 비용/ 예체능장학금은 레슨 및 훈련비/ 장비구입비)","○ 교육/체육/음악/미술에 재능이 있거나 꿈을 가진 장애가정 청소년○ 장애 청소년 또는 (조)부모/ 형제 등 가족이 장애가 있는 비장애 청소년○ 현재 중/고등학교에 재학중인 청소년","해당없음","○ 꿈의 구체성/ 자기개발노력/ 지원필요성/ 경제사항 등을 종합적으로 고려하여 평가 및 선정","○ 00명","※ 기관확인필요","해당없음","○ 신청서 1부○ 개인정보수집이용제공에 관한 동의서○ 주민등록등본○ 본인 또는 형제/ (조)부모의 장애인증명서 또는 복지카드○ 수급자 증명서 혹은 건강보험료 납입 확인서(중위소득 70% 이내)○ 2022년도 1/2학기 생활기록부 및 성적표○ 기타 해당 서류※ 자세한 사항은 첨부파일 또는 홈페이지 참고","http://www.dodreamfund.com","2024-05-14","2024-05-31"
"710 ","두드림","두드림투게더","기타","장학금","장애인","과학고국제고마이스터고영재고예술고외국어고일반고자율고제한없음체육고","1학년2학년3학년제한없음","해당없음","○ 중위소득 70%이내 장애가정","○ 월 최대 40만원○ 선정 시부터 졸업시까지 지원○ 연 2회 목표달성평가를 통해 지속여부 결정○ 멘토링 및 성장컨설팅※ 자세한 사항은 첨부파일 또는 홈페이지 참고","해당없음","해당없음","※ 기관확인필요","○ 0명※ 중학생 선발인원 포함 인원","※ 자세한 사항은 첨부파일 또는 홈페이지 참고","해당없음","○ 신청서○ 개인정보수집이용및마케팅활용동의서○ 주민등록등본○ 본인/형제/(조)부모의 장애인증명서/복지카드 사본○ 수급자/차상위 증명서 (해당자)○ 건강보험료 납입확인서 (중위소득 70% 이내)○ 2024년 2학기 생활기록부 및 성적표○ 분야별 제출서류 (영상 및 작품)○ 모의고사 성적표 및 수상기록물 (해당자)※ 자세한 사항은 첨부파일 또는 홈페이지 참고","http://www.dodreamfund.com","2025-03-10","2025-03-31"
"711 ","한국장애인재활협회","AX 행복장학생","기타","장학금","해당없음","과학고국제고마이스터고영재고예술고외국어고일반고자율고제한없음체육고","1학년2학년3학년제한없음","해당없음","○ (장애당사자) 중위소득 120% 이하 ○ (장애가정 청소년 · 청년) 기초생활수급자 또는 차상위계층","○ 300만원(학기당 150만원씩 분할 지급)","○ (장애당사자) 본인이 등록 장애인인 경우○ (장애가정 청소년 · 청년) 직계가족(조부모·부모형·제자매) 중 등록 장애인이 있는 경우/주양육자 기준","해당없음","※ 기관확인필요","※ 기관확인필요","○ 타 장학금과 중복수혜 불가(국가장학금에 한해 중복 수혜 가능","※ 기관확인필요","○ 신청서 1부○ 본인 또는 직계가족 장애인증명서 사본 · 가족관계증명서 1부○ 수급자/차상위 증명서 또는 전년도 소즉증명용 건강보험납입증명서 1부○ 성적증명서 1부○ 개인정보 수집 및 활용 동의서 · 장학생 준수사항 서약서 각 1부○ IT관련 수상 증빙서류 (신청서에 기재한 경우에 한함)","https://rikorea.or.kr/associationnews/%EC%82%AC%EC%97%85%EA%B3%B5%EC%A7%80/mod=document&uid=4473","2025-12-15","2026-01-16"
"712 ","재단법인 동천","장학생(난민 이주노동자 다문화가정 탈북민 장애인)","기타","장학금","기타","과학고국제고마이스터고영재고예술고외국어고일반고자율고제한없음체육고","1학년2학년3학년제한없음","해당없음","해당없음","○ 매월 20만원 (1년 총 240만원)","○ 난민/ 이주외국인/ 다문화가정/ 북한이탈주민/ 장애인 본인 및 자녀○ 꿈을 실현하기 위한 재능을 키우고자 노력하는 자로서 학업에 필요한 학(원)비 및 생활비 지원이 절실한 자","해당없음","○ 1차/2차 서류심사","○ 약 30여명","○ 장학금 수령기간 중 결격사유가 발생 할 경우 지원 중단","○ 복지관/ 쉼터/ 지역아동센터 등 장학생을 관리하고 있거나 1년 이상 추천학생과 관계를 지속할 수 있는 단체의 추천 (각 단체별로 3명 이내 추천)","○ 장학생 지원 신청서○ 기관(단체) 추천서○ 가족관계증명서○ 외국인등록사실증명서 사본(해당자)○ 재학(재원) 증명서○ 기초생활수급자 증명서(해당자)○ 임대차계약서 사본○ 대상자별 추가서류※ 자세한 사항은 첨부파일 또는 홈페이지 참고","https://www.bkl.or.kr/bbs/board.phpbo_table=B21&wr_id=771","2026-03-19","2026-04-15"
"713 ","지학사","풍산자 장학생","기타","장학금","성적우수","과학고국제고마이스터고영재고예술고외국어고일반고자율고제한없음체육고","1학년2학년3학년제한없음","○ (성적 향상 장학생) 수학 내신 성적이 한 등급 이상 향상된 학생○ (성적 우수 장학생) 수학 내신 성적이 1등급 이상인 학생※ 2026년 1학기 성적을 기준으로 신청 가능","해당없음","○ 20만원 + 장학 증서","※ 기관확인필요","해당없음","※ 기관확인필요","○ 성적 향상 장학생 : 10명○ 성적 우수 장학생 : 10명","※ 기관확인필요","해당없음","○ 증명사진(컬러) 1매○ (성적 향상) 향상 전/후 성적표 사본○ (성적 우수) 수학 내신 1등급 성적표 사본※ 자세한 사항은 첨부파일 또는 홈페이지 참고","http://www.jihak.co.kr","2026-07-20","2026-08-20"
"714 ","홍명보장학재단","장학생","기타","장학금","특기자","과학고국제고마이스터고영재고예술고외국어고일반고자율고제한없음체육고","1학년2학년","해당없음","해당없음","○ 150만원 (고등학교 졸업시까지 후원용품 지급)","○ 전국 고등학교에 재학중인 축구선수 중 학교 동료들로 하여금 모범이 되고 가정 환경이 어려운 선수(고등학교 2학년까지)○ 축구에 대한 애정이 남다른 선수로서 기량이 뛰어난 선수○ 각 학교 및 클럽에서 월 회비의 총 금액 면제자 또는 절반 이상의 면제자※ 자세한 사항은 첨부파일 또는 홈페이지 참고","해당없음","※ 기관확인필요","○ 초중고 포함 20~30명","○ 학교폭력 / 집단 따돌림 / 금품갈취 등 장학생으로 선발되기에 부적합한 가해사실이 밝혀질 경우 장학생으로 선발되어도 추후 조건없이 장학생 자격이 박탈될 수 있음※ 자세한 사항은 첨부파일 또는 홈페이지 참고","○ 장학생 추천서","○ 장학생 추천서○ 반명함 사진○ 주민등록등본○ 가족관계증명서○ 선수 부/모의 각 근로소득원천징수영수증○ 선수 부/모의 각 세목별 과세(납세)사실증명서○ 수급자증명서(해당자)○ 가족 중 장애인 또는 만성질환자가 있는 경우 증명서(해당자)○ 한부모가정증명서(해당자)○ 차상위계층증명서(해당자)○선수증명서(해당자)※ 자세한 사항은 첨부파일 또는 홈페이지 참고","http://hmb20.com","2025-09-16","2025-10-24"
"715 ","부마민주항쟁기념재단","장학생","기타","장학금","기타","과학고국제고마이스터고영재고예술고외국어고일반고자율고제한없음체육고","1학년2학년3학년제한없음","해당없음","해당없음","○ 50만원","○ 고등학교 재학생 중 아래 하나에 해당되는 자○ 부마민주항쟁 피해자 및 관련자의 (유)손자녀○ 민주화운동 관련자의 (유)자녀○ 시민사회운동 활동가의 자녀○ 기타 장학금 지급이 합당하다고 인정되는 자","해당없음","※ 기관확인필요","○ 3명 내외※ 초등학생 ~ 청소년(만13세~18세) 포함","※ 기관확인필요","해당없음","○ 장학생 지원서○ 장학생 지원자 정보○ 개인정보 수집이용 동의서○ 가족관계증명서○ 재학증명서/휴학증명서/입학예정을 확인할 수 있는 서류○ 건강보험납부확인서○ 기타 해당자 제출 서류※ 자세한 사항은 첨부파일 또는 홈페이지 참고","http://buma1979.or.kr","2026-07-13","2026-07-17"
"716 ","대삼장학회","장학생","지자체(출자출연기관)","장학금","지역연고","과학고국제고마이스터고영재고예술고외국어고일반고체육고","1학년2학년3학년제한없음","해당없음","해당없음","○ 50만원","해당없음","○ 학부모(보호자) 또는 학생이 부산 남구 대연3동에 주소를 두고 장학생 선발 신청일 현재 3년 이상 계속 주소가 되어 있으며 사실상 거주하고 있는 자","○ 장학생 선발 자격요건 구비자 중에서 자체 장학생 선발 선정기준표에 따라 총득점 순위별로 선발하고 사단법인 대삼장학회 이사회에서 최종 확정함","○ 6명※ 장학생 선발신청에 따라 대상인원 조정 가능","○ 1세대 1자녀에 한함○ 국가/ 지방자치단체/ 타 기관 등으로부터 장학금을 받고 있는 자 또는 받을 예정인 자※ 자세한 사항은 첨부파일 또는 홈페이지 참고","○ 학교장 또는 통장 또는 주민3인 이상의 추천서 제출","○ 장학금 신청서○ 장학생 추천서○ 장학금 수혜여부 확인서○ 개인정보 수집·이용 및 제3자 제공 동의서○ 2025년 성적증명서○ 건강보험 납부확인서○ 재산세 (미)과세 증명서○ 주민등록 등본○ 기타 장학금 신청에 필요한 서류※ 자세한 사항은 첨부파일 또는 홈페이지 참고","https://www.daesamship.co.kr","2026-01-02","2026-01-30"
"717 ","제정구장학회","장학생","기타","장학금","해당없음","과학고국제고마이스터고영재고예술고외국어고일반고자율고제한없음체육고","1학년2학년3학년제한없음","○ 상위 30% 이내","※ 자세한 사항은 첨부파일 또는 홈페이지 참고","○ 1인당 최대 150만원 지원","○ 제정구장학회와 함께하는 미래의 비젼을 가진 시흥시 소재의 거주지 혹은 관내고등학교의 모든 고교생 ○ 학습 문화 예술 체육 취업 부문 모집※ 자세한 사항은 첨부파일 또는 홈페이지 참고","※ 자세한 사항은 첨부파일 또는 홈페이지 참고","○ 서류 심사 및 면접을 통한 선발","※ 기관확인필요","※ 자세한 사항은 첨부파일 또는 홈페이지 참고","※ 기관확인필요","○ 지원신청서○ 학생자기소개서○ 지원자 서약서 및 개인정보 수집 이용 동의서○ 추천인 추천서※ 자세한 사항은 첨부파일 또는 홈페이지 참고","http://www.jjgss.or.kr","2025-11-18","2025-12-31"
"718 ","재단법인 빛이나","겨자씨 장학사업","기타","장학금","특기자","예술고일반고","1학년2학년3학년","○ 고등학교 재학 전체 성적 평균 80점 이상 ※ 자세한 사항은 첨부파일 또는 홈페이지 참고","해당없음","○ 100만원 지급※ 수업료 또는 생계비 지원","○ 대한민국 국민 중 고등학교 재학생○ 음악/공연·무용/뮤지컬/연극 등에서 활동 중인 학생○ 최근 12개월 이상 지속적인 문화예술 활동 이력이 있는 학생○ 학교명에 [예술]이 들어가는 고등학교 재학생 또는 일반 고등학교 재학생 지원 가능","해당없음","○ 심사기준 : 자기소개서(20점) 성적(20점) 실기영상(20점) 교내·외 예술활동(20점) 생활기록부(20점)○ 화상 면담(ZOOM 어플 사용 / 대상자에 한해 개별 안내)","○ 00명 내","※ 자세한 사항은 첨부파일 또는 홈페이지 참고","○ 학교장 추천○ 담임 또는 전공교사의 추천","○ 겨자씨 장학금 신청서○ 실기영상○ 개인 정보 수집·이용 동의서○ 생활기록부  성적표 및 자원봉사활동 내역 포함○ 교내·외 활동 및 수상 증빙자료○ 학교장 추천서○ 담임 또는 전공교사의 추천서○ 가족관계증명서○ 지원대상자 통장사본○ 일반고 문화예술 활동 실연 보고서(일반고 재학생만)※ 자세한 사항은 첨부파일 또는 홈페이지 참고","http://www.shiny.or.kr","2026-08-18","2026-08-30"
"719 ","금신장학재단","금신소망장학생","기타","장학금","지역연고","과학고국제고마이스터고영재고예술고외국어고일반고자율고제한없음체육고","1학년2학년3학년제한없음","해당없음","○ 가정형편의 어려움이 있는 자","○ 1인당 80만원","해당없음","○ 경기도 소재의 중고등학교 재학생 또는 본인 및 보호자의 주소지가 경기도인 학생으로 학업의 열정이 있으나 경제적 어려움이 있는 학생","○ 가정형편의 어려움 정도","○ 10명 내외","○ 한 가정에 한 명 지원 가능","해당없음","○ 장학생 신청서○ 재학증명서○ 가족관계증명서○ 주민등록등본○ 경제상황증빙관련서류※ 자세한 사항은 첨부파일 또는 홈페이지 참고","https://www.keumsin.or.kr","2025-09-16","2025-09-22"
"720 ","금신장학재단","금신기쁨장학생","기타","장학금","성적우수","과학고국제고마이스터고영재고예술고외국어고일반고자율고제한없음체육고","1학년2학년3학년제한없음","○ 일반/외국어/국제계열 고등학교 : 지난 학기 국어/영어/수학 성적성취도가 A인 학생○ 예술/체육/마이스터/특성화 고등학교 : 지난 학기 특별 관련 과목 80% 이상이 A인 학생","해당없음","○ 1인당 80만원","○ 학업의 열정이 높고 성적이 우수하며 다른 학생에게 모범이 되는 학생","○ 경기도 소재의 고등학교 재학생 또는 본인 및 보호자의 주소지가 경기도인 학생","○ 성적 우수 정도○ 학교장의 추천 사유","○ 10명 내외","○ 한 가정에 한명만 지원 가능","○ 학교장 추천","○ 장학생신청서○ 장학생추천서○ 가족관계증명서○ 주민등록등본○ 성적증명서(251학기)※ 자세한 사항은 첨부파일 또는 홈페이지 참고","https://www.keumsin.or.kr","2025-09-16","2025-09-22"
"721 ","재단법인 준제장학회","키움나무장학생","기타","장학금","소득구분","과학고국제고마이스터고영재고예술고외국어고일반고자율고제한없음체육고","1학년2학년3학년제한없음","해당없음","해당없음","○ 50만원※ 장기 키움나무 장학생 1년 학기당 50만원","○ 성실하고 성적이 우수하지만 배움의 기회가 부족한 학생○ 우대 : 학교성적우수자/ 한부모가정/ 차상위계층자녀(우대조건 미적합자도 장학금 신청 가능)","해당없음","※ 기관확인필요","※ 기관확인필요","해당없음","○ 학교장 추천","○ 신청서○ 자기소개서○ 추천서○ 생활기록부○ 건강보험납부증명서(기초생활수급자 제외)○ 우대조건증빙자료○ 개인정보이용동의서※ 자세한 사항은 첨부파일 또는 홈페이지 참고","http://junjesf.kr/","2025-03-03","2025-04-04"
"722 ","재단법인 준제장학회","귀감나무장학생","기타","장학금","소득구분","과학고국제고마이스터고영재고예술고외국어고일반고자율고제한없음체육고","1학년2학년3학년제한없음","해당없음","해당없음","○ 50만원 ~ 200만원","○ 의인의 자녀/국방 재난 재해 구조직업 종사자의 자녀○ 학교성적우수자/ 한부모가정자녀/ 차상위계층자녀(우대조건 미적합자도 장학금 신청 가능)","해당없음","○ 면접","※ 기관확인필요","해당없음","○ 추천서","○ 신청서○ 자기소개서○ 추천서○ 생활기록부○ 건강보험납부증명서(기초생활수급자 제외)○ 우대조건증빙자료○ 개인정보이용동의서※ 자세한 사항은 첨부파일 또는 홈페이지 참고","http://junjesf.kr/","2025-03-03","2025-04-04"
"723 ","재단법인 준제장학회","영재나무장학생","기타","장학금","특기자","과학고국제고마이스터고영재고예술고외국어고일반고자율고제한없음체육고","1학년2학년3학년제한없음","해당없음","해당없음","○ 50만원 (각종 경연대회 참가비/ 교육비 등 지원)","○ 자신의 꿈에 열성직인 학생(국악예술특기생 및 전공학생)○ 우대 : 학교성적우수자/ 한부모가정자녀/ 차상위계층자녀(우대조건 미적합자도 장학금 신청 가능)","해당없음","※ 기관확인필요","※ 기관확인필요","해당없음","○ 학교별 최대 3명","○ 신청서○ 자기소개서○ 추천서○ 생활기록부○ 건강보험납부증명서○ 우대조건증빙자료○ 개인정보이용동의서※ 자세한 사항은 첨부파일 또는 홈페이지 참고","http://junjesf.kr/","2025-03-03","2025-04-04"
"724 ","재단법인 준제장학회","희망나무장학생","기타","장학금","기타","과학고국제고마이스터고영재고예술고외국어고일반고자율고제한없음체육고","1학년2학년3학년제한없음","해당없음","해당없음","○ 50만원","○ 현재 종합병의원의 진단에 의한 희귀난치성 질환으로 입원 또는 외 진료를 받고 있는 환우○ 우대 : 학교모범생활자/ 한부모가정자녀/ 차상위계층자녀(우대조건 미적합자도 장학금신청 가능)","해당없음","※ 기관확인필요","○ 3~5명","해당없음","해당없음","○ 신청서○ 가족관계증명서○ 최근 3개월 이내 발급된 진단서○ 우대조건 증빙자료(학업성적)○ 위문 면담 및 방문 동의서※ 자세한 사항은 첨부파일 또는 홈페이지 참고","http://junjesf.kr/","2025-03-03","2025-04-04"
"725 ","단월면장학회","단월면장학생","지자체(출자출연기관)","장학금","지역연고","과학고국제고마이스터고영재고예술고외국어고일반고체육고","1학년2학년3학년제한없음","○ 1학년: 입학성적이 정원의 100분의 50 이내○ 2~3학년: 직전 두 학기 성적 평균(중간고사 및 기말고사 평균)이 100분의 50 이내인 자","해당없음","○ 30만원","○ 고등학교 재학생","○ 공고일 현재 5년 이상 단월면에 주소를 두고 계속 거주하는 주민 및 주민의 자녀","○ 신청자가 많을 경우 예산 범위 내에서 성적 순으로 정함","※ 기관확인필요","○ 2023년도 양평군에서 주관하는 각종 장학금을 수여 받은 경우○ 단월면 장학회 장학금을 수여 받은 경우 (고등학생 또는 대학생 각 1회로 한정)※ 자세한 사항은 첨부파일 또는 홈페이지 참고","○ 학교장 추천을 받은 자","○ 장학생 선발 신청서○ 개인정보 수집 및 이용 동의서○ 주민등록등본○ 가족관계증명서 (해당자)○ 통장사본(본인 또는 부모 통장)○ 입학성적 (1학년)○ 직전 두 학기 성적표 (2~3학년)○ 학교장 추천서※ 자세한 사항은 첨부파일 또는 홈페이지 참고","https://www.yp21.go.kr/dw/index.do","2023-11-10","2023-11-24"
"726 ","재단법인 이니스프리 모음재단","감귤장학생","기타","장학금","해당없음","과학고국제고마이스터고영재고예술고외국어고일반고자율고제한없음체육고","1학년2학년3학년제한없음","○ 3학년 : 3등급 이내 또는 B 이상 우대○ 1~2학년 : 2등급 이내 또는 B 이상 우대","해당없음","○ 각 100만원","○ 도내 거주중인 농(산)업·환경·자연과학 관련 종사 의지 및 활동 실적이 있는 도내 고교생","○ 본인 또는 보호자가 도내 거주중이며 도내 고등학교 재학중인 자○ 농어촌 지역 거주","○ 심사요소 : 농(산)업·환경·자연과학 부냐 종사 의지 및 관련 경헙(활동) / 지역 사회 기여에 대한 의지","○ 0명","※ 기관확인필요","○ 학교장 추천","○ 학교장 추천서○ 농(산)업·환경·자연과학 분야 프로젝트 진행 증빙서류○ 지원서○ 개인정보수집이용동의서○ 재학증명서○ 성적증명서○ 가족관계증명서○ 가족관계증명서에 기재된 보호자의 재산세 납부 증명서※ 자세한 사항은 첨부파일 또는 홈페이지 참고","https://www.innisfreemoeum.or.kr/index.do","2026-08-13","2026-09-04"
"727 ","(재)지원장학회","장학생(생활 및 교재비 보조)","기타","장학금","해당없음","과학고국제고마이스터고영재고예술고외국어고일반고자율고제한없음체육고","1학년2학년3학년제한없음","※ 자세한 사항은 첨부파일 또는 홈페이지 참고","※ 자세한 사항은 첨부파일 또는 홈페이지 참고","○ 100만원","※ 자세한 사항은 첨부파일 또는 홈페이지 참고","○ 보호자(부모)와 본인이 국내에 거주하고 있는 국내 소재 고등학교 재학생","○ 선정위원회의 기준에 따라 심의 후 선발※ 자세한 사항은 첨부파일 또는 홈페이지 참고","○ 30명 내외 ","○ 휴학생 또는 휴학 예정자○ 졸업 후 동급학교에 재진학한 경우(전공심화과정 추가학기 수료 및 이수 등)","○ 고등학교 장의 추천","○ 장학생 신청서○ 소속 고등학교장의 장학생 추천서○ 재학증명서○ 직전 학기 성적증명서○ 개인정보 제공 동의서○ 학생 본인 통장 사본○ 자의적 선택서류○ 기초생활수급자 및 차상위계층 확인서○ 소년 소녀 가장/조부모 가정/한부모 가정/장애인 가정 확인서○ 보호자 근로소득 원천징수영수증○ 가족관계증명서(자의적 선택서류 제출자 필수)※ 자세한 사항은 첨부파일 또는 홈페이지 참고","http://지원장학회.com","2026-02-19","2026-02-27"
"728 ","(사)개벽장학회","학업우수(성적) 장학생 ","기타","장학금","성적우수","과학고국제고마이스터고영재고예술고외국어고일반고체육고특성화고","1학년2학년3학년제한없음","○ 직전학기 성적이 국어/수학/영어/탐구영역 중 4개 영역 평균등급이 3.0등급 이내 (단위수는 고려하지 않으며 탐구영역 우수과목 1과목만 반영)○ 고등학교 1학년은 4개 영역 평균등급이 1.5등급 이내○ 특성화고는 전체 석차 23% 이내","해당없음","○ 장학금 총 금액 2천만원을 30여명에게 지원(생활비성 장학금)","○ 고등학교 재학생","○ 공고일 기준 본인 또는 보호자가 전라북도에 3년 이상 주민등록 주소지를 두고 거주하고 있는 자","○ 자격요건에 적합한 학생 중 성적이 우수한 학생 순으로 학교별 배정인원 내 학교장 추천 선발","○ 총 26명(개벽장학회 하반기 장학생 전체 인원)","○ 학교로부터 징계(정학/제적 등) 처분을 받은 경우○ 사회적 물의를 일으킨 경우","○ 학교장 추천","○ 장학생 신청서○ 장학생 추천서○ 성적증명서 (2025.1학기/원점수표기)○ 주민등록 초본○ 가족관계등록부○ 개인정보 수집 이용 조회 제공 등에 대한 동의서※ 자세한 사항은 첨부파일 또는 홈페이지 참고","http://www.kaebyok.co.kr/view/index","2025-11-17","2025-11-20"
"729 ","(사)개벽장학회","특기(예체능) 장학생","기타","장학금","특기자","과학고국제고마이스터고영재고예술고외국어고일반고체육고","1학년2학년3학년제한없음","해당없음","해당없음","○ 장학금 총 금액 2천만원 지원(생활비성 장학금)","○ 고등학교 재학생○ 공고일 기준 1년 이내 전국규모 이상 대회에서 3위 이상 입상자/ 학교생활에 충실하고 체육 분야에 소질이 있으며 성장 잠재력이 큰 체능 특기학생/ 관련 협회장 추천을 받은 학생 중 해당자※ 자세한 사항은 첨부파일 또는 홈페이지 참고","○ 공고일 기준 본인 또는 보호자가 전라북도에 3년 이상 주민등록 주소지를 두고 거주하고 있는 자","○ 장학생 선발심사위원회 1차 심사를 거쳐 장학회 이사회 의결로 장학생 최종 선발 결정","○ 총 26명(개벽장학회 하반기 장학생 전체 인원)","○ 학교로부터 징계(정학/제적 등) 처분을 받은 학생○ 학생으로서 현저하게 어긋난 행동으로 사회적 물의를 일으킬 경우○ 장학금의 지급결정을 취소할  필요가 있다고 인정될 경우※ 자세한 사항은 첨부파일 또는 홈페이지 참고","○ 학교장 또는 협회장 추천","○ 장학생 신청서○ 장학생 추천서○ 입상을 증명하는 서류○ 주민등록 초본○ 가족관계등록부○ 개인정보 수집 이용 조회 제공 등에 대한 동의서※ 자세한 사항은 첨부파일 또는 홈페이지 참고","http://www.kaebyok.co.kr/view/index","2025-11-17","2025-11-20"
"730 ","재단법인 김해시미래인재장학재단","예체능꿈나무장학생","지자체(출자출연기관)","장학금","특기자","과학고국제고마이스터고영재고예술고외국어고일반고자율고제한없음체육고","1학년2학년3학년제한없음","해당없음","○ 가정형편이 어려운 예체능 특기자","○ 500만원(2회 분할지급)","○ 김해 소재지 초 중학교를 졸업한 자○ 예술 또는 체육에 재능이 있고 발전가능성이 있는 자○ 2025년 예체능분야에서 수상실적이 있는 특기생","○ 공고일 현재 보호자가 김해시에 1년 이상 거주하고 있는 자※ 관외 학생도 지원 가능","○ (재)김해시미래인재장학재단 심의위원회에서 최종결정※ 자세한 사항은 첨부파일 또는 홈페이지 참고","○ 25명","○ 생활체육대회 입상자○ 방송연예분야 제외","○ 재학중인 학교장의 추천","○ 장학생 지원서/ 지원분야 수상현황/ 재학증명서/ 통장사본○ 자기소개서○ 개인정보 수집·이용·제공 및 조회 동의서○ 주민등록등본/ 보호자 부 또는 모의 주민등록 초본○ 부/모 각각의 근로소득원천징수서(없으면 소득금액증명원)○ 부채증명서※ 자세한 사항은 첨부파일 또는 홈페이지 참고","https://www.ghjanghak.kr","2026-03-03","2026-03-20"
"731 ","재단법인 김해시미래인재장학재단","성적우수장학금(일반)","지자체(출자출연기관)","장학금","지역연고","과학고국제고마이스터고영재고예술고외국어고일반고자율고제한없음체육고","3학년","○ 고3 내신 9등급 중 3등급 이상 혹은 평균 70점 이상","○ 보호자(부모합산)의 연간수입이 1억원 이하○ 부동산(주택/토지/건축물) 공시가격 및 시가표준합산액이 부채액을 제외하고 4억원 이하","○ 학기당 최대 150만원 / 년 2회 분할지급※ 등록금에서 타장학금 금액 공제 후 실납부액만 지급","○ 김해시 관내 거주하는 고등학생○ 2년제 이상 대학에 입학할 예정인 자","○ 공고일 현재 보호자가 김해시에 만 1년 이상 거주하고 있는 자","※ 자세한 사항은 첨부파일 또는 홈페이지 참고","○ 44명 (고등학생/대학생 포함)","○ 1가정 1명 신청○ 타장학금 등으로 등록금 전액 지원 받는 자※ 자세한 사항은 첨부파일 또는 홈페이지 참고","○ 재학중(졸업예정)인 고등학교 학교장 추천","○ 장학생 지원서○ 장학생 추천서○ 개인정보 수집/이용/제공 및 조회 동의서○ 부/모 각각의 근로소득원천징수서 또는 소득금액증명원○ 부채증명서○ 보호자의 등본/초본  / 가족관계 증명서○ 고교 졸업(예정)증명서○ 고교내신성적표○ 대학합격증서○ 통장사본○ 서약서※ 자세한 사항은 첨부파일 또는 홈페이지 참고","http://www.ghjanghak.kr/","2025-02-03","2025-02-21"
"732 ","재단법인 김해시미래인재장학재단","성적우수장학금(특별)","지자체(출자출연기관)","장학금","지역연고","과학고국제고마이스터고영재고예술고외국어고일반고자율고제한없음체육고","3학년","○ 고3 내신 9등급 중 3등급 이상 혹은 평균 70점 이상","○ 보호자(부/ 모 합산)의 연간 수입이 1억원 이하의 자○ 부동산(주택/ 토지/ 건축물의) 공시가격 및 시가표준합산액이 부채액을 제외하고 4억원 이하인 자","○ 학기당 최대 150만원 / 년 2회 분할지급※ 등록금에서 타장학금 금액 공제 후 실납부액만 지급","○ 김해시 관내 거주하는 고등학생○ 장애인가정(부모 또는 본인 / 형제·자매는 제외) 및 다문화가정○ 2년제 이상 대학에 입학할 예정인 자","○ 공고일 현재 보호자가 김해시에 1년 이상 거주하고 있는 자","※ 자세한 사항은 첨부파일 또는 홈페이지 참고","○ 4명 (고등학생/대학생 포함)","○ 1가정 1명 신청○ 타장학금 등으로 등록금 전액 지원 받는 자※ 자세한 사항은 첨부파일 또는 홈페이지 참고","○ 재학중(졸업예정)인 고등학교 학교장 추천","○ 장학생 지원서○ 개인정보 수집/이용/제공 및 조회 동의서○ 부/모 각각의 근로소득원천징수서 또는 소득금액증명원○ 부채증명서○ 보호자의 등본/초본 / 가족관계증명서○ 고교 졸업(예정)증명서○ 고교내신성적표○ 대학합격증서○ 다문화가정 : 가족관계증명서 / 기본증명서 각 1통○ 장애인가정 : 부모 또는 본인 장애인증명서○ 서약서※ 자세한 사항은 첨부파일 또는 홈페이지 참고","http://www.ghjanghak.kr/","2025-02-03","2025-02-21"
"733 ","재단법인 김해시미래인재장학재단","지역전략산업연계 취업 장학금","지자체(출자출연기관)","장학금","지역연고","특성화고","해당없음","해당없음","해당없음","○ 360만원(반기 분할지급)","○ 관내 특성화 고등학교에 2025학년도 졸업 후 김해 소재 의생명 및 미래자동차 관련 분야 기업체에 취업한 자※ 특성화고등학교 : 김해건설공업고등학교/ 김해생명과학고등학교/ 김해 한일여자고등학교/ 진영제일고등학교","○ 공고일 현재 보호자가 김해시에 만 1년 이상 거주하고 있는 자","※ 자세한 사항은 첨부파일 또는 홈페이지 참고","○ 15명","○ 분기별 재직확인 시 미확인 될 경우 장학금 지급 중지○ 주소기간 1년 내에 잠깐이라도 관외 전출할 사실이 있으면 제외○ 지역전략산업연계 취업 장학생 신청 제외 (2021 ~ 2025)","○ 학교장 추천","○ 장학생 지원서○ 장학생 추천서○ 개인정보동의서○ 성적증명서○ 재직증명서○ 부(모) 주민등록초본○ 주민등록등본○ 보호자 통장사본※ 자세한 사항은 첨부파일 또는 홈페이지 참고","http://www.ghjanghak.kr/","2026-03-03","2026-03-20"
"734 ","재단법인 김해시미래인재장학재단","탈북민자녀 지정기탁 장학금","지자체(출자출연기관)","장학금","해당없음","과학고국제고마이스터고영재고예술고외국어고일반고자율고제한없음체육고","1학년2학년3학년제한없음","해당없음","해당없음","○ 50만원 (생활비 지원)","○ 김해시 소재 고등학교에 재학중인 자","○ 공고일 현재 보호자가 김해시에 만 1년전부터 거주하여 계속하여 김해시에 거주 중인 자※ 본인이 탈북민인 경우에도 거주조건 만족 시 신청가능","○ 성적과 소득에 배점 부여 후 배점 순위대로 선발 ○ 대상자가 선발인원보다 초과 시 학업성적/재산정도 순으로 선발※ 자세한 사항은 첨부파일 또는 홈페이지 참고","○ 14명 (고등학생/대학생 포함)","○ 공고일 기준 만 1년전부터 장학금 수령일까지 관외 전출한 사실이 있으면 제외○ 김해시미래인재장학재단 상반기 장학사업 중복 신청 제한","○ 경남하나센터장 추천","○ 장학생 지원서○ 장학생 추천서○ 고등학교 재학증명서○ 주민등록초본○ 주민등록등본 / 가족관계증명서○ 성적증명서○ 본인 또는 보호자 통장사본○ 개인정보 수집/이용/제공 및 조회 동의서※ 자세한 사항은 첨부파일 또는 홈페이지 참고","https://www.ghjanghak.kr","2024-09-10","2024-09-25"
"735 ","재단법인 복성장학회","꿈 장학생","기타","장학금","기타","과학고국제고마이스터고영재고예술고외국어고일반고자율고제한없음체육고","해당없음","해당없음","해당없음","○ 80만원","○ 대한민국 국적의 고등학교 재학생","해당없음","※ 기관확인필요","○ 5명","※ 기관확인필요","해당없음","○ 장학생 신청서○ 자기소개서○ 재학증명서○ 성적증명서○ 주민등록등본○ 가족관계증명서○ 한국장학재단 학자금 지원구간통지서○ 부모의 건강보험료납부확인서 및 자격득실확인서○ 개인정보 수집·이용 동의서※ 자세한 사항은 첨부파일 또는 홈페이지 참고","http://boksungsf.kr","2025-10-15","2025-11-05"
"736 ","사단법인 한국소아당뇨인협회","소아·청소년 당뇨인 푸른빛 희망 장학금","기타","장학금","기타","과학고국제고마이스터고영재고예술고외국어고일반고자율고제한없음체육고","1학년2학년3학년제한없음","해당없음","해당없음","○ 1인당 현금 150만원 지원 및 현물 30만원 상당 지원","○ 3세~24세(2003.1.1생부터 2023.12.31까지의 출생자)○ 당뇨병 환자 중 인슐린을 투여하는 당뇨병 환자(1형·2형 모두 가능) 및 췌장장애인※ 2형당뇨병의 경우 경구약 복용과 인슐린 투여를 같이 해야 지원가능","해당없음","○ 장학심사위원회의 심사○ 사단법인 한국소아당뇨인협회에서 진행하는 온·오프라인 행사를 적극적으로 참여하는 사람은 장학금 신청 시 가산점 추가(누적됨)○ 과거 여러 차례 신청하였으나 선정되지 않은 신청자는 이번부터 신청 시 우선 선발 자격이 주어짐※ 자세한 사항은 첨부파일 또는 홈페이지 참고","○ 최대 100명 이내 선정 예정 협회 추천 장학생 최대 3명 이내 선정 예정 기초생활수급자 및 차상위층 전형은 최대 8명 이내로 선정 예정","○ 2012년 이후 현금/인슐린펌프 교육장학금 등 포함 1회라도 장학금 수여 이력이 있는 경우 장학금 지원사업 신청 제한○ 타 기관에서 해당년도(2025년·2026년)에 장학금을 지원받은 사람은 제외※ 협회 추천 장학생은 별도 추천 절차에 따라 선정되므로 기존 장학금 수혜 횟수 제한 기준에 포함되지 않음","○ 추천서는 담당 의사/병원 간호사/영양사/사회복지사/학교 담임선생님/도·시·군·구·읍·면·동 담당 공무원의 추천만이 가능","○ 2027학년도 푸른빛 희망 장학금 지원 신청서○ 신청 동기 및 사용 계획○ 지원 추천서○ 개인정보 수집 및 이용·제3자 제공 동의서○ 병원 진단서·소견서·소모성재료처방전·췌장장애등록증 중 택 1○ 주민등록등본○ 가족관계증명서○ 소득금액증명원○ 한부모가족증명서(해당자)○ 수급자증명서(해당자)○ 차상위증명서(해당자)※ 자세한 사항은 첨부파일 또는 홈페이지 참고","http://www.iddm.kr","2026-06-15","2026-09-11"
"737 ","(재)중구인재육성장학재단","관외 고 성적우수 장학생","지자체(출자출연기관)","장학금","해당없음","과학고국제고마이스터고영재고예술고외국어고일반고자율고제한없음체육고","1학년2학년3학년제한없음","○ 2025년도 1학기 성적이 상위 10%이내","※ 자세한 사항은 첨부파일 또는 홈페이지 참고","○ 100만원","○ 중구 관외 소재 고등학교에 재학중인 학생○ 국가 또는 지방자치단체 타 재단 학교 민간 등으로부터 장학금을 지원받지 않는 자","○ 공고일 기준으로 중구에 주문등록(또는 외국인등록상 거소)을 두고 1년 이상 연속으로 거주하고 있는 초중고 재학생","○ 서류심사를 통해 장학생 종류별 세부평점기준표에 의거 장학생선정심사위원회에서 선발함","○ 2명","○ 국가 또는 지방자치단체 타 재단 학교 민간 등으로부터 장학금을 지원받은 자○ 선발분야 중 1개 분야만 신청 가능○ 2025년 상반기 본 재단의 장학금 수혜를 받은 자는 우선순위에서 제외될 수 있음※ 자세한 사항은 첨부파일 또는 홈페이지 참고","○ 관외 학교장 추천","○ 장학생 신청 및 추천서○ 개인정보수집 이용 제공 조회 동의서○ 직전학기 성적증명서○ 주민등록등초본○ 지방세세목별과세증명서○ 통장사본※ 자세한 사항은 첨부파일 또는 홈페이지 참고","http://www.junggu.seoul.kr","2025-10-24","2025-11-07"
"738 ","(재)시안장학회","미래재능장학생","기타","장학금","소득구분","과학고국제고마이스터고영재고예술고외국어고일반고자율고제한없음체육고","1학년2학년","해당없음","○ 중위소득 70% 이하 경제적 취약계층○ 기초생활수급자 차상위계층 저소득가구","○ 연간 500만원","○ 고등학교 1 2학년 재학생","해당없음","※ 기관확인필요","※ 기관확인필요","해당없음","해당없음","○ 장학지원서 및 부속서류○ 주민등록등본○ 경제상황확인서류○ 기초생활수급자 증명서/차상위계층 확인서/한부모가정 증명서/건강보험료 납부확인서○ 1학기 학교생활기록부 사본※ 자세한 사항은 첨부파일 또는 홈페이지 참고","http://sian.kkapt.co.kr/","2025-11-12","2025-11-28"
"739 ","문암장학문화재단","장학생","기타","장학금","기타","과학고국제고마이스터고영재고예술고외국어고일반고자율고제한없음체육고","1학년2학년3학년제한없음","해당없음","해당없음","○ 연간 최대 100만원","○ 현역군인의 장애 가정(본인 및 배우자/자녀 중 경·중증자)의 자녀","해당없음","○ 자격요건을 갖춘 신청자를 각 군에서 추천○ 육군 : 4명○ 해군/해병 : 3명○ 공군 2명○ 각 군 본부 추천/ 국방부 추천자 선발 및 통보/ 문암장학문화재단 서류심사 후 최종선발 및 통보","○ 초·중·고·대학생 : 9명","※ 기관확인필요","해당없음","○ 각 군 문암장학문화재단 장학생 추천자 명부○ 신청인 학생 입·출금식 예금통장(사본)및 장애증빙서류○ 개인정보 처리 및 초상권 이용 동의서○ 개인정보 제공 동의서○ 기타 필요 서류(건강보험납입증명서 등)※ 자세한 사항은 첨부파일 또는 홈페이지 참고","http://www.munamfoundation.or.kr","2025-12-04","2025-12-31"
"740 ","재단법인 인성장학재단","장학생","기타","장학금","기타","과학고국제고마이스터고영재고예술고외국어고일반고자율고제한없음체육고","해당없음","해당없음","해당없음","○ 100만원","○ 어려운 환경과 조건이지만 학업에 대한 강한 열정과 우수한 재능을 가지고 있으며 학업성적이 우수하고 타인의 모범이 되는 자","해당없음","○ 신청자가 제출한 서류 바탕으로 학업성적/ 경제력/ 기타사항 등을 종합적으로 판단하여 선발","○ 10명 내외","○ 제출서류 기재사항이 허위로 판명될 경우 선발 취소","○ 재학 중인 학교의 교사","○ 장학생지원서○ 장학생추천서○ 개인정보수집동의서○ 재학증명서○ 학업성적증명서○ 수업료 납부 고지서 또는 영수증○ 주민등록등본 또는 가족관계증명서○ 장학금 입금 예금통장 사본※ 자세한 사항은 첨부파일 또는 홈페이지 참고","http://insungscholar.com","2023-10-05","2023-10-13"
"741 ","재단법인 순장학회","북한이탈주민 장학생","기타","장학금","기타","과학고국제고마이스터고영재고예술고외국어고일반고자율고제한없음체육고","1학년2학년3학년제한없음","○ 학구열이 높고 성적이 우수한 자","○ 어려운 환경의 학생","○ 학업장려금 (방과 후 활동비 및 참고도서 구입비 등)  금액은 재단 내규에 따라 심사를 거쳐 결정 후 학교명의 통장으로 지급","○ 일반학교에 재학 중인 북한이탈주민 고등학생","해당없음","○ 사단법인 북한인권시민연합이 접수·추천하여 당 재단 '장학생 선발 심사위원회'에서 심의·선발함","○ 00명","○ 기업 타재단 장학금 등 중복수혜 불가○ 본 장학금 지급 자격 요건을 상실한 경우(학칙에 의한 징계처분)○ 장학사업의 취지 및 학생의 본분에 어긋나는 행위를 한 경우○ 장학생 수여식 불참시 장학생 선발 탈락 및 장학금 지급 불가","○ 학교장 추천","○ 장학금 신청서○ 학교명의 통장사본○ 학교장 추천서○ 개인정보 수집 이용 동의서○ 자기소개서○ 학업 성적 증명서○ 기타 어려운 가정 사정을 증빙할 수 있는 참고 서류※ 자세한 사항은 첨부파일 또는 홈페이지 참고","http://www.soonsf.or.kr","2025-07-04","2025-09-12"
"742 ","한국전기기술인협회","회원자녀 장학생","기타","장학금","해당없음","과학고국제고마이스터고영재고예술고외국어고일반고자율고제한없음체육고","1학년2학년3학년제한없음","○ 해당없음","○ 해당없음","※ 자세한 사항은 첨부파일 또는 홈페이지 참고","○ 2023년 1월 1일 이전 협회에 가입한 정상 회원의 자녀○ 고등학교 2∼3학년 재학생(단 상해·기초생활수급자의 자녀/공고 전력기술관련 학과 학생은 1학년 포함)","○ 해당없음","○ 서류 심사","○ 00명","○ 1인 1자녀에 한하여 추천 가능○ 과거 협회 회원자녀 장학금 수혜자 제외","○ 해당없음","○ 장학금 수혜신청서○ 주민등록등본○ 2025년도 1년간 생활기록부(상기 서류 미해당 고등학교 2~3학년 재학생에 한함)","https://www.keea.or.kr","2026-03-13","2026-04-24"
"743 ","(주)킨텍스","킨텍스 장학생","공공기관","장학금","해당없음","과학고국제고마이스터고영재고예술고외국어고일반고자율고제한없음체육고","1학년2학년3학년제한없음","해당없음","○ 접수 및 결과 고지 기간 내 기초생활수급자※ 차상위계층 또는 한부모가정 등에만 해당할 경우 지원불가","○ 1인당 50만원","해당없음","○ 경기도 소재 고등학교 재학생 ","※ 기관확인필요","○ 260명 (중학생 130명/고등학생 130명)","○ 이전 킨텍스 장학생 선발자는 제외","○ 학교장 추천( 학교 당 1명 추천 가능)","○ 학교장 추천공문○ 개인정보 수집이용제공 동의서○ 주민등록등본(선발자 추후제출)○ 기초생활수급자증명서(선발자 추후제출)○ 재학증명서(선발자 추후제출)※ 자세한 사항은 첨부파일 또는 홈페이지 참고"," https://jh.kintex.com/customer/board/board_list.aspt_name=BOARD1","2026-04-20","2026-05-08"
"744 ","사단법인 점프","도약 장학금(학업)","기타","장학금","해당없음","과학고국제고마이스터고영재고예술고외국어고일반고자율고제한없음체육고","1학년2학년3학년제한없음","○ 중학교 3학년 : [내신] 직전 학기 3개 교과 영역(국어/영어/수학) 중 1과목 이상 성취도 A 또는 3과목 모두 성취도 B 이상○ 고등학교 1~3학년 : [내신] 직전 학기 3개 교과 영역(국어/영어/수학) 중 1과목 이상 성취도 A 또는 3과목 모두 성취도 B 이상[모의고사] 전년도 한국교육과정평가원 모의평가(2025년 6월 이후 시행 중 택 1) 중 1과목 이상 1등급 또는 3과목 모두 2등급 이상○ 고등학교 1학년의 경우 [내신]은 중학교 3학년 2학기 성적으로 확인","해당없음","○ 1인 최대 1000만원※ 자세한 사항은 첨부파일 또는 홈페이지 참고","○ 점프와 함께한지 2년 이산 된 학습센터/기관의 추천을 받고 너를 응원해 DREAM 장학생 인재상에 부합하는 청소년※ 자세한 사항은 첨부파일 또는 홈페이지 참고","해당없음","○ 서류 심사○ 오프라인 면접 심사※ 자세한 사항은 첨부파일 또는 홈페이지 참고","○ 10명 (도약(학업/예체능) 포함)※ 자세한 사항은 첨부파일 또는 홈페이지 참고","※ 자세한 사항은 첨부파일 또는 홈페이지 참고","※ 자세한 사항은 첨부파일 또는 홈페이지 참고","○ 학습센터 추천서○ 학생 본인 지원서○ 재학증명서(모집 공고일 이후 발급)○ 성적증명서(2025년 2학기) 또는 모읙고사 성적표(2025년 6월 이후 시행 중 택 1)※ 자세한 사항은 첨부파일 또는 홈페이지 참고","https://woowa.janghak.org","2026-04-09","2026-04-19"
"745 ","사단법인 점프","도약 장학금(예체능)","기타","장학금","해당없음","과학고국제고마이스터고영재고예술고외국어고일반고자율고제한없음체육고","1학년2학년3학년제한없음","해당없음","해당없음","○ 1인 최대 1000만원※ 자세한 사항은 첨부파일 또는 홈페이지 참고","○ 중학교 2학년~고등학교 3학년 : 최근 2년 이내 예체능 분야의 교내외 실기 대회에 1개 입상 실적이 있거나 잠재력이 있는 청소년○ 수장 실적이 없는 경우 포트폴리오에 기재된 미래계획을 기반으로 평가※ 자세한 사항은 첨부파일 또는 홈페이지 참고","해당없음","○ 서류 심사○ 오프라인 면접 심사※ 자세한 사항은 첨부파일 또는 홈페이지 참고","○ 10명 (도약(학업/예체능) 포함)※ 자세한 사항은 첨부파일 또는 홈페이지 참고","※ 자세한 사항은 첨부파일 또는 홈페이지 참고","※ 자세한 사항은 첨부파일 또는 홈페이지 참고","○ 학습센터 추천서○ 학생 본인 지원서○ 재학증명서(모집 공고일 이후 발급)○ 수상실적증명서류○ 예체능 포트폴리오(창작물 사진 수상이력 등 증빙 가능 자료)※ 자세한 사항은 첨부파일 또는 홈페이지 참고","https://woowa.janghak.org","2026-04-09","2026-04-19"
"746 ","대구광역시 달서구체육회","체육특기장학","지자체(출자출연기관)","장학금","특기자","과학고국제고마이스터고영재고예술고외국어고일반고자율고제한없음체육고","1학년2학년3학년제한없음","해당없음","해당없음","○ 80만원","○ 20250914 ~ 20260913 이내 광역시·도 단위대회 입상자 또는 전국규모 이상 대회 3위 이상 입상자※ 단체전 참가선수일 경우 소속팀 총 경기 시간의 50% 이상 출전한 자","○ 선발 공고일 현재 1년 이상 달서구 관내 주소를 두고 거주하는 구민 또는 그 자녀로서 고등학교에 재학 중인 학생","○ 자체계획으로 선발","○ 1명","○ 장학금 신청은 세대 1명○ 2025년 징계처분을 받은 자는 지원할 수 없음※ 자세한 사항은 첨부파일 또는 홈페이지 참고","○ 달서구 체육회장 추천","○ 달서구체육회 추천 체육특기 장학생 지원신청서○ 개인(신용)정보 수집·이용·제공 및 조회 동의서/서약서○ 품행 및 장학금 수혜여부 확인서○ 대회 수상 실적서○ 대한종목단체에서 발급된 경기실적증명서○ 자격확인서○ 주민등록등본○ 학생본인명의의 통장사본※ 자세한 사항은 첨부파일 또는 홈페이지 참고","http://dalseo7330.com","2026-09-14","2026-09-30"
"747 ","재단법인 손태희장학재단","성적우수장학금","기타","장학금","성적우수","과학고국제고마이스터고영재고예술고외국어고일반고자율고제한없음체육고","1학년2학년3학년제한없음","○ 직전학년(학기) 이수(취득)한 국어/영어/수학/사회/과학 과목 등급이 모두 3등급 이내 또는 성취도(학점) A 교과 단위 합계가 15 이상","해당없음","○ 100만원","※ 기관확인필요","해당없음","○ 장학금 선정위원회 심의","○ 00명","○ 퇴학/재적 등 징계처분 또는 휴학한 학생○ 타 장학재단의 장학금 기수혜자(국가장학금 제외)※ 자세한 사항은 첨부파일 또는 홈페이지 참고","○ 학교장 추천","○ 장학금 지원 신청서○ 장학생 추천서○ 장학금 사용 계획서○ 통장 사본○ 생활기록부○ 가족관계 증명서○ 성적 증빙 서류※ 자세한 사항은 첨부파일 또는 홈페이지 참고","https://www.sontaehee.co.kr","2025-09-01","2025-09-05"
"748 ","재단법인 손태희장학재단","학업장려장학금","기타","장학금","소득구분","과학고국제고마이스터고영재고예술고외국어고일반고자율고제한없음체육고","1학년2학년3학년제한없음","○ 직전학년(학기) 이수(취득)한 국어/영어/수학/사회/과학 과목 등급이 모두 3등급 이내 또는 성취도(학점) A 교과 단위 합계가 15 이상","○ 기초생활수급자 / 조손가정 / 소년소녀가정 / 한부모 가정 / 다문화 가정 / 다자녀 가정 / 장애인 등 경제적 어려움이 있는 학생","○ 100만원","※ 기관확인필요","해당없음","○ 장학금 선정위원회 심의","○ 00명","○ 휴학/ 재적/ 자퇴 등 해당자○ 타 장학재단의 장학금 기수혜자(국가장학금 제외)※ 자세한 사항은 첨부파일 또는 홈페이지 참고","○ 학교장 추천","○ 장학금 지원 신청서○ 장학생 추천서○ 장학금 사용 계획서○ 통장 사본○ 생활기록부○ 가족관계 증명서○ 성적 증빙 서류○ 학업 장려 증빙 서류※ 자세한 사항은 첨부파일 또는 홈페이지 참고","https://www.sontaehee.co.kr","2025-09-01","2025-09-05"
"749 ","재단법인 손태희장학재단","예체능계열특기자 장학금","기타","장학금","특기자","과학고국제고마이스터고영재고예술고외국어고일반고자율고제한없음체육고","1학년2학년3학년제한없음","해당없음","해당없음","○ 100만원","○ 전국대회 규모 대회에서 1위/2위/3위의 성적으로 입상한 경력이 있는 학생","해당없음","○ 장학금 선정위원회 심의","○ 00명","○ 휴학/ 재적/ 자퇴 등 해당자○ 타 장학재단의 장학금 기수혜자(국가장학금 제외)","○ 관련지자체 및 기초단체장/학교장 추천","○ 장학금 지원 신청서○ 장학생 추천서○ 가족관계 증명서○ 장학금 사용 계획서○ 통장 사본○ 재학증명서○ 입상 실적 증빙 서류※ 자세한 사항은 첨부파일 또는 홈페이지 참고","https://www.sontaehee.co.kr","2023-10-23","2023-11-03"
"750 ","흥사단 독립유공자후손돕기본부","독립유공자후손 장학금","기타","장학금","기타","과학고국제고마이스터고영재고예술고외국어고일반고자율고제한없음체육고","1학년2학년3학년제한없음","해당없음","해당없음","○ 연 100만원","○ 고등학교에 재학 중인 독립유공자후손(친·외손/증손/현손)○ 선발된 독립유공자후손은 6월 13일(토)에 진행되는 장학증서 수여식에 참석해야 함","해당없음","※ 기관확인필요","○ 대학생 포함 00명","○ 휴학생 자퇴생 제외○ 징계 처분 등의 경우","해당없음","○ 장학생 지원신청서○ 자기소개서○ 개인정보 수집 및 이용동의서○ 독립유공자(유족) 확인원○ 재학증명서○ 가족관계증명서○ 건강보험료 납부 증명서 ○ 기초생활수급자 증명서○ 차상위 계층 증빙서류○ 통장사본※ 자세한 사항은 첨부파일 또는 홈페이지 참고","https://www.yka.or.kr","2026-04-13","2026-05-20"
"751 ","한국세무사회공익재단","장학금","기타","장학금","소득구분","과학고국제고마이스터고영재고예술고외국어고일반고자율고제한없음체육고","1학년2학년3학년제한없음","해당없음","○ 개인: 기초생활수급자/ 차상위계층/ 청소년한부모급여지원자 등/ 가사·간병방문지원자 등/ 청소년한부모자립지원패키지긴급복지지원자 등○ 단체: 사회복지 시설 등 비영리 공익기관으로 등록단체 또는 전국 자원봉사센터 및 자원봉사 등록 단체/ 구호단체 등※ 자세한 사항은 첨부파일 또는 홈페이지 참고","○ 개인: 50만원 ~ 99만원○ 단체: 90만원 ~ 200만원","※ 자세한 사항은 첨부파일 또는 홈페이지 참고","해당없음","※ 자세한 사항은 첨부파일 또는 홈페이지 참고","○ 00명(생활비 지원대상자 및 장학금 지원대상자 포함)","○ 1가구 1명만 신청가능○ 당 재단으로부터 2024년에 지원대상자로 지원받은 경우※ 자세한 사항은 첨부파일 또는 홈페이지 참고","해당없음","○ 개인○ 지원신청서○ 주민등록등본○ 통장 사본○ 개인정보 수집 및 제공 동의서○ 기초생활수급자 : 기초생활수급자증명서(해당자)○ 차상위계층 : 차상위계층관련증명서(해당자)○ 차상위계층 : 청소년/ 한부모가정증명서/ 장애인등록증명서(해당자)○ 단체○ 지원신청서○ 신청단체 설립허가서○ 개인정보 수집 및 제공 동의서○ 통장 사본※ 자세한 사항은 첨부파일 또는 홈페이지 참고","http://www.kacptaf.or.kr","2025-10-28","2025-11-03"
"752 ","보은사랑장학재단","장학생","기타","장학금","지역연고","과학고국제고마이스터고영재고예술고외국어고일반고자율고제한없음체육고","1학년2학년3학년제한없음","○ 고등학교 재학생 중 성적이 우수한 자(100분의 20)","○ 지역거주/성적기준에 충족한 자 중 동일조건의 경우 기초생활수급자·차상위 계층·한부모 가족의 자녀(본인포함)·장애인등록법 상 심한장애인을 우선 선정","○ 50만원","○ 성적/소득기준에 해당되지 않으나 가정형편이 어려워 특별히 학교장이 추천하는 자","○ 보은군 소재 고등학교 재학생","○ 각 학교에서 배정인원 선발 후 재단에 통보(학교별 공문요청)○ 장학재단에서 심사 후 인원 확정","※ 기관확인필요","○ 다른 장학회의 장학금 수혜자인 경우 중복 선정 배제※ 자세한 사항은 첨부파일 또는 홈페이지 참고","○ 학교 추천 선발","○ 장학생 신청서○ 개인정보 수집·이용·제공 동의서○ 주민등록등본○ 가족관계증명서○ 통장 사본※ 자세한 사항은 첨부파일 또는 홈페이지 참고","http://보은사랑장학재단.kr","2026-08-24","2026-09-11"
"753 ","농와장 인재육성장학재단","성적우수 장학생","기타","장학금","지역연고","일반고","1학년2학년3학년제한없음","○ 학업성적 전 과목 평점 평균이 80점 이상인 자","해당없음","○ 50만원","○ 신입생○ 2025. 1학기 전과목 평점 평균 80점 이상○ 재학생○ 전년도 2학기와 2025. 1학기 전과목 평점 평균이 80점 이상","○ 고창군 관내 재학생 ○ 공고일 기준 1년 전부터 본인 또는 보호자의 주민등록이 고창에 있을 것○ 고창군 관외 재학생 ○ 본인 또는 보호자의 주민등록이 3년 이상 계속하여 고창에 있을 것","※ 자세한 사항은 첨부파일 또는 홈페이지 참고","○ 30명","○ 장학생 신청자의 접수서류 등에 허위가 발견된 경우 선발 제외○ 학생의 본분을 벗어난 행동으로 사회적 물의를 야기한 학생○ 타 장학금 지급이 부적당하다고 이사장이 인정할 때※ 자세한 사항은 첨부파일 또는 홈페이지 참고","해당없음","○ 장학생신청서 1부○ 개인정보제공동의 및 활용승낙서 1부○ 주소확인 증빙서류 : 주민등록초본○ 통장사본 1부○ 재학증명서 1부○ 성적증명서(2024년 2학기/ 2025년 1학기) 1부※ 자세한 사항은 첨부파일 또는 홈페이지 참고","https://nongwha.modoo.at","2025-10-20","2025-10-31"
"754 ","농와장 인재육성장학재단","자기성장 장학생","기타","장학금","해당없음","과학고국제고마이스터고영재고예술고외국어고일반고자율고제한없음체육고","1학년2학년3학년제한없음","※ 자세한 사항은 첨부파일 또는 홈페이지 참고","해당없음","○ 500만원","○ 성적 예체능 분야 등에서 자기주도 학습을 통해 실력이 향상된 학생 중 타의 모범이 된 학생 ","○ 공고일 기준 1년 전부터 본인 또는 보호자(부모 중 1명)의 주민등록이 고창에 있을 것","※ 자세한 사항은 첨부파일 또는 홈페이지 참고","○ 10명","○ 학생의 본분을 벗어난 행동으로 사회적 물의를 야기한 학생○ 기타 장학금 지급이 부적당하다고 이사장이 인정할 때※ 장학증서 수여식에 반드시 참석해야 함※ 자세한 사항은 첨부파일 또는 홈페이지 참고","○ 학교장 추천","○ 장학생신청서○ 개인정보제공동의 및 활용승낙서○ 주소확인 증빙서류○ 통장사본○ 재학증명서○ 학교장 추천서※ 자세한 사항은 첨부파일 또는 홈페이지 참고","https://nongwha.modoo.at","2025-10-20","2025-10-31"
"755 ","해남군교육재단","입학축하장학금","지자체(출자출연기관)","장학금","해당없음","과학고국제고마이스터고영재고예술고외국어고일반고자율고제한없음체육고","1학년","○ 해당없음","○ 해당없음","○ 30만원 (정책발행 해남사랑상품권)","○ 2026.2.28.부터 신청일까지 해남군에 주민등록을 둔 해남군 관내 고등학교 최초 입학생","○ 2026.2.28.부터 신청일까지 해남군에 주민등록을 둔 자○ 외국인은 등록지가 해남군으로 되어 있는 경우 포함※ 자세한 사항은 첨부파일 또는 홈페이지 참고","※ 기관확인필요","※ 기관확인필요","※ 기관확인필요","○ 해당없음","○ 신청자(보호자) 신분증○ 학생 주민등록등본(또는 초본)○ 가족관계증명서(보호자 입증서류)※ 자세한 사항은 첨부파일 또는 홈페이지 참고","https://www.haenamedu.or.kr","2026-05-01","2026-05-29"
"756 ","재단법인 고성교육재단","고등학교 졸업 성적우수 장학생","지자체(출자출연기관)","장학금","해당없음","과학고국제고마이스터고영재고예술고외국어고일반고자율고제한없음체육고","3학년","○ 2025학년도 관내 고등학교 졸업(예정)생 중 성적 우수자","해당없음","○ 1인당 100만원","○ 2025학년도 고등학교 졸업예정자 중 성적이 우수한 학생 (성적우수: 학교 자체 기준에 따라 학교장 재량 추천)","○ 부모 또는 학생이 재학기간 중 관내 거주자에 한함","※ 기관확인필요","○ 30명 (관내 고등학교 졸업 예정자)","○ 사회의 물의를 빚은 경우○ 관외 학교로 전학한 경우○ 부정한 방법으로 선발 관련 서류를 위조하였을 경우○ 군입대 및 질병 등의 사유로 학업을 계속할 수 없는 경우○ 학교에서 징계 처분을 받은 경우","○ 학교장 추천 ","○ 장학생 추천서○ 개인정보 수집 이용 동의서○ 보호자 통장사본○ 보호자 기준 주민등록등본(주소가 다를 경우에는 가족관계증명서 별도 제출)○ 고등학교 졸업(예정)증명서○ 고등학교 성적증명서 (또는 2026학년도 수능성적표)※ 자세한 사항은 첨부파일 또는 홈페이지 참고","http://www.goseong.go.kr","2026-01-19","2026-02-06"
"757 ","재단법인 고성교육재단","관내고교진학 장학생","지자체(출자출연기관)","장학금","해당없음","과학고국제고마이스터고영재고예술고외국어고일반고자율고제한없음체육고","1학년","○ 성적이 우수한 학생","해당없음","○ 1인당 연 100만원 (성적유지 시 3년간 지급 총 300만원)","○ 관내 중학교 졸업(예정) 학생○ 성적이 우수한 학생이면서 관내 고등학교에 진학하는 학생○ 학교 자체 기준에 따라 학교별 선발배정 인원만큼 학교장 재량추천","○ 신청일 기준 보호자 또는 학생이 고성군에 주소를 둘 것","※ 기관확인필요","○ 52명 (1년차 : 13명 / 2년차 : 18명 / 3년차 : 19명)※ 자세한 사항은 첨부파일 또는 홈페이지 참고","○ 사회의 물의를 빚은 경우○ 관외 학교로 전학한 경우○ 부정한 방법으로 선발 관련 서류를 위조하였을 경우○ 군입대 및 질병 등의 사유로 학업을 계속할 수 없는 경우○ 학교에서 징계 처분을 받은 경우","○ 중3 졸업생: 졸업 중학교장 추천○ 2~3년차 장학생: 진학 고등학교장 추천","○ 장학생 추천서○ 개인정보 수집 이용 동의서○ 보호자 통장사본○ 보호자 기준 주민등록등본 (주소가 다를 경우에는 가족관계증명서 별도 제출)○ 중학교 졸업증명서 (1년차)○ 중학교 성적증명서 (1년차)○ 고등학교 입학 증명 서류 (1년차)○ 고등학교 재학증명서 (23년차)○ 고등학교 성적증명서(23년차)※ 자세한 사항은 첨부파일 또는 홈페이지 참고","http://www.goseong.go.kr","2026-01-19","2026-02-06"
"758 ","재단법인 고성교육재단","고등학교 재학 성적우수 장학생","지자체(출자출연기관)","장학금","해당없음","과학고국제고마이스터고영재고예술고외국어고일반고자율고제한없음체육고","1학년2학년","○ 성적이 우수한 학생","해당없음","○ 1인당 50만원","○ 관내 고등하교 1~2학년 중 성적이 우수한 학생○ 학교 자체 기준에 따라 학교별 선발배정 인원만큼 학교장 재량추천","○ 신청일 기준 보호자 또는 학생이 고성군에 주소를 둘 것","※ 기관확인필요","○ 36명 (관내 고등학교 1~2학년 /경남학공고 제회)※ 자세한 사항은 첨부파일 또는 홈페이지 참고","○ 사회의 물의를 빚은 경우○ 관외 학교로 전학한 경우○ 부정한 방법으로 선발 관련 서류를 위조하였을 경우○ 군입대 및 질병 등의 사유로 학업을 계속할 수 없는 경우○ 학교에서 징계 처분을 받은 경우○ 경남항공고 제외 (항공산업인력 육성 장학생 선발로 대체)※ 자세한 사항은 첨부파일 또는 홈페이지 참고","○ 고등학교장 추천 필요","○ 장학생 추천서○ 개인정보 수집 이용 동의서○ 보호자 통장사본○ 보호자 기준 주민등록등본(주소가 다를 경우에는 가족관계증명서 별도 제출)○ 고등학교 재학증명서○ 고등학교 성적증명서(직전년도)※ 자세한 사항은 첨부파일 또는 홈페이지 참고","http://www.goseong.go.kr","2026-01-19","2026-02-06"
"759 ","재단법인 고성교육재단","항공산업인력육성 장학생","지자체(출자출연기관)","장학금","해당없음","마이스터고","1학년2학년3학년제한없음","해당없음","해당없음","○ 1인당 50만원","○ 항공 등 전공 및 취업에 관련된 자격증 보유자 (경남항공고등학교 재학생)※ 전공 및 취업 관련 자격증 판단기준 : 학교 자체 판단기준에 따름","○ 신청일 기준 보호자 또는 학생이 고성군에 주소를 둘 것","※ 기관확인필요","○ 10명※ 학년별 추천인원 분배는 학교장 재량","○ 사회의 물의를 빚은 경우○ 관외 학교로 전학한 경우○ 부정한 방법으로 선발 관련 서류를 위조하였을 경우○ 군입대 및 질병 등의 사유로 학업을 계속할 수 없는 경우○ 학교에서 징계 처분을 받은 경우※ 자세한 사항은 첨부파일 또는 홈페이지 참고","○ 경남항공고등학교장 추천","○ 장학생 추천서○ 개인정보 수집 이용 동의서○ 보호자 통장사본○ 보호자 기준 주민등록등본 (주소가 다를 경우에는 가족관계증명서 별도 제출)○ 고등학교 재학증명서○ 관련 자격증 사본※ 자세한 사항은 첨부파일 또는 홈페이지 참고","http://www.goseong.go.kr","2026-01-19","2026-02-06"
"760 ","재단법인 고성교육재단","예체능 특기 장학생","지자체(출자출연기관)","장학금","해당없음","과학고국제고마이스터고영재고예술고외국어고일반고자율고제한없음체육고","1학년2학년3학년제한없음","○ 2025년도 예체능 관련 전국대회 3위 이내 수상자 또는 단체○ 2025년도 예체능 관련 도단위 대회 1위 수상자 또는 단체※ 대회 기준 : 중앙행정기관장/대한체육회(도체육회)/광역단체장/지자체장/도지사교육감 주관(주최)대회 (현회대회는 중앙협회에서 주최한 대회만 인정함)※ 체육종목 : 106회 전국체육대회 및 전국동계체육대회 정식종목","해당없음","○ 개인 : 고등학교 50만원○ 단체 : 1인당 30만원※ 단체 : 장학금 신청은 단체에서 하되 장학금은 보호자 명의 통장으로 장학금 지급","※ 기관확인필요","○ 신청일 기준 보호자 또는 학생이 고성군에 주소를 둘 것","※ 기관확인필요","○ 100~200명 (관내 초중고 전체)","○ 사회의 물의를 빚은 경우○ 관외 학교로 전학한 경우○ 부정한 방법으로 선발 관련 서류를 위조하였을 경우○ 군입대 및 질병 등의 사유로 학업을 계속할 수 없는 경우○ 민간단체나 학원 주최/주관 대회는 해당하지 않음○ 예산범위 내 선정하되 예산을 초과하여 접수 시 자체심사를 거쳐 최종선발함※ 자세한 사항은 첨부파일 또는 홈페이지 참","○ 각 학교장 추천 필요","○ 장학생 추천서○ 개인정보 수집 이용 동의서○  보호자 통장사본○ 보호자 기준 주민등록등본 (주소가 다를 경우에는 가족관계증명서 별도 제출)○ 재학증명서○ 2025년도 입상(수상)을 증명할 수 있는 증빙서류(여러 대회 수상일 경우에는 모두 제출)○ 대회요강○ 단체일 경우 : 소속팀원을 증빙하는 서류※ 자세한 사항은 첨부파일 또는 홈페이지 참고","http://www.goseong.go.kr","2026-01-19","2026-02-06"
"761 ","재단법인 고성교육재단","청소년꿈키움바우처장학생","지자체(출자출연기관)","장학금","해당없음","과학고국제고마이스터고영재고예술고외국어고일반고자율고제한없음체육고","1학년2학년3학년제한없음","해당없음","○ 고성군 청소년꿈키움바우처 지급 대상 중고등학생 중 국민기초생활보장법에 따른 급여 수급자로 생계비나 수급자격변동 우려로 바우처 신청을 하지 못한 학생","○ 고등학생 70만원","※ 기관확인필요","○ 신청일 기준 보호자 또는 학생이 고성군에 주소를 둘 것","※ 기관확인필요","○ 172명 (중고등학생 전체)","○ 사회의 물의를 빚은 경우○ 관외 학교로 전학한 경우○ 부정한 방법으로 선발 관련 서류를 위조하였을 경우○ 군입대 및 질병 등의 사유로 학업을 계속할 수 없는 경우○ 학교에서 징계 처분을 받은 경우※ 자세한 사항은 첨부파일 또는 홈페이지 참고","○ 고성군 청소년꿈키움바우처 담당부서 추천","※ 기관확인필요","http://www.goseong.go.kr","2025-01-12","2025-02-21"
"762 ","재단법인 호영장학재단","장학생","지자체(출자출연기관)","장학금","해당없음","과학고국제고마이스터고영재고예술고외국어고일반고자율고제한없음체육고","1학년2학년3학년제한없음","○ 학업 성적이 상위 50% 이상","※ 자세한 사항은 첨부파일 또는 홈페이지 참고","○ 연 160만원","○ 아래의 각 호 중 하나 이상에 해당하는 자○ 가정형편으로 장학금이 없으면 학업을 계속할 수 없는 자○ 국민긱초생활보장법에 의한 수급자녀 및 차상위계층자녀○ 전국단위 이상의 경연 경기 등에서 수상한 자○ 기타 학비 면제의 혜택을 받지 아니한 자","○ 2024년 부산 양산 소재 중고등학교에 재학중","○ 우선순위에 따라 선발※ 자세한 사항은 첨부파일 또는 홈페이지 참고","○ 0명","※ 자세한 사항은 첨부파일 또는 홈페이지 참고","○ 고등학교장의 추천서 필요","○ 추천서○ 생활기록부 사본○ 성적증명서○ 가족관계증명서 또는 주민등록등본※ 자세한 사항은 첨부파일 또는 홈페이지 참고"," http://www.hoyoung.kr/bbs/board.phpbo_table=notice&wr_id=5","2024-11-07","2024-11-22"
"763 ","국제예술문화재단","미술 장학생","기타","장학금","해당없음","과학고국제고마이스터고영재고예술고외국어고일반고자율고제한없음체육고","1학년2학년","※ 자세한 사항은 첨부파일 또는 홈페이지 참고","※ 자세한 사항은 첨부파일 또는 홈페이지 참고","○ 재학 기간 중 연간 700만원","※ 자세한 사항은 첨부파일 또는 홈페이지 참고","※ 자세한 사항은 첨부파일 또는 홈페이지 참고","※ 자세한 사항은 첨부파일 또는 홈페이지 참고","○ 1명","※ 자세한 사항은 첨부파일 또는 홈페이지 참고","※ 자세한 사항은 첨부파일 또는 홈페이지 참고","○ 자기소개서○ 장학금 신청인 동의서○ 재학증명서○ 생활기록부○ 주민등록등본※ 자세한 사항은 첨부파일 또는 홈페이지 참고","https://kukjeacf.com/","2025-07-14","2025-09-14"
"764 ","글로벌한상드림","한상드림장학금(차세대 재외동포)","기타","장학금","해당없음","과학고국제고마이스터고영재고예술고외국어고일반고자율고제한없음체육고","1학년2학년3학년제한없음","○ 우대사항(분야별 하나만 선택 지원)○ 성적우수자:직전학기 총 평균 백분위 점수 92점 이상","○ 우대사항(분야별 하나만 선택 지원)○ 사회배려자:가정 경제여건 곤란자/장애인/국가유공자 자녀/한부모 장애인부모 자녀 등 해당자","○ 150만원","○ 우대사항(분야별 하나만 선택 지원)○ 전문분야우수자:예체능/과학/기술 분야에서 우수한 성과를 바탕으로 동포사회 및 한민족 공동체의 상생발전에 기여할 재외동포 학생○ 한국어와 자국어로 원활한 의사소통이 가능한 자(한국어로 독서토론 과제제출이 가능한자)","○ 2026년 9월 기준으로 거주국 고등학교에 재학 중인 재외동포","○ 서류심사/면접심사※ 자세한 사항은 첨부파일 또는 홈페이지 참고","○ 6명","○ 2026년 9월 고등학교 입학 예정자 휴학 혹은 유학예정자. 교환학생 및 어학연수 학생의 경우 지원 불가","해당없음","○ 지원서 및 자기안내서○ 학교 재학증명서 원본과 번역 공증본○ 학교 성적증명서 번역 공증본○ 우대 해당사항 증빙서류※ 자세한 사항은 첨부파일 또는 홈페이지 참고","www.hansangdream.org ","2026-06-01","2026-07-05"
"765 ","장애와 사회","잇다 장학금","기타","장학금","해당없음","과학고국제고마이스터고영재고예술고외국어고일반고자율고제한없음체육고","1학년2학년3학년제한없음","※ 자세한 사항은 첨부파일 또는 홈페이지 참고","※ 자세한 사항은 첨부파일 또는 홈페이지 참고","○ 100만원","○ 고등학교 재학 중인 양천구 장애학생을 대상으로 장학금 지급","○ 양천구 거주※ 자세한 사항은 첨부파일 또는 홈페이지 참고","○ 1차 서류심사 및 2차 면접심사에 따라 선발※ 내부 심사표에 따라 선발","○ 2명 (대학생 포함)","※ 자세한 사항은 첨부파일 또는 홈페이지 참고","※ 자세한 사항은 첨부파일 또는 홈페이지 참고","○ 장학금 신청서○ 개인정보 수집 이용 및 홍보 활용 동의서○ 장애인 증명서(또는 복지카드 사본)○ 재학증명서※ 자세한 사항은 첨부파일 또는 홈페이지 참고","http://www.humanrights2012.org/","2025-07-30","2025-08-29"
"766 ","포스코노동조합","철든 장학금","기타","장학금","해당없음","과학고마이스터고","1학년2학년3학년제한없음","※ 자세한 사항은 첨부파일 또는 홈페이지 참고","※ 자세한 사항은 첨부파일 또는 홈페이지 참고","○ 50만원","○ 아래 자격증을 2025년에 취득한 자○ 금속재료 제선 제강 압연 주조 비파괴 공조냉동 기계설계 설비보전 용접 전기 전자 전자계산기 가스 위험물 천장크레인 기능사○ 조합원 자녀 복수 자격증 소지자 우대","○ 포항과 광양에서 거주 및 재학 중인 학생","※ 자세한 사항은 첨부파일 또는 홈페이지 참고","○ 25명(대학생 포함)","○ 하이텍고등학교 한국항만물류고등학교 포철공고 홍해공고 대상 장학사업","해당없음","○ 이력서○ 자격증 사본○ 재학증명서○ 진로계획서○ 개인정보 수집 및 활용 동의서※ 자세한 사항은 첨부파일 또는 홈페이지 참고","https://poscounion.kr/","2025-09-01","2025-10-15"
"767 ","문현4동 동민장학회","장학생","지자체(출자출연기관)","장학금","해당없음","과학고국제고마이스터고영재고예술고외국어고일반고자율고제한없음체육고","1학년2학년3학년제한없음","※ 장학회 운영규정에 맞춰 선발","○ 저속득층 자녀※ 장학회 운영규정에 맞춰 선발","○ 1인당 50만원","○ 고등학생","○ 문현4동에 주소를 둔 자※ 장학회 운영규정에 맞춰 선발","○ (재)문현4동 동민장학회 운영세칙에 의한 심사결정","○ 10명","○ 국가나 지방자치단체 등 다른 기관으로부터 장학금을 받고 있는 자 제외","○ 해당통장 또는 학부모 작성 추천서 필요※ 자세한 사항은 첨부파일 또는 홈페이지 참고","○ 추천서○ 재학증명서○ 성적증명서○ 지방세과세증명서※ 자세한 사항은 첨부파일 또는 홈페이지 참고","https://www.bsnamgu.go.kr/munhyeon4/","2026-08-03","2026-08-21"
"768 ","SOS나눔회","도경희행복드림장학생","기타","장학금","해당없음","과학고국제고마이스터고영재고예술고외국어고일반고자율고제한없음체육고","1학년2학년3학년제한없음","해당없음","해당없음","○ 100만원","○ 부모조건: 한국 국적 애터미 사업자 중 검색일 기준 직전 1년간 6회 이상의 판매사 이상 달성자○ 자녀가 24~25년에 도경희행복드림장학금을 지원받지 않은 사업자○ 학생조건: 위 조건에 해당하는 애터미 사업자의 고등학생 ","해당없음","※ 기관확인필요","○ 중고생 125명","○ 리더스클럽 이상은 제외 ※ 자세한 사항은 첨부파일 또는 홈페이지 참고","○ 추천자 조건: 애스오애스에 회원가입 후 월 10만원 이상의 회비를 1년 이상 납부한 자","○ 도경희행복드림장학생 추천서○ 가족관계증명서○ 재학증명서○ 통장계좌부분사본○ 애터미 사업자 자격증빙서류※ 자세한 사항은 첨부파일 또는 홈페이지 참고","http://sosnanum.org","2026-03-01","2026-03-14"
"769 ","꽃샘장학회","장학생","기타","장학금","해당없음","과학고국제고마이스터고영재고예술고외국어고일반고자율고제한없음체육고","1학년2학년3학년제한없음","※ 자세한 사항은 첨부파일 또는 홈페이지 참고","※ 자세한 사항은 첨부파일 또는 홈페이지 참고","○ 50만원","○ 모범적이고 생활환경이 어려운 학생 중 성적이 우수한 학생○ 학습 열의가 있으나 생활환경이 불우한 학생○ 예의 바르고 부모에게 효도하는 모범학생","○ 포천시 관내 소재하는 고등학교 재학생","○ 본 장학회 이사회(심사위원회)에서 심의 및 확정","○ 14명","○ 타 장학금 수혜 중이지 않은 학생※ 자세한 사항은 첨부파일 또는 홈페이지 참고","○ 학교장 추천 필요","○ 추천서○ 생활기록부○ 주민등록등본○ 통장사본※ 자세한 사항은 첨부파일 또는 홈페이지 참고","https://www.kotsam.org/","2025-07-25","2025-08-29"
"770 ","경기교육장학재단","모범장학금","지자체(출자출연기관)","장학금","해당없음","과학고국제고마이스터고영재고예술고외국어고일반고자율고제한없음체육고","1학년2학년3학년제한없음","해당없음","○ 가점: 국민기초생활수급자 법정차상위대상자 법정자격은 아니나 사각지대 또는 경계에 있다고 판단되는 자 ","○ 70만원","○ 기본인성과 기초역량을 갖춘 자기주도적인 학생","○ 경기도 관내 고등학교에 재학 중인 자","○ 1차: 학교장 추천 선발 2차: 교육장 추천 선발○ 공적내용 80점 봉사활동 시간 10점 모범상 수상실적 최대 10점※ 자세한 사항은 첨부파일 또는 홈페이지 참고","○ 초등학생 45명 중학생 107명 고등학생 107명","○ 학교에서 징계 처분을 받은 때○ 경기도 관외 학교로 전학하였을 때 ○ 타 장학금의 중복 수혜자일 경우※ 자세한 사항은 첨부파일 또는 홈페이지 참고","○ 학교장 추천※ 자세한 사항은 첨부파일 또는 홈페이지 참고","○ 지원 신청서○ 장학생 추천서○ 개인정보 수집이용 및 제공 동의서○ 서약서○ 재학증명서○ 가족관계 증명서류○ 통장 사본○ 수상내역 증빙서류※ 자세한 사항은 첨부파일 또는 홈페이지 참고","https://www/gesf.or.kr","2025-10-17","2025-10-27"
"771 ","경기교육장학재단","특기장학금","지자체(출자출연기관)","장학금","해당없음","과학고국제고마이스터고영재고예술고외국어고일반고자율고제한없음체육고","1학년2학년3학년제한없음","해당없음","○ 가점: 국민기초생활수급자 법정차상위대상자 법정자격은 아니나 사각지대 또는 경계에 있다고 판단되는 자","○ 70만원","○ 자연과학 인문사회 문화예술 체육 기술 IT 및 그 밖의 분야에 소질과 재능이 뛰어난 학생 ","○ 경기도 관내 고등학교에 재학 중인 자","○ 1차: 학교장 추천 선발 2차: 교육장 추천 선발 ○ 공적내용 70점 특기 관련 수상실적 최대 30점※ 자세한 사항은 첨부파일 또는 홈페이지 참고","○ 초중고등학생 총 31명","○ 학교에서 징계 처분을 받은 때○ 경기도 관외 학교로 전학하였을 때 ○ 타 장학금의 중복 수혜자일 경우※ 자세한 사항은 첨부파일 또는 홈페이지 참고 ","○ 학교장 추천","○ 지원 신청서○ 장학생 추천서○ 개인정보 수집이용 및 제공 동의서○ 서약서○ 재학증명서○ 가족관계 증명서류○ 통장 사본○ 수상내역 증빙서류※ 자세한 사항은 첨부파일 또는 홈페이지 참고","https://www.gesf.or.kr","2025-10-17","2025-10-27"
"772 ","경기교육장학재단","이음장학금","지자체(출자출연기관)","장학금","해당없음","과학고국제고마이스터고영재고예술고외국어고일반고자율고제한없음체육고","1학년2학년3학년제한없음","해당없음","○ 가점: 국민기초생활수급자 법정차상위대상자 법정자격은 아니나 사각지대 또는 경계에 있다고 판단되는 자","○ 70만원","○ 다문화 탈북학생※ 자세한 사항은 첨부파일 또는 홈페이지 참고 ","○ 경기도 관내 고등학교에 재학 중인 자","○ 1차: 학교장 추천 선발 2차: 교육장 추천 선발 ○ 공적내용 100점※ 자세한 사항은 첨부파일 또는 홈페이지 참고 ","○ 초중고등학생 총 31명","○ 학교에서 징계 처분을 받은 때○ 경기도 관외 학교로 전학하였을 때 ○ 타 장학금의 중복 수혜자일 경우※ 자세한 사항은 첨부파일 또는 홈페이지 참고 ","○ 학교장 추천","○ 지원 신청서○ 장학생 추천서○ 개인정보 수집이용 및 제공 동의서○ 서약서○ 재학증명서○ 가족관계 증명서류○ 통장 사본※ 자세한 사항은 첨부파일 또는 홈페이지 참고","https://www/gesf.or.kr","2025-10-17","2025-10-27"
"773 ","수성구체육회","특기","지자체(출자출연기관)","장학금","해당없음","과학고국제고마이스터고영재고예술고외국어고일반고자율고제한없음체육고","1학년2학년3학년제한없음","해당없음","해당없음","○ 30만원","○ 광역시 도 구 단위 이상을 대상으로 공공기관이 주최하는 각종대회에서 3위이내의 성적으로 입상한 자 ○ 대구시내 소재한 학교에 재학 중인 자","○ 본인 또는 부모가 수성구에 1년 이상 거주하고 있는 대구 시내 고등학생","○ 개인 단체종목 모두 포함하되 개인 단체 종목 간 차등배점○ 다자녀가구 장애가정 다문화가정의 자녀 가점 부여○ 수성구 체육회 심사※ 자세한 사항은 첨부파일 또는 홈페이지 참고 ","○ 초등학생 3명 중학생 3명 고등학생 3명 대학생 2명","○ 수성미래교육재단 중복 지원자○ 2학기 타 장학금 수혜자※ 자세한 사항은 첨부파일 또는 홈페이지 참고 ","○ 수성구종목별협회장 추천서 수성구체육회 추천서","○ 지원신청서○ 장학생 추천서○ 서약서○ 개인정보 수집 이용 제공 및 조회동의서○ 주민등록등초본○ 통장사본○ 대회수상 실적서※ 자세한 사항은 첨부파일 또는 홈페이지 참고 ","https://dss7330.com","2025-10-21","2025-11-03"
"774 ","외서장학회","성적우수 장학금","기타","장학금","해당없음","과학고국제고마이스터고영재고예술고외국어고일반고자율고제한없음체육고","1학년2학년3학년제한없음","○ 학업성적이 전체 학년 재적정원 100분의 30이내인 자","○ 해당없음","○ 50만원","○ 해당없음","○ 선발 공고일 현재 외서면에 주민등록을 두고 1년 이상 계속 거주하고 있는 본인 또는 직계가족으로 관내 학교를 졸업한 고등학교 재학생","○ 선발 심사는 서류심사를 원칙으로 함○ 평가 방법은 환산 평가로 함(배점: 학업성적 500 재산세 200)","○ 3명","○ 당해연도에 국가/지방자치단체 및 공익법인/학교로부터 수령한 자는 제외","○ 해당없음","○ 외서장학회 신청서○ 재학증명서○ 직전학기 성적증명서○ 주민등록 등본※자세한 내용은 홈페이지 참고","http://www.suncheon.go.kr/kr/news/0004/0005/0001/mode=view&seq=60404","2026-01-19","2026-02-06"
"775 ","효천서채원장학회","장학생","기타","장학금","해당없음","과학고국제고마이스터고영재고예술고외국어고일반고자율고제한없음체육고","1학년","○ 해당없음","○ 해당없음","○ 50만원","○ 2026년에 별량중학교 졸업예정자로 별량중학교장이 추천한 자","○ 2026년에 별량중학교 졸업예정자","○ 2026년에 별량중학교 졸업예정자로 별량중학교장이 추천한 자※ 자세한 사항은 첨부파일 또는 홈페이지 참고","○ 5명","○ 해당없음","○ 학교장 추천 필수","○ 장학금 지원대상자 추천서○ 장학금 신청서○ 개인정보 수집 이용 및 제공 조회 동의서○ 주민등록초본※ 자세한 사항은 첨부파일 또는 홈페이지 참고","https://www.suncheon.go.kr/kr/","2026-01-05","2026-02-13"
"776 ","서울숲장학회","장학생","기타","장학금","해당없음","과학고국제고마이스터고영재고예술고외국어고일반고자율고제한없음체육고","1학년2학년3학년제한없음","○ 해당없음","○ 해당없음","○ 50만원","○ 생활이 어렵거나 성적이 우수한 고등학생","○ 공고일 기준 성동구 1년 이상 거주자 중 성수1가1동에 주소를 두고 있는 자","○ 신청 및 추천○ 서류심사○ 심의위원회 심의","○ 10명","○ 해당없음","○ 해당없음","○ 신청서○ 개인정보 제공동의서○ 장학생 신청 분야○ 자기 꿈 소개서○ 등초본 및 가족관계증명서○ 재학증명서 및 성적증명서○ 부모의 건강보험료 납부 확확인서 및 재산세 납세 증명○ 전월세 계약서○ 그 외에 본인 해당 항목 증명할 서류 추가 제출","https://www.sd.go.kr/main/selectBbsNttList.dobbsNo=183&key=1472&","2026-01-06","2026-02-06"
"777 ","한국건설인협회","예비 건설엔지니어 장학금","기타","장학금","해당없음","마이스터고특성화고","1학년2학년3학년제한없음","○ 해당없음","○ 해당없음","○ 학교당 500만원","○ 초중등교육법 시행령 제90조 및 제91조에 따른 마이스터고 또는 특성화고 중 건설관련 학과가 설치된 학교○ 건축학과/건축공학과/토목공학과/기계공학과 등※ 자세한 사항은 첨부파일 또는 홈페이지 참고","○ 해당없음","※ 자세한 사항은 첨부파일 또는 홈페이지 참고","○ 총 4개교 선발","○ 해당없음","○ 고등학생(단체) : 학교 단위 개별 접수(학교장 명의 공문 필수)","○ 신청서 및 학교소개서○ 학교장 명의 공문","https://homenet.kocea.or.kr","2026-03-16","2026-04-17"
"778 ","사단법인 유쾌한반란","구멍뒤주(도전장학금)","기타","장학금","해당없음","과학고국제고마이스터고영재고예술고외국어고일반고자율고제한없음체육고","1학년2학년3학년제한없음","해당없음","○ 다음 중 하나에 해당하는 자 법정 '국민기초생활수급자·차상위계층·한부모가족지원대상자' '아동양육시설·공동생활가정·가정위탁시설 입소자' 기준중위소득 100% 이하인 자","○ 월 최대 50만원 (5개월 지급)","○ 2008년 1월생~2010년 12월생인 전국 청소년○ 도전 목표가 분명하며 스스로 도전하고자 하는 의지가 있는 자","해당없음","○ 평가부문 목표의식 및 참여 의지 도전 목표 및 도전계획의 적절성 성실성 및 실현 가능성","※ 기관확인필요","○ 기존 구멍뒤주 장학생은 지원 불가(단 시범사업으로 운영된 1기 프로그램 장학생은 이후 차수에 선발되지 않은 경우에만 지원 가능)○ 의무사항을 수행하지 않으면 장학금 지급이 중단됨됨※ 자세한 사항은 첨부파일 또는 홈페이지 참고","해당없음","○ 지원자 개인정보○ 지원자 자기소개서○ 지원자격 입증서류 및 법정대리인 서류○ 개인정보 수집·이용·제공 동의서※ 자세한 사항은 첨부파일 또는 홈페이지 참고","https://www.queran.or.kr/","2026-07-01","2026-07-19"
"779 ","어린이환경센터","유스 그린리더","기타","장학금","해당없음","과학고국제고마이스터고영재고예술고외국어고일반고자율고제한없음체육고","1학년2학년3학년제한없음","○ 해당없음","○ 기초생활수급자/차상위계층/학교밖청소년/한부모가정 우대","○ 300만원","○ 2008년생 ~ 2013년생 청소년 ","○ 해당없음","○ 서류전형○ 비대면 면접전형","○ 8명","○ 해당없음","○ 담임교사/센터 및 시설 관리자 추천서 소지자 우대","○ 신청서○ 개인정보활용동의서","https://old.greenfund.org/m/m81.php","2026-03-26","2026-04-12"
"780 ","부산 동래구 가족센터","다문화가족자녀 장학금","지자체(출자출연기관)","장학금","해당없음","과학고국제고마이스터고영재고예술고외국어고일반고자율고제한없음체육고","1학년2학년3학년제한없음","해당없음","○ 기준위소득 100% 이하","○ 60만원○ 신청자 명의의 NH농협카드 포인트 연1회 지급","○ 다문화가족 7~18세의 한국국적 자녀※ 자세한 사항은 첨부파일 또는 홈페이지 참고","○ 동래구 거주","○ 신청자가 예산범위보다 많을 시 우선 선정 대상 기준 적용○ 1. 학교 밖 청소년 중 국민기초생활보장수급/차상위계층○ 2. 센터 내 이용 가정 중 경제적 지원 필요○ 3. 학교밖청소년지원센터 관리 아동 중 경제적 지원 필요 가정○ 4. 한부모/조손/다자녀 등○ 5. 중위소득 기준 저소득 순위","※ 기관확인필요","○ 교육급여 중복수급 불가※ 자세한 사항은 첨부파일 또는 홈페이지 참고","해당없음","○ 주민등록등본○ 가족관계증명서○ 외국인등록증 사본○ 건강보험료 납부확인서○ 25년 소득이 없는 피부양자 > 25년도 사실증명 발급○ 25년 소득이 있는 피부양자 > 25년도 소득금액증명 발급※ 자세한 사항은 첨부파일 또는 홈페이지 참고","https://dongraegu.familynet.or.kr/center/","2026-06-01","2026-06-30"
"781 ","(사)한국언론인협회","4차 산업혁명 영재장학생","기타","장학금","해당없음","과학고국제고마이스터고영재고예술고외국어고일반고자율고제한없음체육고","1학년2학년3학년제한없음","해당없음","해당없음","○ 100만원","○ 4차 산업혁명 시대에 맞는 창의적인 융합형 인재","해당없음","※ 기관확인필요","○ 2명","※ 기관확인필요","해당없음","○ 신청서※ 기관확인필요","https://akj.or.kr/article/cate=25&id=4123","2026-06-01","2026-07-08"
"782 ","한솔섬유","솔샘 장학금","기타","장학금","해당없음","과학고국제고마이스터고영재고예술고외국어고일반고자율고제한없음체육고","2학년3학년","해당없음","해당없음","○ 1인당 200만원 결과보고서를 제출한 학생 중 성장 과정 및 성과가 우수한 학생에게 최대 100만원 추가 지급","○ 경제적 어려움 속에서도 학업 및 진로를 위해 노력하는 학생○ 장학금 사용계획 및 성장목표를 성실히 작성할 수 있는 학생○ 만 17세 이상(2009년 3월 이후 출생자) ~ 만 21세 미만(2005년 12월 이전 출생자) 고등학생","해당없음","○ 우대사항 기초생활수급자/차상위계층/시설보호아동 및 자립준비청년/한부모 가정/기타 저소득 가정○ 선발 기준 자기소개서 목표계획서 경제적 필요성 성장 가능성 추천기관 의견을 종합 평가","○ 20명 (지원대상인 고등학생 및 대학생 모두 포함)","※ 기관확인필요","○ 추천기관의 추천","○ 장학사업 신청서○ 자기소개서 및 목표계획서○ 개인정보 수집·이용 및 초상권 활용 동의서 경제상황 증빙서류(핻ㅇ자) 추천기관 추천서(기관 담당자 작성)※ 자세한 사항은 첨부파일 또는 홈페이지 참고","https://www.grouphome.kr/pages/page_153.phpact_module=board_board_2&act_type=read&sn=15053&page=1","2026-07-13","2026-07-31"
"783 ","부천문화재단","부천악기은행 악기대여 장학생","기타","장학금","해당없음","과학고국제고마이스터고영재고예술고외국어고일반고자율고제한없음체육고","1학년2학년3학년제한없음","해당없음","해당없음","○ 연주용 악기 장기대여(월대여료 1만원) 및 악기관리·점검 지원","○ 바이올린·첼로 악기전공을 준비하고 있는 학생 해당악기 콩쿨·입시 수상 경력 1개 이상 해당악기로 오케스트라 등 연주활동 경력 1년 이상○ 다음주 1가지 이상에 해당하는 경우에 한하여 선정자격 부여 성적우수형(악기실기 우수성적을 보유한 경우) 소득연계형(기초생활수급자/차상위계층) 사회복지형(한부모/조부모/다문화 등)","○ 부천시 거주자","○ 악기별 선착순 신청자 (단 신청자격 및 제출서류 충족자에 한함)","○ 총 4명 (첼로 1/바이올린 3)","※ 기관확인필요","○ 학교장추천","○ 장학생신청서○ 학교장추천서○ 주민등록등본○ 장학전형 증빙서류○ 악기전공 증빙서류※ 자세한 사항은 첨부파일 또는 홈페이지 참고","https://www.bcf.or.kr/base/main/view","2026-07-15","2026-07-17"
"784 ","혜안재단","미래장학생","기타","장학금","해당없음","과학고국제고마이스터고영재고예술고외국어고일반고자율고제한없음체육고","2학년","○ 2026년 1학기 실시된 전국연합학력평가(모의고사) 영어 성적이 모두 2등급 이내이며 각 평가의 '국어+수학+탐구' 성적 평균이 전국 상위 11%(백분위 89) 이내인 자","해당없음","○ 1인당 200만원(생활비성)","※ 기관확인필요","○ 화성시·오산시 소재 고등학교 2학년 재학생","○ 경제적 여건 어려운 자 우대","○ 0명","○ 신청서류 내 허위 정보를 기재하거나 서류를 위·변조하였을 경우○ 학교폭력 등 사회적 물의를 일으켜 징계 처분을 받았거나 장학생으로서의 품행 및 태도가 부적절하다고 판단되는 경우○ 본 재단의 선발 기준에 적합하지 않다고 판단되는 경우","○ 학교장 추천","○ 지원서 1부○ 자기소개서 1부○ 개인정보 수집·이용 동의서(지원자/보호자 각 1부)]○ 장학생 서약서 1부○ 장학생 추천서 1부○ 성적 증빙서류○ 고등학교 1학년 생활기록부 사본 1부○ 주민등록등본 1부○ 가족관계증명서 1부○ 경제상황 증빙서류류※ 모든 서류는 장학생 선발 공고일(20260701) 이후 발급 서류만 인정※ 자세한 사항은 첨부파일 또는 홈페이지 참고","https://hyeanfd.org/","2026-07-01","2026-07-10"
"785 ","혜안재단","희망장학생","기타","장학금","해당없음","과학고국제고마이스터고영재고예술고외국어고일반고자율고제한없음체육고","1학년2학년3학년제한없음","해당없음","해당없음","○ 1인당 200만원(생활비성)","○ 경제적·사회적 지원이 필요하며 학업 지속 의지와 성장 가능성을 갖춘 자","○ 화성시·오산시 소재 고등학생 중 아동·청소년 지원기관(학교 포함)의 추천을 받은 자","※ 기관확인필요","○ 0명","○ 신청서류 내 허위 정보를 기재하거나 서류를 위·변조하였을 경우○ 학교폭력 등 사회적 물의를 일으켜 징계 처분을 받았거나 장학생으로서의 품행 및 태도가 부적절하다고 판단되는 경우○ 본 재단의 선발 기준에 적합하지 않다고 판단되는 경우","○ 지원기관(학교 포함)의 추천","○ 신청서 1부○ 장학생 추천서 1부○ 장학금 활용 계획서 1부○ 개인정보 수집·이용 동의서(지원자/보호자 각 1부)○ 주민등록등본 1부○ 가족관계증명서 1부○ 경제상황 증빙서류※ 모든 서류는 장학생 선발 공고일(20250701) 이후 발급 서류만 인정※ 자세한 사항은 첨부파일 또는 홈페이지 참고","https://hyeanfd.org/","2026-07-01","2026-07-10"
"786 ","사단법인 글로벌청소년센터","고려인동포 고등학생 장학금","기타","장학금","해당없음","과학고국제고마이스터고영재고예술고외국어고일반고자율고제한없음체육고","1학년2학년3학년제한없음","해당없음","해당없음","○ 200만원","○ 고등학교에 재학 중인 고려인동포 학생","해당없음","※ 기관확인필요","○ 15명","※ 기관확인필요","○ 지자체장/학교 담임교사/학교장 추천","○ 지원서○ 자기소개서○ 추천서○ 재외동포 증명서류○ 성적증명서○ 재학증명서○ 개인정보 제공 및 이용 동의서※ 자세한 사항은 첨부파일 또는 홈페이지 참고","http://gycenter.co.kr/act=board&bbs_code=sub4_1&bbs_mode=view&bbs_seq=366","2026-06-29","2026-07-19"
"787 ","마더텅","성적우수·성적향상 장학생","기타","장학금","해당없음","과학고국제고마이스터고영재고예술고외국어고일반고자율고제한없음체육고","1학년2학년3학년제한없음","○ 성적 우수 : 고3/N수생은 수능 1등급 고1/고2는 전국연합학력평가 1등급 또는 내신 95점 이상○ 성적 향상 : 고3/N수생은 수능 1등급 이상 향상 고1/고2는 전국연합학력평가 1등급 이상 향상 또는 내신 성적 10점 이상 향상※ 자세한 사항은 첨부파일 또는 홈페이지 참고","해당없음","○ 대상 500만원○ 금상 100만원○ 은상 50만원○ 동상 30만원","○ 마더텅 고등 교재로 공부한 고1/고2/고3/N수생","해당없음","※ 기관확인필요","※ 기관확인필요","※ 기관확인필요","해당없음","※ 기관확인필요","https://book.toptutor.co.kr/board/read.jspid=26864&code=t_event","2025-09-22","2026-12-28"
"788 ","울산광역시사회복지협의회","상생장학금(협력사)","지자체(출자출연기관)","장학금","해당없음","과학고국제고마이스터고영재고예술고외국어고일반고자율고제한없음체육고","1학년2학년3학년제한없음","해당없음","해당없음","○ 최대 150만원","○ SOIL 협력사 근로자(3개월 이상 근무)의 고등학생 자녀○ 최근 3년 이내 SOIL 정비작업 경력이 있는 단기계약근로자의 고등학생 자녀","해당없음","※ 기관확인필요","※ 기관확인필요","※ 기관확인필요","○ 협력사 대표 추천","○ 장학금지원 신청서/개인정보 수집·이용 동의서○ 생계를 같이하는 부모명의 가족관계증명서○ 소득 증빙자료○ 특기/적성 관련 증빙자료○ SOIL 상주 협력사 직원 재직증명서○ 협력사 대표 추천서※ 자세한 사항은 첨부파일 또는 홈페이지 참고","http://www.wel4u.or.kr/bbs/board.phpbo_table=news01_1&wr_id=1144","2026-06-22","2026-07-15"
"789 ","울산광역시사회복지협의회","상생장학금(사회복지기관)","지자체(출자출연기관)","장학금","해당없음","과학고국제고마이스터고영재고예술고외국어고일반고자율고제한없음체육고","1학년2학년3학년제한없음","해당없음","○ 중위소득 120%  이하의 취약계층","○ 최대 150만원","○ 고등학생","해당없음","※ 기관확인필요","※ 기관확인필요","※ 기관확인필요","○ 추천기관 의뢰서 제출","○ 장학금지원 신청서/자기소개 및 장학금 활용 계획/개인정보 수집·이용 동의서○ 추천기관 의뢰서○ 생계를 같이하는 보호자명의 또는 본인 가족관계증명서○ 소득 증빙자료○ 특기/적성 관련 증빙자료※ 자세한 사항은 첨부파일 또는 홈페이지 참고","http://www.wel4u.or.kr/bbs/board.phpbo_table=news01_1&wr_id=1144","2026-06-22","2026-07-15"
"790 ","자동차손해배상진흥원","자동차사고피해지원 장학금","공공기관","장학금","해당없음","과학고국제고마이스터고영재고예술고외국어고일반고자율고제한없음체육고","1학년2학년3학년제한없음","해당없음","○ 국민기초생활보장법에 의한 수급자○ 국민기초생활보장법에 의한 차상위계층","○ 45만원○ 분기별로 지원대상자 본인 명의의 예금계좌로 지급※ 자세한 사항은 첨부파일 또는 홈페이지 참고","○ 자동차사고로 인하여 사망하거나 중증후유장애를 입은 사람의 0세부터 18세미만(고교재학의 경우 20세 이하)의 유자녀 및 사고 당사자로 생계를 같이하는 가족의 생활형편이 지원요건에 해당하는 사람○ 교육인적자원부장관이 학력을 인정하는 초·중등교육법 제2조제3호의 규정에 의한 고등학교에 입학예정 또는 재학 중인 자※ 자세한 사항은 홈페이지 참고","해당없음","○ 당헤연도의 재원의 범위 내에서 지원업무처리에관한규정에 의해 장학생 선정","※ 기관확인필요","※ 기관확인필요","해당없음","○ 지원신청서○ 주민등록등본○ 가족관계증명서○ 자동차사고증명서류○ 생활형편증명서류○ 미재학의 경우 장학금 활용 학업계획서○ 재학증명서※ 자세한 사항은 첨부파일 또는 홈페이지 참고","https://tacss.or.kr/","2026-09-01","2026-10-30"
"791 ","대성장학회","다자녀 장학생","지자체(출자출연기관)","장학금","해당없음","과학고국제고마이스터고영재고예술고외국어고일반고자율고제한없음체육고","1학년2학년3학년제한없음","해당없음","○ 소득인정액 기준 중위소득 100%이하 가구","○ 50만원","○ 부모 명의 가족관계증명서에 본인 포함 형제자매 2명 이상 가구○ 고등학교에 입학하였거나 재학 중인 자로서 다자녀 가구※ 자세한 사항은 첨부파일 또는 홈페이지 참고","○ 장학생은 공고일 기준 보호자(부 또는 모/후견인)가 목포시 대성동에 1년 이상 주민등록이 되어 있는 가구의 자녀","○ 대성장학회 장학생 선발 내부규정 기준에 의거 분야별 고득점자 순으로 선발○ 소득 평가 70% / 성적 평가 20% / 가산점 10%※ 자세한 사항은 첨부파일 또는 홈페이지 참고","○ 1명","○ 대성장학회 장학금 기수혜자 제외※ 자세한 사항은 첨부파일 또는 홈페이지 참고","해당없음","○ 장학금 지원신청서○ 개인정보 수집이용 및 제3자 제공조회 동의서○ 주민등록등초본 (주소이력 포함)○ 가족관계증명서○ 건강보험료납부확인서(2026. 1. ~ 6.)○ 건강보험자격확인(통보)서 또는 자격득실확인서○ 지방세세목별과세증명서(2025.7. ~ 2026.6.)○ 성적증명서※ 자세한 사항은 첨부파일 또는 홈페이지 참고","https://www.mokpo.go.kr/www/mokpo_news/notification/public_noticeidx=54797&mode=view#none","2026-07-20","2026-08-19"
"792 ","대성장학회","성적우수 장학생","지자체(출자출연기관)","장학금","해당없음","과학고국제고마이스터고영재고예술고외국어고일반고자율고제한없음체육고","1학년2학년3학년제한없음","○ 직전 학기 학업 성적이 3등급 이상인 자○ 신입생은 중학교 3학년 내신성적","○ 소득인정액 기준 중위소득 180%이하 가구","○ 50만원","○ 고등학교에 입학하였거나 재학 중인 자","○ 공고일 기준 보호자(부 또는 모/후견인)가 목포시 대성동에 1년 이상 주민등록이 되어 있는 가구의 자녀","○ 성적 평가 70% 소득 평가 30%○ 대성장학회 장학생 선발 내부규정 기준에 의거 분야별 고득점자 순으로 선발","○ 1명","○ 1세대에 1명만 선발○ 대성장학회 장학금 기수혜자○ 초·중등교육법 제2조에 해당하지 아니한 초·중·고등학교에 재학 중인 학생○ 외국 소재 학교에 재학 중인 학생※ 자세한 사항은 첨부파일 또는 홈페이지 참고","해당없음","○ 장학금 지원신청서○ 개인정보 수집이용 및 제3자 제공·조회 동의서○ 주민등록등초본○ 가족관계증명서○ 건강보험료납부확인서○ 건강보험자격확인(통보)서○ 지방세세목별과세증명서○ 성적증명서○ 재학증명서※ 자세한 사항은 첨부파일 또는 홈페이지 참고","https://www.mokpo.go.kr/www/mokpo_news/notification/public_noticeidx=54797&mode=view#none","2026-07-20","2026-08-19"
"793 ","대성장학회","다문화 장학생","지자체(출자출연기관)","장학금","해당없음","과학고국제고마이스터고영재고예술고외국어고일반고자율고제한없음체육고","1학년2학년3학년제한없음","해당없음","○ 소득인정액 기준 중위소득 100%이하 가구","○ 50만원","○ 고등학교에 입학하였거나 재학 중인 자로서 다문화 가구○ 다문화가구 : 국제결혼 가정으로 부모 중 한명이 한국인※ 자세한 사항은 첨부파일 또는 홈페이지 참고","○ 장학생은 공고일 기준 보호자(부 또는 모/후견인)가 목포시 대성동에 1년 이상 주민등록이 되어 있는 가구의 자녀","○ 대성장학회 장학생 선발 내부규정 기준에 의거 분야별 고득점자 순으로 선발○ 소득 평가 70% / 성적 평가 20% / 가산점 10%※ 자세한 사항은 첨부파일 또는 홈페이지 참고","○ 1명","○ 대성장학회 장학금 기수혜자 제외※ 자세한 사항은 첨부파일 또는 홈페이지 참고","해당없음","○ 장학금 지원신청서○ 개인정보 수집이용 및 제3자 제공조회 동의서○ 주민등록등초본 (주소이력 포함)○ 가족관계증명서○ 건강보험료납부확인서(2026. 1. ~ 6.)○ 건강보험자격확인(통보)서 또는 자격득실확인서○ 지방세세목별과세증명서(2025.7. ~ 2026.6.)○ 성적증명서※ 자세한 사항은 첨부파일 또는 홈페이지 참고","https://www.mokpo.go.kr/www/mokpo_news/notification/public_noticeidx=54797&mode=view#none","2026-07-20","2026-08-19"
"794 ","대성장학회","희망 장학생","지자체(출자출연기관)","장학금","해당없음","과학고국제고마이스터고영재고예술고외국어고일반고자율고제한없음체육고","1학년2학년3학년제한없음","○ 직전 학기 학업 성적이 평균 7등급 이상인 자","○ 국민기초생활수급자○ 장애연금/장애수당 수급자○ 한부모가족○ 차상위본인부담 경감대상자","○ 50만원","○ 고등학교에 입학하였거나 재학 중인 자","○ 공고일 기준 보호자(부 또는 모/후견인)가 목포시 대성동에 1년 이상 주민등록이 되어 있는 가구의 자녀","○ 소득 평가 70% 성적 평가 30%○ 대성장학회 장학생 선발 내부규정 기준에 의거 분야별 고득점자 순으로 선발","○ 1명","○ 1세대에 1명만 선발○ 대성장학회 장학금 기수혜자○ 초·중등교육법 제2조에 해당하지 아니한 초·중·고등학교에 재학 중인 학생○ 외국 소재 학교에 재학 중인 학생※ 자세한 사항은 첨부파일 또는 홈페이지 참고","해당없음","○ 장학금 지원신청서○ 개인정보 수집이용 및 제3자 제공·조회 동의서○ 주민등록등초본○ 가족관계증명서○ 건강보험료납부확인서○ 건강보험자격확인(통보)서○ 지방세세목별과세증명서○ 성적증명서○ 재학증명서○ 저소득 증명서류류※ 자세한 사항은 첨부파일 또는 홈페이지 참고","https://www.mokpo.go.kr/www/mokpo_news/notification/public_noticeidx=54797&mode=view#none","2026-07-20","2026-08-19"
"795 ","삼척문화원","문화예술장학생","기타","장학금","해당없음","과학고국제고마이스터고영재고예술고외국어고일반고자율고제한없음체육고","1학년2학년3학년제한없음","해당없음","해당없음","○ 80만원","○ 문화예술(국악/음악/미술/무용/문학/연극/전통예술/사진/영상 등) 분야에서 우수한 재능을 보유하거나 활동 실적이 있는 자","○ 공고일 현재 삼척시에 주민등록을 두고 있는 초·중·고등학생/대학(원)생 또는 삼척시 소재 초등학교 또는 중학교를 거쳐 타지에서 고등학교 이상의 교육기관에 재학중인 학생","○ 문화예술 분야의 재능 및 성장 가능성○ 최근 3년간 문화예술 활동 및 수상 실적○ 자기소개 및 향후 활동계획○ 경제적 여건(해당 시)○ 삼척문화원 회원 가족(자녀 손자ㆍ손녀)인 경우 우선하여 선발○ 기타 삼척문화원 문화예술장학회 운영위원회에서 필요하다고 인정하는 사항","○ 00명","해당없음","○ 학교장 또는 문화예술 관련 기관·단체장의 추천을 받은 자","○ 문화예술장학생 지원신청서 1부○ 학교장(대학생ㆍ대학원생은 학과장) 또는 기관장 추천서 1부○ 자기소개서 및 활동계획서 1부○ 재학증명서 1부○ 주민등록초본 1부○ 문화예술 활동 및 수상실적 증빙자료○ 개인정보 수집·이용 동의서○ 삼척문화원 회원 가족인 경우 가족관계증명서","https://sccc.or.kr/","2026-07-20","2026-07-31"
"796 ","군산시교육발전진흥재단","학습비 지원금","지자체(출자출연기관)","장학금","해당없음","과학고국제고마이스터고영재고예술고외국어고일반고자율고제한없음체육고","1학년2학년3학년제한없음","해당없음","해당없음","○ 1인당 총 50만원 이내 오프라인 학원비 지원(교재비 제외)","○ 법정저소득층(수급자/차상위) 및 한부모 가정 학생 30% 이내 우선선발○ 학습비 지원 대상학원 : 교과·비교과 학원 / 직업 학원 / 예체능 학원 등","해당없음","○ 법정저소득층(수급자/차상위) 및 한부모 가정의 학생 30% 이내우선선발 후○ 일반학생 70% 전산프로그램을 통한 무작위 추첨 선발","○ 110명 (관내 중/고등학생 포함)","○ 사업대상자 학원비 선결제 후 교육 참석률 80% 이상 충족 시 사후 지급","해당없음","○ 참여 신청서○ 개인정보 제공 및 활용 동의서※ 자세한 사항은 첨부파일 또는 홈페이지 참고","www.edugunsan.org","2026-07-13","2026-07-24"
"797 ","한신대학교","한신대학교 홍보 영상 장학금","기타","장학금","해당없음","과학고국제고마이스터고영재고예술고외국어고일반고자율고제한없음체육고","1학년2학년3학년제한없음","해당없음","해당없음","○ 대상 수상자는 시상금과 별도로 한신대학교 입학시 4년 전액 장학금 지급○ 대상(1명): 100만원○ 최우수(5명): 80만원○ 우수(10명): 50만원","○ 만 13세~18세○ 전국 고등학생 청소년 모두 참여 가능(대안학교/비인가 교육기관/해외학교 재학생 및 검정고시 준비생 등 포함)","해당없음","○ 순수 창작 비중이 높은 작품 우선적 선발○ 심사 결과 심사 기준에 부합하는 작품이 없을 경우 일부 또는 전체 수상작을 선정하지 않을 수 있음※ 자세한 사항은 첨부파일 또는 홈페이지 참고","○ 16명","해당없음","해당없음","○ 참가신청서 작성※ 자세한 사항은 첨부파일 또는 홈페이지 참고","https://www.hs.ac.kr/kor/index.do","2026-07-20","2026-08-18"
"798 ","이안세무법인","장학금","기타","장학금","해당없음","과학고국제고마이스터고영재고예술고외국어고일반고자율고제한없음체육고","1학년2학년3학년제한없음","해당없음","○ 국민기초생활수급자○ 차상위계층","○ 50만원","○ 본인/부모/형제자매가 장애인인 가정의 고등학생","○ 서울 거주","○ 관내 선정회의를 통해 결정","※ 기관확인필요","※ 기관확인필요","해당없음","○ 장학생 지원 신청서○ 개인정보 수집·이용·제공에 대한 동의서○ 장애인 증명서○ 주민등록등본○ 국민기초생활 수급자 증명서 (해당 시)○ 차상위를 증명할 수 있는 서류 (해당 시)○ 재학증명서/등록금 영수증/입학증명서 (택1)○ 통장사본※ 자세한 사항은 첨부파일 또는 홈페이지 참고","https://www.goheung.go.kr","2026-07-06","2026-07-24"
"799 ","태평장학회","장학생","기타","장학금","해당없음","과학고국제고마이스터고영재고예술고외국어고일반고자율고제한없음체육고","1학년2학년3학년제한없음","해당없음","해당없음","※ 기관확인필요","○ 본 교회에 등록 후 출석한지 1년 이상 된 교인으로서 교회생활과 그 품행이 타의 모범이 되고 장차 교회와 사회·국가에 유익한 인물이 될 자○ 교회출석률 80% 이상인 자로서 학생회 활동에 열심히 출석하고 봉사하고 있는 고등학생","해당없음","○ 장학생 선발 시 교회출석과 봉사/학교성적/가정형편/보호자 교회봉사 등을 종합적으로 검토하여 선발","※ 기관확인필요","○ 서류미비자는 선발 심사에서 제외※ 자세한 사항은 첨부파일 또는 홈페이지 참고","○ 청년공동체(청소년부)부장 추천","○ 장학금 신청서○ 청년공동체(청소년부)부장 추천서○ 20261학기 성적증명서○ 20262학기 등록금고지서※ 자세한 사항은 첨부파일 또는 홈페이지 참고","https://www.taepyung.net/main/sub.htmlMode=view&boardID=www16&num=24773&page=0","2026-08-23","2026-08-30"
"800 ","용호3동 향토장학회","장학생","지자체(출자출연기관)","장학금","해당없음","과학고국제고마이스터고영재고예술고외국어고일반고자율고제한없음체육고","1학년2학년3학년제한없음","해당없음","해당없음","※ 자세한 사항은 첨부파일 또는 홈페이지 참고※ 2025년 : 8명 각50만원","○ 20260728 기준 2년 이상 용호3동 거주 중인 고등학생","○ 용호3동 거주 중인 고등학생","○ 용호3동행정복지센터 직접 방문○ 향토장학회 선정위원회 심의를 거쳐 선정○ 우선순위자 기초수급자/차상위/한부모/조손가구/소년소녀가장 학업성적 우수자/고학년 주민등록상 장기간 용호3동 거주자 소득 및 재산수준이 낮은 겨우","※ 자세한 사항은 첨부파일 또는 홈페이지 참고※ 2025년 : 8명 각50만원","○ 최근 2년(2024년/2025년) 향토장학회 장학금 미수혜자","○ 관할 통장 및 향토장학회 회원 추천","○ 장학금 신청서○ 개인정보활용 동의서 등※ 자세한 사항은 첨부파일 또는 홈페이지 참고","https://www.bsnamgu.go.kr/yongho3/index.namgu","2026-07-28","2026-08-18"
"801 ","재단법인 춘천인재육성장학재단","애향장학생(통리반장자녀)","지자체(출자출연기관)","장학금","지역연고","과학고국제고마이스터고영재고예술고외국어고일반고체육고","1학년2학년3학년제한없음","○ 직전학기 전과목(예체능 제외) 평균 5등급 이내","해당없음","○ 50만원","○ 공고일 현재 이·통·반장으로 2년 이상 재직자의 본인 또는 자녀","○ 공고일 현재 주민등록 주소지가 1년 이상 춘천시에 등록된 시민 또는 그 자녀로서 고등학교에 재학 중인 학생","○ 통리반장 경력 20% 성적 30% 생활수준 40% 봉사 10%","※ 기관확인필요","○ 직전학기 본 재단 장학생의 경우 신청 불가○ 타 장학금 또는 재단 장학금간 중복신청 불가○ 26년 상상반기 타 장학금 받은 경우 신청 불가※ 자세한 사항은 첨부파일 또는 홈페이지 참고","○ 읍·면·동장 추천","○ 장학금 지원 신청서 및 신청인 서약서○ 장학금 수혜 여부 확인서 및 개인정보 수집·이용·제공 동의서○ 장학금 지원대상자 추천서○ 학생 주민등록초본○ 가족관계증명서○ 재학증명서○ 성적증명서(평균석차기준(9등급))○ 부모 또는 가족구성원 건강보험료 납부확인서○ 신청자의 보통예금계좌 사본○ 봉사활동 확인서 등 봉사 실적 확인서○ 통리반장 재직증명서※ 자세한 사항은 첨부파일 또는 홈페이지 참고","http://www.ccbomnae.or.kr/","2026-03-30","2026-04-08"
"802 ","재단법인 춘천인재육성장학재단","애향장학생(시정유공본인·자녀)","지자체(출자출연기관)","장학금","지역연고","과학고국제고마이스터고영재고예술고외국어고일반고체육고","1학년2학년3학년제한없음","○ 직전학기 전과목(예체능 제외) 평균 5등급 이내","해당없음","○ 50만원","○ 시정유공자로 시장 또는 강원도지사와 중앙부처 장의 포상을 받은 후 1년이 경과하지 않은 본인 또는 자녀※ 시·도청·중앙부처 내부직원이 받은 경우 제외","○ 공고일 현재 주민등록 주소지가 1년 이상 춘천시에 등록된 시민 또는 그 자녀로서 고등학교에 재학 중인 학생","○ 성적 40% 생활수준 50% 봉사 10%","※ 기관확인필요","○ 직전학기 본 재단 장학생의 경우 신청 불가○ 타 장학금 또는 재단 장학금간 중복신청 불가○ 26년 상상반기 타 장학금 받은 경우 신청 불가※ 자세한 사항은 첨부파일 또는 홈페이지 참고","○ 읍면동장 추천","○ 장학금 지원 신청서 및 신청인 서약서○ 장학금 수혜 여부 확인서 및 개인정보 수집·이용·제공 동의서○ 장학금 지원대상자 추천서○ 학생 주민등록초본○ 가족관계증명서○ 재학증명서○ 성적증명서(평균석차기준(9등급))○ 부모 또는 가족구성원 건강보험료 납부확인서○ 신청자의 보통예금계좌 사본○ 봉사활동 확인서 등 봉사 실적 확인서○ 포상 증빙서류※ 자세한 사항은 첨부파일 또는 홈페이지 참고","http://www.ccbomnae.or.kr/","2026-03-30","2026-04-08"
"803 ","재단법인 춘천인재육성장학재단","애향장학생(환경공원주변자녀)","지자체(출자출연기관)","장학금","지역연고","과학고국제고마이스터고영재고예술고외국어고일반고체육고","1학년2학년3학년제한없음","○ 직전학기 전과목(예체능 제외) 평균 5등급 이내","해당없음","○ 50만원","○ 환경공원 주변(혈동2리/ 팔미3리/ 증2리) 거주자 본인 또는 자녀※ 자세한 사항은 첨부파일 또는 홈페이지 참고","○ 공고일 현재 주민등록 주소지가 1년 이상 춘천시에 등록된 시민 또는 그 자녀로서 고등학교에 재학 중인 학생○ 환경공원 주변(혈동2리/ 팔미3리/ 증2리) 거주자 본인 또는 자녀","○ 성적 40% 생활수준 50% 봉사 10%","※ 기관확인필요","○ 직전학기 본 재단 장학생의 경우 신청 불가○ 타 장학금 또는 재단 장학금간 중복신청 불가○ 26년 상상반기 타 장학금 받은 경우 신청 불가※ 자세한 사항은 첨부파일 또는 홈페이지 참고","○ 읍·면·동장 추천","○ 장학금 지원 신청서 및 신청인 서약서○ 장학금 수혜 여부 확인서 및 개인정보 수집·이용·제공 동의서○ 장학금 지원대상자 추천서○ 학생 주민등록초본○ 가족관계증명서○ 재학증명서○ 성적증명서(평균석차기준(9등급))○ 부모 또는 가족구성원 건강보험료 납부확인서○ 신청자의 보통예금계좌 사본○ 봉사활동 확인서 등 봉사 실적 확인서※ 자세한 사항은 첨부파일 또는 홈페이지 참고","http://www.ccbomnae.or.kr/","2026-03-30","2026-04-08"
"804 ","재단법인 춘천인재육성장학재단","성적우수장학금","지자체(출자출연기관)","장학금","성적우수","과학고국제고마이스터고영재고외국어고일반고","1학년2학년3학년제한없음","○ 직전학기 전과목(예체능 제외) 평균 2등급 이하","○ 해당없음","○ 50만원","※ 기관확인필요","○ 공고일 현재 주민등록 주소지가 1년 이상 춘천시에 등록된 시민 또는 그 자녀로서 고등학교에 재학 중인 학생","○ 성적 70% 생활수준 20% 봉사 10%","※ 기관확인필요","○ 직전학기 본 재단 장학생의 경우 신청 불가○ 타 장학금 또는 재단 장학금간 중복신청 불가○ 26년 상상반기 타 장학금 받은 경우 신청 불가※ 자세한 사항은 첨부파일 또는 홈페이지 참고","○ 학교장 추천","○ 장학금 지원 신청서 및 신청인 서약서○ 장학금 수혜 여부 확인서 및 개인정보 수집·이용·제공 동의서○ 장학금 지원대상자 추천서○ 학생 주민등록초본○ 가족관계증명서○ 재학증명서○ 성적증명서(평균석차기준(9등급))○ 부모 또는 가족구성원 건강보험료 납부확인서○ 신청자의 보통예금계좌 사본○ 봉사활동 확인서 등 봉사 실적 확인서※ 자세한 사항은 첨부파일 또는 홈페이지 참고","http://www.ccbomnae.or.kr/","2026-03-30","2026-04-08"
"805 ","재단법인 춘천인재육성장학재단","특기장학금","지자체(출자출연기관)","장학금","특기자","예술고일반고체육고","1학년2학년3학년제한없음","○ 해당없음","○ 해당없음","○ 50만원","○ 공고일로부터 1년 이내 광역시·도 단위 대회(경진대회) 1위 입상자 또는 국제·전국대회 3위 이상 입상자○ 단체전 입상은 단체에서 추천한 1인 신청 가능","○ 공고일 현재 주민등록 주소지가 1년 이상 춘천시에 등록된 시민 또는 그 자녀로서 고등학교에 재학 중인 학생","○ 수상성적 70% 생활수준 20% 봉사 10%","※ 기관확인필요","○ 직전학기 본 재단 장학생의 경우 신청 불가○ 타 장학금 또는 재단 장학금간 중복신청 불가○ 26년 상상반기 타 장학금 받은 경우 신청 불가※ 자세한 사항은 첨부파일 또는 홈페이지 참고","○ 학교장 추천","○ 장학금 지원 신청서 및 신청인 서약서○ 장학금 수혜 여부 확인서 및 개인정보 수집·이용·제공 동의서○ 장학금 지원대상자 추천서○ 학생 주민등록초본○ 가족관계증명서○ 재학증명서○ 성적증명서(평균석차기준(9등급))○ 부모 또는 가족구성원 건강보험료 납부확인서○ 신청자의 보통예금계좌 사본○ 봉사활동 확인서 등 봉사 실적 확인서○ 공고일로부터 1년 이내 수상실적을 나타낼 수 있는 증빙자료 (수상자의 성명이 기재된 상장)※ 자세한 사항은 첨부파일 또는 홈페이지 참고","http://www.ccbomnae.or.kr/","2026-03-30","2026-04-08"
"806 ","경기도장애인재활협회","장애가정청소년 꿈지원사업 신규장학생","기타","장학금","해당없음","과학고국제고마이스터고영재고예술고외국어고일반고자율고제한없음체육고","1학년2학년3학년제한없음","○ 해당없음","○ 2026년 기준 중위소득 100%이하 가구(기초생활수급자 및 차상위 가구 포함)","○ 월 30만원 이내○ 매월 학원으로 직접 입금","○ 장애(부모.형제)가정 내 비장애 청소년","○ 경기도 내 거주자","○ 신청서 접수○ 서류심사○ 전화 및 방문상담○ 선정회의 진행","○ 00명※자세한 내용은 홈페이지 참고","○ 해당없음","○ 해당없음","○ 개인정보제공동의서 및 서약서○ 주민등록등본○ 가족관계증명서○ 장애인증명서※자세한 내용은 홈페이지 참고","http://www.kgsrd.org/","2026-01-26","2026-02-08"
"807 ","경기도장애인재활협회","지니드림 신규 장학생","기타","장학금","해당없음","과학고국제고마이스터고영재고예술고외국어고일반고자율고제한없음체육고","1학년2학년3학년제한없음","○ 해당없음","○ 2026년 기준 중위소득 100%이하","○ 월 30만원 이내○ 매월 학원으로 직접 입금","○ 음악 미술 분야 진학 희망○ 9~24세 장애 청소년","○ 경기도 거주","○ 신청서 접수○ 서류심사○ 전화 및 방문상담○ 선정회의 진행","○ 00명 ※자세한 내용은 홈페이지 참고","○ 해당없음","○ 해당없음","○ 개인정보제공동의서 및 서약서○ 주민등록등본○ 가족관계증명서○ 장애인증명서※자세한 내용은 홈페이지 참고","http://www.kgsrd.org/","2026-01-26","2026-02-08"
"808 ","초록우산","초록우산 아이리더 장학금","기타","장학금","해당없음","과학고국제고마이스터고영재고예술고외국어고일반고자율고제한없음체육고","1학년2학년3학년제한없음","해당없음","○ 기준 중위소득 100% 이하 소득기준에 해당하는 아동","○ 심사 후 아동별 지원금액 결정 (아동 1인당 연간 최대 1200만원 내외)","○ 신청연령: 2026년 기준 고등학교 1~3학년○ 예술 체육 자율 학업의 분야에서 요구하는 재능 수준에 해당하는 경우※ 자세한 사항은 첨부파일 또는 홈페이지 참고","해당없음","○ 1차 서류심사 2차 면접심사","※ 기관확인필요","○ 타 기관으로부터 본 사업과 비슷한 성격의 후원금을 중복으로 지원받는 경우○ 초록우산 아이리더로서 명예를 훼손할 가능성이 있는 경우(예: 학교폭력 가해자)※ 자세한 사항은 첨부파일 또는 홈페이지 참고","○ 예술 체육 자율 분야 지원자: 재능 분야 재능지도자 담임교사 학교장 사회복지기관장 행정복지센터장 시군구청장 등","○ 신청서○ 자기소개서○ 추천서○ 개인정보 수집 및 이용 동의서○ 주민등록등본○ 재능증빙서류○ 경제상황 증빙서류※ 자세한 사항은 첨부파일 또는 홈페이지 참고","https://www.childfund.or.kr/main.do","2025-10-22","2025-11-14"
"809 ","사단법인 한국다문화청소년협회","학업장학","기타","장학금","기타","과학고국제고마이스터고영재고예술고외국어고일반고자율고제한없음체육고특성화고","1학년2학년3학년제한없음","○ 2026년 1학기 중간/기말고사 합산 기준○ 인문계 :5등급제인 경우 필수과목 포함 5과목 2등급 이상/ 9등급제인 경우 필수과목 포함 3등급 이상○ 특목고 : 상위 25% 이내 해당자○ 특성화고 : 상위 15% 이내 해당자","○ 2026년 기준 중위소득 80% 이하인 가구※ 자세한 사항은 첨부파일 또는 홈페이지 참고","○ 1인당 300만원","○ 성적우수 및 학업증진의 욕구가 있는 다문화가족 자녀○ 장학금 수여식 및 문화체험 활동에 반드시 참여 가능한 자","해당없음","※ 기관확인필요","○ 80명 (중/고/대학생 포함)","○ 협회 장학(양육비) 지원사업 수혜 대상자 제외○ 타기관 장학금 미 수혜자 우선 선발","○ 반드시 추천 학교 학교장의 추천서가 첨부 되어야 함","○ 장학생 신청서○ 자기소개서○ 학교장 추천서○ 개인정보 동의서○ 주민등록등본○ 소득증빙서류○ 다문화 대상자임을 입증할 수 있는 서류○ 성적증명서※ 자세한 사항은 첨부파일 또는 홈페이지 참고","http://www.kmcyouth.or.kr/","2026-08-03","2026-08-31"
"810 ","사단법인 한국다문화청소년협회","학업우수 장학금","기타","장학금","기타","과학고국제고마이스터고영재고예술고외국어고일반고자율고제한없음체육고특성화고","1학년2학년3학년제한없음","○ 2025년 2학기 기말고사(합산) 5과목 이상 3등급 이내(B등급 이상)※ 특목고 및 특성화고는 학교별 성적 산출 내역을 별도 첨부 요청(상위 15~25%)※ 현 고등학교 1학년은 중학교 3학년 2학기 기말고사 성적표 제출※ 자세한 성적기준은 첨부파일 참조","○ 2025년 기준 중위소득 80%이하인 가구","○ 300만원","○ 다문화가정 자녀로 고등학교 1~3학년 재학생○ 반드시 장학금 수여식에 참여 가능한 학생","○ 수도권 관내 지역 청소년(서울·경기·인천)","○ 1순위 : 다문화가정 청소년 중 학업성적이 우수하며 생활보호대상자 또는 불우 환경의 청소년 중 학교장 추천을 받은 학생○ 2순위 : 다문화가정 학생 중 성적우수 및 학업 증진의 욕구가 있는 학생○ 3순위 : 기타 장학사업 활동 목적에 부합되거나 사회의 도움이 필요하다고 결의된 다문화 가정의 학생※ 타기관 장학금 미 수혜자 우선선발 예정","○ 8명(중2~고3 포함)","○ 제 1~3회 학업우수 장학금 사업 및 기타 협회 장학사업 대상자로 선정되어 장학금을 수혜받은 학생","○ 소속학교 학교장 추천","○ 장학생 신청서○ 자기소개서○ 학교장 추천서○ 나의 꿈 비젼○ 개인정보동의서○ 주민등록등본○ 소득증빙서류(건강보험료납입영수증 등)○ 다문화 대상자임을 입증할 수 있는 서류(기본증명서·(세부)가족관계증명서 등 국적표기가 되어 있는 서류)○ 성적 증빙서류(생활기록부 사본 혹은 성적증명서)※ 생활기록부 사본에 성적이 표기된 경우 성적증명서는 별도로 첨부 하지 않아도 됨※ 자세한 사항은 첨부파일 또는 홈페이지 참고","http://www.kmcyouth.or.kr/","2026-03-13","2026-04-10"
"811 ","티앤씨","티앤씨장학생","기타","장학금","해당없음","과학고국제고마이스터고영재고예술고외국어고일반고자율고제한없음체육고","1학년","해당없음","해당없음","○ 참여도에 따른 인센티브 장학금 지급 *1년 활동 후 다음해 2월 최대 330만원까지 평가에 따라 차등 지급","○ 2026년 고등학교 1학년○ 월 1~2회 교육 활동에 성실히 참여할 수 있는 자 / 3년 활동 가능자※ 자세한 사항은 홈페이지지 참고","해당없음","○ 서류심사 후 면접 심사※ 자세한 사항은 홈페이지 참고","※ 기관확인필요","※ 기관확인필요","○ 학교 대외활동 기관 선생님 등 추천서 필수수","○ 자기소개서○ 포트폴리오(자유양식)○ 교사 추천서○ 중학교 학교생활기록부 사본","https://tncfoundation.org","2026-04-06","2026-05-24"
"812 ","대전YMCA","꿈이룸장학생","기타","장학금","소득구분","과학고국제고마이스터고영재고예술고외국어고일반고자율고제한없음체육고","1학년2학년3학년제한없음","해당없음","○ 기초생활수급 및  차상위계층(한부모 가정 등) 청소년","○ 70만원","○ 꿈을 찾고 도전하는 과정 속에서 자기계발비가 필요한 청소년○ 회원추천 : 대전YMCA청소년장학회 회원의 추천을 받은 자○ 기관추천 : 시설 및 단체/ 학교 등 기관의 추천을 받은 자○ 일반추천 : 대전 시민의 추천을 받은 자","○ 공고일 현재 대전광역시에 1년 이상 계속 거주(주민등록기준)하고 있는 청소년","○ 장학생 선발 시 성적 및 수상실적을 기준으로 평가하지 않음○ 선발 시 자기소개서와 추천서 내용을 중점으로 반영","※ 기관확인필요","※ 기관확인필요","○ 회원추천/기관추천/일반추천","○ 신청서○ 자기소개서○ 추천서○ 개인정보 수집 및 이용동의서○ 주민등록등본○ 통장사본(청소년 명의)○ 생활환경증빙서류 택1※ 자세한 사항은 첨부파일 또는 홈페이지 참고","http://www.djymca.or.kr","2026-09-01","2026-09-30"
"813 ","하트하트재단","문화예술 차세대 인재양성사업 장학생","기타","장학금","특기자","국제고영재고예술고일반고자율고","1학년2학년3학년제한없음","해당없음","○ 중위소득 120% 미만○ 조손/ 다문화/ 한부모/ 장애가정(부모)/ 시설거주아동/ 학교 밖 청소년 등 우선선발","○ 1천만원 내외○ 음악교육비 / 입학금 및 학부 등록금 / 콩쿠르 지원(참가비 및 연주비) 3가지 중 자유롭게 사용가능○ 전문음악인과 함께하는 콘서트 등 다수 활동 지원※ 자세한 사항은 첨부파일 또는 홈페이지 참고","○ 음악적 재능이 있는 9~24세의 아동 중 경제적 상황이 어려운 아동선발분야 : 현악 / 관악 / 타악 / 성악","해당없음","○ 1차 서류 및 영상 심사 > 2차 대면심사 (자유곡 연주)","○ 00명","○ 2026년 타 기관의 장학생으로 선정되어 지원 받는 학생은 중복 수혜 불가능","해당없음","○ 신청서○ 자기소개서○ 추천서 1부○ 개인정보 활용 동의서○ 가족관계증명서○ 연주영상○ 소득증명 및 기타증명 서류※ 자세한 사항은 첨부파일 또는 홈페이지 참고","http://www.heartheart.org","2025-02-24","2025-03-14"
"814 ","하트하트재단","예비자립준비청년장학","기타","장학금","해당없음","과학고국제고마이스터고영재고예술고외국어고일반고자율고제한없음체육고","3학년","해당없음","해당없음","○ 장학금○ 생활지원금 월 40만원 (연간 480만원)○ 자기계발비 연 240만원○ 심리상담 지원비 연 80만원※ 자세한 사항은 첨부파일 또는 홈페이지 참고","○ 시설에 거주하며 2026년 대학진학을 목표로 하는 만 18세 이하 고등학교 3학년","해당없음","○ 기관 단위 신청이 원칙이나 부득이한 경우로 개인신청 가능○ 1차 서류심사  2차 대면면접  장학금 지원  역량강화를 위한 교육지원 사업○ 기관: 아동양육시설/자립생활관 등 자립준비청년 보호 및 관리 기관","○ 총 85명 (예비자립준비청년 및 자립준비청년 포함)","○ 시설 퇴소자는 신청 제외○ 자립준비청년 대상 장학금 지원 중복수혜 불가※ 자세한 사항은 첨부파일 또는 홈페이지 참고","해당없음","○ 기관신청서 / 개인신청서※ 자세한 사항은 첨부파일 또는 홈페이지 참고","http://www.heartheart.org","2025-01-20","2025-02-05"
"815 ","춘천효자종합사회복지관","희망나눔장학금","지자체(출자출연기관)","장학금","기타","과학고국제고마이스터고영재고예술고외국어고일반고자율고제한없음체육고","1학년2학년3학년제한없음","해당없음","○ 기초생활수급권자 또는 차상위 가구(기준중위소득 50% 이하)","○ 30만원","○ 춘천 지역 사회 내 재학 중인 고등학생","해당없음","○ 1순위: 기초생활수급권자○ 2순위: 차상위 가구○ 춘천효자종합사회복지관 장학심사위원 서류심사 후 개별통보","해당없음","○ 휴학생 지원불가○ 장학금 신청자 인원수 초과시 2023/2024년 장학생은 일부 제외될 수 있음○ 장학금 전달식 불참 시 선발 무효처리","○ 학교/교회/사회복지기관/읍·면동사무소/지역 통장 등 타 기관 추천서만 인정","○ 수급 및 차상위계층 증명서○ 장학생 추천서○ 개인정보활용동의서○ 통장사본○ 가족관계증명서 (해당자)※ 자세한 사항은 첨부파일 또는 홈페이지 참고","http://www.hyojaswcor.kr","2025-11-19","2025-12-05"
"816 ","우체국공익재단","희망장학금","공공기관","장학금","소득구분","과학고국제고마이스터고영재고예술고외국어고일반고자율고제한없음체육고","해당없음","○ 직전 학년 성적에 대한 최소 자격요건(성취도 평균 D이상) 충족","○ 국민기초생활수급자 가정","○ 100만원","○ 대한민국 국적을 가진 국내 중학교 3학년 또는 고등학교 1~2학년에 재학중인 학생○ 직전 학년 미인정 결석 10일 미만","해당없음","○ 우체국공익재단 선정심사위원회를 통해 지원대상 선정","○ 800명","○ 우체국공익재단 및 타기관 장학금을 받는 자○ 학교폭력/ 징계 등 재학 중 사회적 물의를 일으킨 학생○ 고등공민학교 및 기술학교 제외○ 우체국공익재단 우체국 청소년 꿈보험 기가입자 및 희망장학금 기수혜자○ 1가정에서 2자녀 이상을 신청하는 경우","○ 학교장 추천","○ 장학금 신청서○ 개인정보 수집 이용 제공 및 조회 동의서○ 장학생 추천서○ 수급자증명서○ 직전학년 성적증명서○ 가구유형 증빙서류(해당자)※ 자세한 사항은 첨부파일 또는 홈페이지 참고","https://www.kopf.or.kr/","2025-06-09","2025-06-30"
"817 ","(재) 고양시청소년재단","청소년생활장학금","지자체(출자출연기관)","장학금","소득구분","과학고국제고마이스터고영재고예술고외국어고일반고자율고제한없음체육고","1학년2학년3학년제한없음","○ 해당없음","○ 국민기초생활수급자/ 차상위계층/ 중위소득 100% 이하인 자","○ 150만원 (4월/ 9월 각 50%씩 지원)","○ 도내에 주민등록을 두고 있는 생활이 어려운 학교 밖 청소년 (0813년생)○ 국민기초생활보장수급자 / 차상위계층 / 한부모가족 지원대상자○ 고양송암고/부천실업고/진영고/계명고/안양상업고에서 교육과정을 이수 중인 학생","○ 경기도 고양시 도내에 주민등록을 두고 있는 청소년","※ 기관확인필요","※ 기관확인필요","○ 다른 시도로 전출한 경우 지급정지○ 자격요건 상실한 경우 지급정지 (단 기초생활수급자가 차상위계층/ 긴급복지/ 경기도형긴급복지로 이동한 경우는 지급 가능)○ 1가구당 지원대상자 1명","○ 해당없음","○ 온라인신청 또는 행정복지센터 신청○ 생활장학금 지원 신청서○ 대상자 명의 통장 사본○ 재학증명서 또는 학생증 사본○ 청소년/아동복지시설 입소확인서 (해당자)※ 자세한 사항은 첨부파일 또는 홈페이지 참고","https://www.gcyf.or.kr/","2026-03-16","2026-03-27"
"818 ","성평등가족부","수능 모의평가 응시료 지원금","정부","장학금","해당없음","해당없음","해당없음","해당없음","해당없음","○ 2027학년도 수능모의평가(6월/9월) 응시료 전액○ 회당 1만 2천원 (인당 최대 2만 4천원)","○ 당해연도 수능 모의평가에 응시하는 학교 밖 청소년(9~24세)","해당없음","※ 기관확인필요","※ 기관확인필요","해당없음","해당없음","○ 수능 모의평가 수험표○ 예금주 통장사본○ 학교 밖 청소년임을 증명하는 서류 (대상자만)○ 가족관계증명서 (대상자만)※ 자세한 사항은 첨부파일 또는 홈페이지 참고","http://mogef.go.kr/nw/enw/nw_enw_s001d.domid=mda700","2026-06-04","2026-09-30"
"819 ","충렬장학회","장학생","지자체(출자출연기관)","장학금","지역연고","해당없음","해당없음","해당없음","해당없음","○ 100만원","○ 관내 거주하는 고등학생 중 장래가 촉망되는 장학생 모집","○ 2025.11.1.자 기준 안락 2동에 1년 이상 주민등록이 되어 있으며 사실상 거주하고 있는 고등학생","○ 생활정도/ 학업성적 등을 감안하고 가점이 추가되어 점수 산출※ 자세한 사항은 첨부파일 또는 홈페이지 참고","○ 12명 (고등/대학생 포함 인원)","해당없음","해당없음","○ 장학생 선발 신청서 1부○ 개인정보 수집 및 이용에 관한 동의서○ 주민등록등본 1부○ 성적증명서 1부○ 보호자 소득확인○ 재산 소유 확인○ 추천서(해당자)○ 부채증명서(해당자)○ 장애인증명서 또는 복지카드 사본(해당자)○ 수급자 증명서 또는 차상위계층 증명서(해당자)※ 자세한 사항은 첨부파일 또는 홈페이지 참고","https://www.dongnae.go.kr","2025-11-03","2025-11-21"
"820 ","재단법인 대구광역시인재육성장학재단","글로벌현장학습해외취업 장학금 ","지자체(출자출연기관)","장학금","지역연고","해당없음","해당없음","해당없음","해당없음","○ 200만원","○ 특성화고 및 마이스터 고등학교 글로벌 현장학습 참가학생 중 해외에 취업(예정)이 된 우수학생","해당없음","○ 학교장이 시교육청 융합인재과로 학생 추천","○ 14명","○ 장학금 수령자가 학업을 중단(휴학/자퇴 등) 할 때○ 중복 지원 제외 (2025년 대구인재육성장학재단 장학금 기지원자도 제외)※ 자세한 사항은 첨부파일 또는 홈페이지 참고","○ 학교장 추천","○ 학교장 추천서○ 개인정보 수집이용 동의서○ 사유서 (학교 세외계좌일 경우만 제출)○ 통장사본※ 자세한 사항은 첨부파일 또는 홈페이지 참고","https://www.dge.go.kr","2025-09-19","2025-10-24"
"821 ","재단법인 산청군향토장학회","어학자격시험 장학금","지자체(출자출연기관)","장학금","해당없음","해당없음","해당없음","해당없음","해당없음","○ 1인 최대 10만원※ 자세한 사항은 첨부파일 또는 홈페이지 참고","○ 중고등학교 재학생○ 학교 밖 청소년 (2008~2013년생)○ 2025년 12월 13일 이후 응시한 시험※ 자세한 사항은 첨부파일 또는 홈페이지 참고","○ 신청일 기준 산청군에 1년 이상 주민등록을 두고 있는 자","○ 지원요건 충족 시 (지원 대상/주소/시험 응시 여부 등) 선착순 선정※ 자세한 사항은 첨부파일 또는 홈페이지 참고","○ 지원 예산 내 선착순 선정","※ 자세한 사항은 첨부파일 또는 홈페이지 참고","해당없음","○ 사업 신청서○ 개인정보 제공 동의서○ 주민등록초본○ 응시사실 확인 자료○ 응시료 결제 영수증○ 통장사본※ 자세한 사항은 첨부파일 또는 홈페이지 참고","http://www.sancheong.go.kr","2026-04-27","2026-12-12"
"822 ","강북구청","재능장학생","지자체(출자출연기관)","장학금","기타","해당없음","해당없음","해당없음","○ 가구의 건강보험료 납부금액 합산액이 기준중위소득 100% 이하에 해당하는 저소득가정학생(선발 인원의 10%는 기준중위소득 120% 이하 가정에 해당하는 학생)","○ 지원금액 : 연간 1인당 500만원 이내","○ 선발분야 : 총 6개 분야 (음악/미술/무용/체육/연극/학습)○ 음악/ 미술/ 무용/ 체육/ 연극/ 학습 분야에서 재능을 보이는 학생","○ 강북구에 거주하거나 강북구에 소재하는 고등학교에 재학중인 학생","※ 기관확인필요","○ 45명 내외(신규 및 기존 계속지원 장학생 포함)※ 초중고 인원 모두 합한 선발인원 수","※ 자세한 사항은 첨부파일 또는 홈페이지 참고","해당없음","※ 자세한 사항은 첨부파일 또는 홈페이지 참고","http://www.gangbuk.go.kr","2025-10-29","2025-11-28"
"823 ","재단법인 안동시장학회","만학도장학생","지자체(출자출연기관)","장학금","해당없음","해당없음","해당없음","해당없음","해당없음","○ 80만원","※ 기관확인필요","○ 공고일 현재 보호자 또는 본인이 안동시에 1년 이상 주소를 두고 있는 국내 학교의 재학생으로서 분야별 자격조건을 갖춘 자","○ 검정고시 성적 50%+소득수준 50%","○ 10명","○ 학력별 1회 지원○ 당해 연도 1세대 2인 신청 시 그 중 1명 선발○ 안동시장학회로부터 동일 분야로 장학금을 수령한 자 제외","※ 기관확인필요","○ 장학금 지원신청서○ 개인정보 동의서○ 추천서○ 장학금 지급신청서○ 서약서○ 장학금 수혜(비수혜)확인서○ 재학증명서 또는 합격통지서○ 교육비(등록금) 납입증명서○ 보호자의 주민등록등본○ 검정고시 합격증 및 성적증명서○ 부모의 전년도 건강보험료 납부증명서※ 자세한 사항은 첨부파일 또는 홈페이지 참고","https://www.ascholarship.or.kr","2026-03-16","2026-04-03"
"824 ","IBK행복나눔재단","다문화가정자녀장학금","기타","장학금","기타","해당없음","해당없음","해당없음","○ 가정형편이 어려운 다문화가정 우선 지원","※ 기관확인필요","○ 대한민국 국적을 가진 다문화가정 우선 지원○ 학업우수자/ 미술/체육 등 특기자 우선 지원","해당없음","○ 가정형편이 어려운 다문화가정 우선 지원○ 학업우수자/ 미술체육 등 특기자 우선 지원 예정","※ 기관확인필요","※ 기관확인필요","해당없음","○ 홈페이지에서 온라인 신청※ 자세한 사항은 첨부파일 또는 홈페이지 참고","http://www.ibkfoundation.or.kr/","2025-03-05","2025-03-31"
"825 ","재단법인청도군인재육성장학회","특기장학생","지자체(출자출연기관)","장학금","지역연고","해당없음","해당없음","○ 해당없음","○ 해당없음","○ 60만원","○ 최근 1년이내 도단위 또는 전국대회 3위 이상 입상한 자※ 자세한 사항은 첨부파일 또는 홈페이지 참고","○ 공고일 현재 청도군 관내 고등학교 재학생으로서 보호자 또는 학생 본인이 청도군에 1년 이상 계속하여 주소를 두고 거주하고 있는 학생","※ 기관확인필요","○ 15명 (변동가능)","○ 해당없음","○ 학교장 추천 필요","○ 장학금지원신청서○ 재학증명서○ 장학금 수혜(비수혜)확인서○ 주민등록등본(보호자)/주민등록초본(학생)○ 가족관계증명서○ 개인정보 수집·이용·제공 동의서○ 특기장학생 추천서○ 각종대회 입상관련자료※ 자세한 사항은 첨부파일 또는 홈페이지 참고","https://www.cheongdo.go.kr","2026-03-16","2026-04-06"
"826 ","(재)중구인재육성장학재단","특기(또는 재능)장학생","지자체(출자출연기관)","장학금","지역연고","해당없음","해당없음","해당없음","해당없음","○100만원","○ 고등학교 재학생○ 전국대회 3위 이내※입상성적은 개인 수상실적이어야 하며 단체 수상실적은 제외","○ 공고일 기준 서울시 중구에 주민등록을 두고 1년 이상 거주하고 있는 자","○ 서류심사 (장학생 종류별 세부평점기준표에 의거 장학생선정심사위원회에서 선발)","○ 4명 (초/중/고등학생 포함)","○ 국가/지방자치단체/타재단/학교/민간등으로부터 장학금을 지원받은 자○ 선발분야 1개 분야만 신청 가능○ 1가구당 1명만 신청 가능○ 2025년 상반기 본재단 수혜자는 선발 후순위※ 자세한 사항은 첨부파일 또는 홈페이지 참고","○ 학교장 또는 동장의 추천","○ 장학생 신청서 및 추천서○ 직전학기 성적증명서/생활기록부○ 지방세세목별과세증명서○ 통장사본○ 임대차계약서 (해당자)○ 가점증빙서류 (해당자)○ 개인 입상성적 증빙서류※ 자세한 사항은 첨부파일 또는 홈페이지 참고","http://www.junggu.seoul.kr","2025-10-24","2025-11-07"
"827 ","재단법인 증평군민장학회","희망드림 장학금","지자체(출자출연기관)","장학금","해당없음","해당없음","해당없음","해당없음","※ 기관확인필요","○ 100만원","○ 본인 또는 부모가 기초생활수급자/차상위계층/한부모가족지원대상자로 등록되어 있는 자 중 타의 모범이 되는 자","○ 공고일 현재 증평군 관내 고등학교 재학중인 자","○ 선발기준에 의거 장학생선발심의위원회에서 선발","○ 7명","○ 2026년 증평군민장학회의 다른 장학금을 수혜받는 자○ 2025년 중 휴학자/군입대자/졸업예정자○ 소속 학교에서 퇴학/휴학 및 징계처분을 받은 자※ 자세한 사항은 첨부파일 또는 홈페이지 참고","○ 관내 고등학교장 추천","○ 장학생 신청서○ 장학생 추천서○ 서약서○ 주민등록등본 또는 가족관계증명서○ 통장사본※ 자세한 사항은 첨부파일 또는 홈페이지 참고","https://www.jp.go.kr/","2026-03-06","2026-03-16"
"828 ","산청양수장학회","특별장학생","지자체(출자출연기관)","장학금","지역연고","해당없음","해당없음","해당없음","해당없음","○ 60만원","○ 발전소 건설로 인한 이주자 또는 토지 등의 보상자의 자녀○ 기타사유(한부모가정/ 한계소득가정 등)로 장학금이 필요하다고 학교장이 특별추천하는 고등학생○ 예·체능 특기자로서 20241학기 중에 도 단위 이상의 대회에서 입상한 학생○ 다문화가정의 자녀※ 자세한 사항은 첨부파일 또는 홈페이지 참고","○ 발전소주변지역 지원에 관한 법률 제2조에 정한 발전소주변지역에 공고일 포함 2년 이상 계속 거주하는 주민 또는 그 자녀※ 발전소 주변지역 : 산청군 시천면※ 자세한 사항은 첨부파일 또는 홈페이지 참고","※ 기관확인필요","○ 25명 (일반장학생 포함 인원)","○ 1가구 1인 선발○ 만 30세 초과자○ 교육부에서 인가하지 않은 학교에 재학 중인 학생※ 자세한 사항은 첨부파일 또는 홈페이지 참고","○ 고등학교장의 추천※ 관외지역 재학생의 경우 개별 지원서 접수※ 자세한 사항은 첨부파일 또는 홈페이지 참고","○ 장학생 선발 추천서○ 개인정보 수집·이용 제공 동의서○ 통장 사본○ 보호자 또는 본인의 주민등록초본○ 가족관계증명서○ 재학증명서 성적증명서○ 생활·보호대상자 등 증명서류○ 수상을 증명하는 서류 원본 및 사본○ 토지 등 보상 영수증 사본※ 자세한 사항은 첨부파일 또는 홈페이지 참고","https://www.sancheong.go.kr/","2025-09-29","2025-10-17"
"829 ","사단법인남해군향토장학회","가정형편 장학금","지자체(출자출연기관)","장학금","소득구분","해당없음","해당없음","해당없음","○ 가정형편이 어려운 자","○ 50만원","○ 관내 고등학교 재학생 중 학교장의 추천을 받은 자","○ 선발공고일 현재 부모가 남해군에 주소를 두고 있는 학생","※ 기관확인필요","○ 7명(각 학교별 1명)","※ 기관확인필요","○ 학교장 추천","○ 장학생 신청서○ 개인정보 수집·이용·제공 및 조회 동의서○ 학교장 추천서○ 주민등록 등본○ 통장사본※ 자세한 사항은 첨부파일 또는 홈페이지 참고","http://www.namhae.go.kr","2026-01-02","2026-01-22"
"830 ","영암군미래교육재단","학교밖청소년장학금","지자체(출자출연기관)","장학금","기타","해당없음","해당없음","해당없음","해당없음","○ 50만원","○ 영암군청소년상담복지센터에 등록된 학교 밖 청소년○ 고1 학령기○ 학교 입학생에 준함","해당없음","○ 선발 심사는 서류심사 원칙(분야별 심사요건·선정기준 등)으로 함○ 지원대상자 선발은 (재)영암군민장학회 이사회 심의를 거쳐 최종 결정후 확정함","○ 2명","※ 기관확인필요","해당없음","○ 장학금 신청서○ 개인정보 수집·이용 동의서○ 신청인 서약서○ 학교밖 청소년 기관 이용 확인서(청소년센터 발급)○ 통장계좌 사본※ 자세한 사항은 첨부파일 또는 홈페이지 참고","https://yeongam.go.kr","2026-04-13","2026-05-12"
"831 ","재단법인 전남인재평생교육진흥원","기회균등 장학생","지자체(출자출연기관)","장학금","지역연고","해당없음","해당없음","○ 해당없음","○ 소득인정액 기준 중위소득 150% 이내의 가정 중 다음 어느 하나에 해당되는 사람○ 국민기초생활수급자 및 차상위 계층자/다문화가정/한부모(조손)가정/새터민가정/장애인가정/국가유공자와 그 자녀 및 손자녀","○ 100만원※ 학업장려금으로 이중수혜 가능","○ 현재 고등학교에 재학 중인 자","○ 공고일 기준 학생 본인 또는 보호자가 1년 이상 전라남도에 주민등록 되어 있는 학생","○ 소득 70% + 에세이 30% + 지역공헌활동(가점 10점) 평가※ 동점자의 경우 저소득계층 우선","○ 213명(중등/고등/대학생 포함)","○ 진흥원에서 추진하는 사업에 선정되어 지원금을 받고 있는 경우(중복수혜 금지사업에 해당할 경우) 장학금에 중복하여 신청 및 선발 불가○ 동시 지원 시 선접수된 지원서만 심사○ 1가구 2명 이상이 선발대상자일 경우 1인만 선발○ 자퇴/퇴학 시 지원 중단되며 반납해야함※ 자세한 사항은 첨부파일 또는 홈페이지 참고","○ 도 심사 및 추천","○ 장학금신청서○ 주민등록등본○ 가족관계증명서○ 재학증명서○ 개인정보 수집·이용 및 제공·조회 동의서○ 장학금 지급 통장사본○ 건강보험료 납부확인서 및 건강보험 자격확인서○ 행정정보 공동이용 서비스○ 봉사활동 확인서(가점)※ 자세한 사항은 첨부파일 또는 홈페이지 참고","https://www.jntle.kr","2026-04-17","2026-05-15"
"832 ","재단법인김제사랑장학재단","모두누리 진학격려금","지자체(출자출연기관)","장학금","지역연고","해당없음","해당없음","※ 자세한 사항은 첨부파일 또는 홈페이지 참고","해당없음","○ 50~250만원","○ 관내 초/중/고 졸업 후 관내 중/고/대학에 진학한 학생","○ 공고일 기준 부모가 1년 이상 김제에 주소를 두고 거주하는 시민의 자녀","※ 기관확인필요","※ 기관확인필요","○ 기선발 고등학교 진학생은 제외○ 김제시 관외로 거주지 변경○ 김제시 지역 학교에서의 학업을 중단","해당없음","○ 격려금지원신청서○ 주민등록등본 및 주민등록 초본○ 개인정보제공동의 및 활용 승낙서○ 통장사본○ 출신고등학교 졸업증명서 및 대학 재학증명서※ 자세한 사항은 첨부파일 또는 홈페이지 참고","http://www.gimjelove.kr","2025-02-25","2025-02-27"
"833 ","재단법인 안산인재육성재단","문화.예술.체육.기능 장학생","지자체(출자출연기관)","장학금","해당없음","해당없음","해당없음","※ 자세한 사항은 첨부파일 또는 홈페이지 참고","○ 기초수급자 차상위계층 한부모가정 장애여부 세자녀 이상 다문화가정","○ 1인(팀)당 100만원","○ 공고일 현재 2년간 전국단위 대회에서 3위 이상 입상한 사람 또는 팀○ 공고일 현재 2년간 도단위 대회에서 3위 이상 입상한 사람 또는 팀○ 공고일 현재 2년간 시단위 대회에서 1위 이상 입상한 사람 또는 팀","○ 공고일 현재 3년 이상 계속하여 주민등록을 두고 거주하거나 합산 10년 이상 주민등록을 두고 안산시에 거주하고 있는 안산시 및 타 시궁구 소재의 초중고등학교에 재학중인 학생","○ 법정저소득층 장애 다자녀 안산시 거주기간 배점부여○ 동점일 경우 고등중등초등 순으로 선발 등※ 자세한 사항은 첨부파일 또는 홈페이지 참고","○ 문화장학금: 10명○ 예술장학금: 20명○ 체육장학금: 40명○ 기능장학금: 10명○ 총 80명(팀)","○ 개인은 본인이름으로 수여한 상장 또는 팀은 팀명으로 수여한 상장이 아닐 경우○ 안산시 장학생으로서 품위를 손상할 경우※ 자세한 사항은 첨부파일 또는 홈페이지 참고","○ 추천권자(학교장 및 문화예술체육기능 관련 기관장)의 추천","○ 장학생 추천서○ 서약서○ 본인 주민등록 초본○ 본인 통장사본 등 ※ 자세한 사항은 첨부파일 또는 홈페이지 참고","https://www.ansanfys.or.kr","2026-03-30","2026-04-10"
"834 ","아이들과 미래재단","우리 꿈.꾸.당(堂)","기타","장학금","해당없음","해당없음","해당없음","해당없음","○ 전국 학교 및 사회복지 유관기관 소속 저소득 중·고등학생○ 기준 중위소득 100% 이하 가정(우대)","○ 400만원(1인/연)","○ IT/음악/미술/체육 등 다양한 분야에 재능이 있는 고등학생 또는 이에 준하는 연령의 학교 밖 청소년※ 자세한 사항은 첨부파일 또는 홈페이지 참고","○ 도서 벽지 지역 거주 또는 소재 학교 재학 중인 청소년","○ 서류심사/  온라인 면접심사/  합격발표","○ IT: 25명 내외 (중1~고3)○ 음악/미술/체육: 각 10명 내외 (중1~고3)","※ 자세한 사항은 첨부파일 또는 홈페이지 참고","○ 학교 선생님 또는 사회복지사 추천 필요","○ 신청서○ 개인정보 수집/이용 및 제 3자 제공 동의서 / 초상권활용동의서○ 장학생 자기소개서○ 담당자 추천서 (학교 선생님 또는 사회복지사)○ 재능 분야 전문가 추천서(선택)○ 지원금 활용 계획서○ 재능 증빙 자료○ 주민등록등본○ 가족관계증명서(상세)○ 건강보험 자격확인서 / 건강보험료 납부확인서(25년 10~12월) (또는 기초생활 수급자증명서/차상위증명서/한부모증명서)※ 자세한 사항은 첨부파일 또는 홈페이지 참고","https://www.fyf.or.kr","2026-01-26","2026-02-08"
"835 ","달서인재육성장학재단","달서구체육회 특기장학생","지자체(출자출연기관)","장학금","해당없음","해당없음","해당없음","해당없음","해당없음","○ 80만원","○ 선발분야 : 체육○ 광역시·도 단위대회 우승자 또는 전국규모 이상 대회 3위 이상 입상자○ 공고일 기준 1년 이내 수상실적만 인정","○ 선발 공고일 현재 1년 이상 달서구 관내 주소를 두고 거주하는 구민 또는 그 자녀로서 고등학교 재학 중인 학생","○ 상위대회 입상자 우선으로 하며 주최 대상에 따라 정부기관·공공기관>해당단체>기타 순으로 선발○ 동점자는 심의위원회에서 순위 결정","○ 1명","○ 2026년도 달서인재육성장학재단 장학생 선발 제외","○ 달서구 체육회장 추천 필요","○ 특기 장학생 신청 및 추천서○ 대회 최고 입상 성적 1개 및 대회요강○ 체육 특기(달서체육회)장학생 신청 및 추천○ 주민등록등본○ 개인(신용)정보 수집·이용·제공 및 조회 동의서 / 서약서○ 품행 및 장학금 수혜여부 확인서○ 신청자 본인 통장 사본※ 자세한 사항은 첨부파일 또는 홈페이지 참고","https://www.dalseoij.org","2026-08-31","2026-09-28"
"836 ","경기도교원단체총연합회","한국교총미래엔 장학생","기타","장학금","해당없음","해당없음","해당없음","해당없음","※ 기관확인필요","○ 50만원","○ 경제적 어려움이 있는 사회적 배려 계층 학생","○ 경기도 내 거주","※ 기관확인필요","○ 경기도 내 1명","※ 기관확인필요","○ 경기도교원단체 추천","○ 한국교총미래엔 장학생 후보 지원 서식 각 1부○ 주민등록등본 또는 가족관계증명서 원본○ 자격요건 증빙서류※ 자세한 사항은 첨부파일 또는 홈페이지 참고","https://www.kgfta.or.kr/main/view","2025-08-18","2025-09-15"
"837 ","재단법인 기독교대한감리회장학재단","계통 국제대안학교 장학금","기타","장학금","해당없음","해당없음","해당없음","해당없음","해당없음","○ 100만원","○ 기독교대한감리회 계통 국제대안학교○ 감리교회 출석 학생○ 유학 준비생","해당없음","※ 기관확인필요","○ 00명","※ 기관확인필요","○ 교목 추천○ 학교장 추천","○ 학교 공문○ 장학금신청서○ 교목 추천서○ 학교장 추천서○ 학생활기록부 사본○ 학교통장사본○ 2025년 교회통계표 사본○ 신앙에세이○ 주민등록등본※ 자세한 사항은 첨부파일 또는 홈페이지 참고","http://kmc.or.kr","2026-06-09","2026-07-31"
"838 ","광주남구장학회","일반장학생","지자체(출자출연기관)","장학금","지역연고","해당없음","해당없음","○ 25년 1학기 성적 전과목 평균 5등급 이내※ 고1의 경우 3등급 이내","○ 25년도 기준 중위소득 150%이하인 가구※ 직계가족의 3개월 평균 국민건강보험료 산정","○ 50만원","○ 유형별 자격 및 요건 충족한 고등학생","○ 공고일 현재 광주광역시 남구에 주민등록상 1년 이상 주소를 두고 있는 주민과 그 자녀","○ 서류심사 : 제출서류 신청요건 충족 및 직전학기 성적 등 확인○ 최종선발 : (재)남구장학회 장학생 선발 심사위원회 심의","○ 14명","○ 1가구당 1인 신청 가능○ 최근 2년 남구장학회 장학생으로 선발된 자※ 자세한 사항은 첨부파일 또는 홈페이지 참고","해당없음","○ 장학생 신청서○ 주민등록표등본○ 학생 명의의 가족관계증명서○ 건강보험 자격확인서○ 건강보험료 납부확인서○ 2025학년도 1학기 학교 생활기록부○ 개인정보 수집/이용/제공 및 조회 동의서○ 통장 사본○ 가정환경 세대구성 관련증명서 (해당자)※ 자세한 사항은 첨부파일 또는 홈페이지 참고","https://www.namgu.gwangju.kr","2025-09-29","2025-10-17"
"839 ","재단법인 연수큰재장학재단","복지장학생","지자체(출자출연기관)","장학금","지역연고","해당없음","해당없음","○ 2025년 1학기 성적이 평균석차 1학년은 3등급 2/3학년은 5등급 이내","○ 국민기초생활수급자 / 차상위계층 / 중증장애인/ 기준중위소득 100% 이하 가정의 자녀※ 자세한 사항은 첨부파일 또는 홈페이지 참고","○ 100만원 (생활비성 장학금)","○ 국민기초생활수급자 / 차상위계층 / 중증장애인 / 기준중위소득 100% 이하 가정의 자녀○ 장학생으로 선발된 학생은 본 재단에서 주최하는 행사에 적극적으로 참여하여야 함※ 자세한 사항은 첨부파일 또는 홈페이지 참고","○ 공고일로부터 12개월 전부터 공고일까지 계속하여 연수구에 주민등록이되어 있는 학생 또는 부·모(또는 보호자)의 자녀","○ 성적 재산 소득수준 거주기간 지자체 단체장상 다자녀 여부 순으로 종합적 평가가※ 자세한 사항은 첨부파일 또는 홈페이지 참고","○ 15명","○ 국외유학생○ 1개 분야만 신청 가능○ 한 가구 내 2인 이상 지원 시 선발 평가 대상을 1인으로 한함※ 자세한 사항은 첨부파일 또는 홈페이지 참고","○ 학교장 / 동장 / 정부기관 산하 청소년 및 사회복지 기관장 / 기초자치단체장의 추천※ 자세한 사항은 첨부파일 또는 홈페이지 참고","○ 개인(신용)정보 수집·이용·제공 및 조회 동의서○ 재학증명서○ 주민등록초본○ 장학생신청서○ 장학생추천서○ 성적증명서 확인○ 기초생활수급 증명서 / 차상위계층 확인서 또는 한부모가족증명서 / 중증장애인 증명서 / 건강보험료 납부확인서(해당자)○ 가족관계증명서※ 자세한 사항은 첨부파일 또는 홈페이지 참고","https://ysjaedan.imweb.me ","2025-09-24","2025-10-31"
"840 ","(재)중구인재육성장학재단","다문화 성적우수 장학생","지자체(출자출연기관)","장학금","해당없음","해당없음","해당없음","○ 2024년도 2학기 성적이 상위 30% 이내인 학생","해당없음","○ 1인당 100만원","○ 인성이 올바른 다문화 가정의 자녀","○ 공고일 기준으로 중구에 주민등록(또는 외국인등록상 거소)을 두고 1년 이상 연속으로 거주하고 있는 고등학생","○ 서류심사를 통해 장학생선정심사위원회에서 선발","○ 4명 ","○ 국가 또는 지자체/타기관/학교/민간 등으로부터 장학금을 지원 받는 자○ 선발분야 중 1개 분야만 신청 가능○ 1세대 당 1명으로 하되 다자녀(2자녀 이상) 세대의 경우 예산의 범위 안에서 심의를 통해 추가선발할 수 있음※ 자세한 사항은 첨부파일 또는 홈페이지 참고","○ 관내 학교장 추천 필요","○ 장학생 신청서 및 추천서○ 신청대상자의 직전학기 성적증명서 (또는 생활기록부)○ 주민등록등/초본○ 부/모의 지방세세목별과세증명서○ (자가가 아닌경우) 임대차계약서○ 가점증빙서류○ 신청대상자 또는 학부모의 통장사본○ 다문화 가정임을 증빙할 수 있는 서류※ 자세한 사항은 첨부파일 또는 홈페이지 참고","www.junggu.seoul.kr","2025-05-26","2025-06-09"
"841 ","재단법인보은군민장학회","유망선수장학금","지자체(출자출연기관)","장학금","특기자","해당없음","해당없음","해당없음","○ 가정형편이 어려워 지원을 필요로 하는 자※ 자세한 사항은 첨부파일 또는 홈페이지 참고","○ 50만원","○ 관내 초·중·고등학교 졸업생으로 학교 운동부에 가입하여 체육활동을 하고 있는 자○ 전국체전/ 소년체전/ 기타 대회에서 우수한 성적을 거양한 자○ 선수활동 및 가정생활에서 타의 귀감이 되는 자※ 자세한 사항은 첨부파일 또는 홈페이지 참고","○ 공고일 현재 부·모·본인 중 1명 이상이 보은군에 1년 이상 주민등록을 두고 계속 거주한 자","※ 기관확인필요","○ 총 20명 내외 (초중고대 총합)","○ 공고일 현재 선수생활을 중단한 자○ 공고일 현재 주민등록상 주소지가 타 지역으로 되어 있는 자○ 학업을 중단하고 취업을 하였을 경우○ 기타 지원하기가 부적합하다고 판단되어지는 경우 ※ 자세한 사항은 첨부파일 또는 홈페이지 참고","○ 학교장 추천※ 자세한 사항은 첨부파일 또는 홈페이지 참고","○ 학교장 추천서 및 개인별경기성적내역○ 주민등록 등본○ 각종 대회 출전 수상기록대장 및 상장 사본○ 개인정보동의서○ 가정형편이 어려움을 증명할 수 있는 서류○ 본인 통장사본※ 자세한 사항은 첨부파일 또는 홈페이지 참고","http://www.boeun.go.kr/","2024-11-25","2024-12-08"
"842 ","사단법인봉화군교육발전위원회","다자녀장학생","지자체(출자출연기관)","장학금","지역연고","해당없음","해당없음","해당없음","해당없음","○ 50만원","○ 자녀가 3명 이상인 가정의 자녀○ 셋째 자녀 기준으로 해당 학생이 관내 중·고등학교에 재학 중인 학생","○ 신청일 현재 본인 또는 부·모·보호자 중 1인이 봉화군에 주민등록 주소지를 두고 있는 군민 (고등학생은 본인이 봉화군에 주소를 두고 있어야 함)","○ 학교장 추천 및 장학위원회 심의 의결을 거쳐 선발","○ 10명(중·고등학생 포함)","○ 최근 3년간 다자녀 부문 장학금 수혜자 제외○ 이장·새마을지도자·의용소방대·저소득층 자녀 장학금 대상자는 신청 불가○ 학교 등 타 기관으로부터 등록금액을 초과하여 장학금을 받고 있지 아니할 것※ 자세한 사항은 첨부파일 참고","○ 학교장 추천에 의한 일괄 신청","○ 장학생 추천서○ 주민등록초본○ 장학금 지급신청서○ 서약서○ 개인정보 제공 및 수집 동의서○ 가족관계증명서※ 자세한 사항은 첨부파일 또는 홈페이지 참고","http://www.bonghwa.go.kr","2026-04-15","2026-05-14"
"843 ","만세보령장학회","다자녀가정자녀장학금","지자체(출자출연기관)","장학금","기타","해당없음","해당없음","해당없음","해당없음","○ 50만원","○ 관내 고등학교 재학생○ 둘째이상 자녀를 출산 또는 입양하여 양육하는 가정의 자녀로 가정형편이 어려운 학생 및 품행이 바른 학생으로 학교장이 추천하는 학생","○ 신청공고일 기준 현재 보령시에 3개월전 주민등록이 되어 있는 학생 (또는 부모의 자)","※ 기관확인필요","○ 00명","○ 타 장학금 수혜자 제외","○ 학교장 추천","○ 만세보령장학금 신청추천서○ 개인정보 이용정보 제공 동의서○ 서약서○ 성적증명서○ 주민등록등본 (학생 주소가 다를 경우 가족관계증명서)○ 해당자 제출서류※ 자세한 사항은 첨부파일 또는 홈페이지 참고","http://www.brscholarship.com","2026-03-24","2026-04-06"
"844 ","횡성인재육성장학회","체육특기부문","지자체(출자출연기관)","장학금","특기자","해당없음","해당없음","해당없음","해당없음","○ 50만원","○ 아래에 해당하는 입상경력이 있는 자○ 전국(소년)체육대회/동계체육대회 3위 이내 입상자○ 종목별 전국단위 1위 이내 입상자○ 종목별 전국동계대회 1위 이내 입상자○ 기본요건: 대한체육회(경기단체)에 등록된 선수에 한함","○ 신청일 현재 본인 또는 보호자의 주민등록 주소지가 1년 이상 계속하여 횡성군에 등록되어 있는 자","○ 선발기준에 따라 배점을 합산하여 점수가 높은 자 선발※ 자세한 사항은 첨부파일 또는 홈페이지 참고","○ 7명 (중고 총합)","○ 2026 횡성인재육성장학회 장학금(향토장학금/ 예체능미래인재장학금) 수혜자○ 농업인자녀학자금/다자녀학자금 대상자○ 새마을지도자/의용소방대 장학금 대상자○ 대한체육회 가맹경기단체 등록선수가 아닌 자※ 자세한 사항은 첨부파일 또는 홈페이지 참고","해당없음","○ 지원신청서○ 개인정보동의서○ 자기소개서○ 주민등록초본 또는 등본○ 상장사본 또는 경기실적증명서○ 선수등록확인서※ 자세한 사항은 첨부파일 또는 홈페이지 참고","https://www.hssf.or.kr","2026-02-04","2026-02-19"
"845 ","재단법인 전남인재평생교육진흥원","전라남도장학생","지자체(출자출연기관)","장학금","지역연고","해당없음","해당없음","○ (신규선발) 직전 학기 성적 평균 80점 이상○ (계속지원) 직전학기 성적 평균 80점점※ 복학생은 휴학 직전학기 성적","○ 소득인정액 기준 중위소득 180% 이하","○ 신규선발 100만원/계속지원 200만원※ 선정된 고등학생이 다음연도 1학기에 희망 대학교 및 학과에 진학할 경우(재수생 제외) 졸업 시까지 대학 정규학제 기간만 지원하며 휴학기간(최대 2년/군휴학 별도)은 제외됨","○ 학업 성적이 우수하고 리더십이 뛰어난 고교 3학년을 선발하여 희망대학에 진학할 경우 고교 3학년부터 대학 졸업(4년) 시까지 장학금 지원","○ 공고일 기준 학생 본인 또는 보호자(부 또는 모/후견인)가 1년 이상 전라남도에 주민등록 되어 있는 학생","○ (신규선발/고3) 성적(40%) 소득(20%) 면접(40%)○ (계속지원) 재학생은 성적 100%평가 / 신입생은 진학 여부 100% 평가가","○ (유형1/신규선발) 20명(고교 3학년 대상/하반기)○ (유형2/계속지원)  (기 선정자 대상/미래인재 장학생 포함)","○ 진흥원에서 추진하는 사업에 선정되어 지원금을 받고 있는 경우(중복수혜 금지사업에 해당할 경우) 장학금에 중복하여 신청 및 선발 불가○ 동시 지원 시 선접수된 지원서만 심사○ 1가구 2명 이상이 선발대상자일 경우 1인만 선발○ 자퇴/퇴학 시 지원 중단되며 반납해야함※ 자세한 사항은 첨부파일 또는 홈페이지 참고","○ 해당없음","○ 장학금신청서○ 주민등록등본○ 가족관계증명서○ 재학증명서○ 개인정보 수집·이용 및 제공·조회 동의서○ 장학금 지급통장 사본○ 에세이(신규선발)○ 직전학기 성적증명서○ 건강보험료 납부확인서 및 건강보험 자격확인서○ 행정정보 공동이용 서비스○ 봉사활동확인서(가점)※ 자세한 사항은 첨부파일 또는 홈페이지 참고","https://www.jntle.kr","2026-04-17","2026-05-15"
"846 ","영암군미래교육재단","장애가정학생장학금","지자체(출자출연기관)","장학금","장애인","해당없음","해당없음","해당없음","○ 국민기초생활수급자 및 차상위 계층","○ 150만원","○ 부모 또는 본인이 장애 3등급 이상의 국민기초생활수급자 및 차상위 계층※ 자세한 사항은 첨부파일 또는 홈페이지 참고","○ 부 또는 모와 학생 본인이 장학생 선발 공고 당시 3년 이상 영암군에 주소를 두고 현재 거주하는 자로서 관내 학교에 재학 중인 고등학생","○ 선발 심사는 서류심사 원칙(분야별 심사요건·선정기준 등)으로 함○ 지원대상자 선발은 (재)영암군민장학회 이사회 심의를 거쳐 최종 결정후 확정함※ 신청자가 많을 경우 저소득계층 우선 선발","○ 5명","※ 기관확인필요","해당없음","○ 장학금 신청서○ 개인정보 수집·이용 동의서○ 신청인 서약서○ 통장계좌 사본○ 주민등록초본○ 가족관계증명서○ 장애인 증명서○ 기초생활수급자 증명서 또는 차상위 계층 확인서※ 자세한 사항은 첨부파일 또는 홈페이지 참고","https://yeongam.go.kr ","2026-04-13","2026-05-12"
"847 ","서울미래인재재단","서울미래꿈터장학금","지자체(출자출연기관)","장학금","기타","해당없음","1학년2학년3학년제한없음","해당없음","○ 기초생활수급자○ 법정차상위계층○ 가정의 경제위기 상황 등으로 대안학교장이 추천한 자","○ 200만원○ 300만원","○ 비인가 대안학교에 재학 중인 저소득 청소년(중·고 교육과정) 중 진로목표가 명확하고 자기주도적인 학습 및 진로개발 의지가 있는 자","○ 서울소재 비인가 대안학교 재학생","○ 사무국 심사/서류심사/장학생 선정위원회 심사순","○ 112명","○ 장학금 수혜기간 중 대안학교 학업 미수행○ 허위사실/ 부정한 방법으로 장학생으로 선정됨이 확인될 경우","○ 학교장 추천필요","○ 장학금신청서○ 자기소개서○ 학교장 추천서○ 개인정보 수집 및 이용 동의서○ 소득 증빙 서류 택1 (해당자)※ 자세한 사항은 첨부파일 또는 홈페이지 참고","https://www.hissf.or.kr ","2026-04-07","2026-04-21"
"848 ","법무법인 세움","이룸 장학생","기타","장학금","해당없음","해당없음","1학년","○ 중간·기말 국/영/수/사/과 성적 각 상위 40% 이내 (5등급제 적용 시 2등급 이내)","○ 아래 사항 중 하나에 해당하는 자 보육시설 및 그룹 홈에서 성장한 청소년으로 2026학년도 고등학교 신입생 저소득층 가정으로 2026학년도 고등학교 신입생","○ 학기당 300만원 (최대 5학기)","○ 서울특별시 소재 고등학교 1학년 학생","해당없음","※ 기관확인필요","○ 총 10명 (학교당 최대 추천 인원 3명)","○ 타 기관의 후원 또는 장학금을 받는 장학생은 지원 불가","○ 담임교사 또는 장학담당교사 추천","○ 공통서류 신청서 자기소개서 주민등록등본 담임교사 또는 장학담당교사추천서 개인정보 수집 및 이용동의서 1학기 중간·기말고사 성적표 생활기록부※ 자세한 사항은 첨부파일 또는 홈페이지 참고","https://www.seumlaw.com/","2026-07-01","2026-07-23"
"849 ","하동군장학재단(하동군청)","수능성적우수장학생","지자체(출자출연기관)","장학금","성적우수","해당없음","해당없음","○ 대학수학능력시험 4개 영역 평균 2등급 이내인 학생 또는 대학수학능력시험 4개 영역 중 3개 영역 합 5등급(문과)/ 6등급(이과)이내인 자","해당없음","○ 4개 영역 평균 2등급 이내 : 500만원○ 4개 영역 중 3개 영역 합 5등급(문과)6등급(이과) : 300만원","○ 관내 고등학교 3학년 재학생","○ 군내에 직계존속과 학생이 신청일 현재 1년 이상 주민등록을 두고 있는 자","※ 기관확인필요","○ 이사회 심의","○ 공고일 현재 정학/ 퇴학 등 징계처분 받은 자","○ 학교장 추천","○ 학생 및 직계존속(부/모) 주민등록 초본○ 장학생 추천서○ 수능 성적표 사본○ 대학 합격통지서※ 자세한 사항은 첨부파일 또는 홈페이지 참고","http://scholarship.hadong.go.kr","2026-01-13","2026-01-15"
"850 ","순천시인재육성장학회","K디즈니 순천 장학금","지자체(출자출연기관)","장학금","해당없음","해당없음","해당없음","해당없음","해당없음","○ 100만원","○ 순천시 관재 소자 고등학교의 재학생○ 관내 재학 중인 웹툰애니메이션 관련학과 학생※자세한 사항은 첨부파일 또는 홈페이지 참고","○ 공고일 현재 보호자 또는 학생 본인이 순천시에 주민등록을 두고 6개월 이상 계속 거주하고 있는 고등학생","○ 선발 심사는 서류 심사를 원칙으로 함○ 장학생은 순천시인재육성장학회 이사회에서 최종 심의의결 결정","○ 10명","○ 1가구에 1명만 지금","○ 고등학교 장","○ 순천시인재육성장학금 신청서○ 개인정보 수집이용 및 제공조회 동의서○ 주민등록등본○ 가족관계증명서○ 재학증명서○ 통장 사본※ 자세한 사항은 첨부파일 또는 홈페이지  참고","http://www.scij.kr/","2025-09-29","2025-10-24"
"851 ","진주시청","다자녀장학생","지자체(출자출연기관)","장학금","기타","해당없음","해당없음","○ 직전학기 평균 석차등급 5등급 이내","해당없음","○ 50만원","○ 공고일 기준 고등학교에 재학중인 학생○ 자녀 2명 이상 가구","○ 공고일 기준 학생 또는 보호자가 진주시에 1년 이상 주소를 두고 계속 거주중인 자","○ 대상자의 학업성적/ 가구유형/ 자녀수/ 대회성적/ 거주기간 등을 종합적으로 고려","○ 20명","※ 자세한 사항은 첨부파일 또는 홈페이지 참고","○ 학교장 추천","○ 장학생 선발 신청서○ 학교장 또는 읍면동장 추천서○ 재학증명서○ 주민등록초본○ 개인정보 수집 및 이용 동의서○ 성적증명서○ 부모의 가족관계증명서※ 자세한 사항은 첨부파일 또는 홈페이지 참고","https://www.jinju.go.kr/","2025-10-13","2025-10-17"
"852 ","(재)중구인재육성장학재단","외국인 성적우수 장학생","지자체(출자출연기관)","장학금","해당없음","해당없음","해당없음","○ 2024년도 2학기 성적이 사위 30% 이내인 학생","해당없음","○ 1인당 100만원","○ 인성이 올바은 외국인 가정의 자녀","○ 공고일 기준으로 중구에 주민등록(또는 외국인등록상 거소)을 두고 1년 이상 연속으로 거주하고 있는 고등학생","○ 서류심사를 통해 장학생선정심사위원회에서 선발","○ 4명","○ 국가 또는 지자체/타기관/학교/민간 등으로부터 장학금을 지원 받는 자○ 선발분야 중 1개 분야만 신청 가능○ 1세대 당 1명으로 하되 다자녀(2자녀 이상) 세대의 경우 예산의 범위 안에서 심의를 통해 추가선발할 수 있음※ 자세한 사항은 첨부파일 또는 홈페이지 참고","○ 관내 학교장 추천 필요","○ 장학생 신청서 및 추천서○ 신청대상자의 직전학기 성적증명서 (또는 생활기록부)○ 주민등록등/초본○ 부/모의 지방세세목별과세증명서○ (자가가 아닌경우) 임대차계약서○ 가점증빙서류○ 신청대상자 또는 학부모의 통장사본○ 외국인 가정임을 증빙할 수 있는 서류※ 자세한 사항은 첨부파일 또는 홈페이지 참고","www.junggu.seoul.kr","2025-05-26","2025-06-09"
"853 ","경상북도청","포플라장학생","지자체(출자출연기관)","장학금","지역연고","해당없음","해당없음","해당없음","해당없음","○ 100만원","○ 도내에 거주하는 임업인 및 산림분야 종사자의 자녀 중 국내 소재 고등학교 재학생 (전공/학과 무관)○ 시/군에서 대상자 미추천/부적격 대상자일 시 도내 소재 임업 관련 고등학교 재학생 중 성적 우수 모범학생","○ 경상북도 도내 거주하는 자의 자녀","○ 학업성적과 가산점을 합한 점수의 상위순으로 선발 (대학생 우선)○ 동점자 처리: 임업전공자 국가유공자 장애인 기초생활수급자※ 자세한 사항은 첨부파일 또는 홈페이지 참고","○ 22명 (고등학생/대학생 포함)※ 시/군당 1명씩 추천","○ 휴학생 및 사이버 학교 제외※ 자세한 사항은 첨부파일 또는 홈페이지 참고","○ 시장/군수 추천○ 학교장 추천","○ 장학금 지급대상자 추천서○ 재학증명서○ 주민등록등본○ 직전학기 성적증명서○ 임업인을 증명하는 서류 또는 부모 재직(경력)증명서 및 가족관계 증명서(임업인 및 산림분야 종사자 자녀)○ 가산점 증빙서류 (해당자)※ 자세한 사항은 첨부파일 또는 홈페이지 참고","https://www.yc.go.kr","2023-11-10","2023-11-17"
"854 ","재단법인 대구광역시인재육성장학재단","기능경기대회 훈련생 장학금","지자체(출자출연기관)","장학금","특기자","해당없음","해당없음","해당없음","○ 저소득층 및 사각지대 소외계층 학생","○ 100만원(매월 10만원씩 3~12월 지급)※ 자세한 사항은 첨부파일 또는 홈페이지 참고","○ 특성화고 및 마이스터고 재학생○ 기능경기대회 2학년 훈련 우수학생","해당없음","※ 기관확인필요","○ 50명","○ 지급 제한○ 장학금 수령자가 학업을 중단할 때○ 징계 처분을 받았을 때○ 품행이 불량할 때○ 부정 선발되었을 때○ 사회적 물의 야기 시※ 자세한 사항은 첨부파일 또는 홈페이지 참고","○ 소속 학교장 추천","○ 학교장추천서○ 사유서(학교 세외계좌일 경우ㅁ)○ 개인정보 수집·이용 동의서○ 통장사본※ 자세한 사항은 첨부파일 또는 홈페이지 참고","https://www.dge.go.kr/nature","2026-03-25","2026-05-01"
"855 ","재단법인 구미시장학재단","기회균등장학금","기타","장학금","소득구분","해당없음","해당없음","○ 직전학년 성적이 100분의 30이내","○ 1순위 : 기초생활수급자○ 2순위 : 차상위계층○ 3순위 : 한부모가정","○ 50만원","○ 관내 고등학교 재학생 중 생활형편이 어려운 자","○ 공고일 현재 본인 또는 구미시에 1년 이상 주소를 두고 있는 시민의 자녀 중 관내 고등학생","○ 학교장 추천 선발","○ 21명(관내 21개 고등학교/학교별 1명 추천)","○ 1인당 1종류의 장학금 신청만 가능○ 26년 서울 구미학숙 입사생은 선발대상에서 제외","○ 학교장 추천","※ 자세한 사항은 첨부파일 또는 홈페이지 참고","http://www.gumi/go.kr","2026-04-27","2026-05-08"
"856 ","(재)제주평생교육장학진흥원","희망장학금","지자체(출자출연기관)","장학금","지역연고","해당없음","해당없음","○ 2025학년도 2학기 국어/수학/영어 교과(군)의 가중점수의 평균이 높은 순으로 선발※ 자세한 사항은 첨부파일 또는 홈페이지 참고","○ 기초생활 수급자/차상위계층의 자녀○ 한부모/조손가정/다문화가정 등 저소득가정의 자녀 및 보호자의 실직/파산/질병 등 기타 경제적 어려움으로 학업 유지가 곤란한 자○ 방송통신고교/평생교육시설 재학생으로 저소득 가정의 자녀※ 자세한 사항은 첨부파일 또는 홈페이지 참고","○ 100만원","○ 공고일 기준 국내에 소재하는 학교(비학위과정 제외)에 재학 중인 39세 이하 학생○ 도내 고등학생○ 비정규학교 등 평생교육시설 재학생(고교학력 과정)※ 자세한 사항은 첨부파일 또는 홈페이지 참고","○ 학생이 공고일 전일까지 제주특별자치도에 주민등록표상 주소지를 두었던 기간이 합산하여 총 5년 이상○ 공고일 기준 현재 학생 또는 부모(법정대리인 포함)가 제주특별자치도에 주민등록이 되어 있는 자","○ 2025학년도 2학기 국어/수학/영어 교과(군)의 전체 과목에 대한 가중점수의 평균○ 2025학년도 2학기 국어/수학/영어 교과(군)의 가중점수의 평균이 높은 순으로 선발○ 동점자 처리:1순위 소득이 낮은 순/2순위 다자녀 가정※ 자세한 사항은 첨부파일 또는 홈페이지 참고","○ 25명","○ 신청 제외 대상자가 신청하는 경우/접수 마감일까지 서류 미비 신청자는 심사 대상에서 제외※ 자세한 사항은 첨부파일 또는 홈페이지 참고","해당없음","○ 제주인재육성장학금 신청서○ 장학생 추천서 1부○ 개인정보 수집/이용/제3자 제공 동의서○ 학생 주민등록초본○ 부 또는 모(보호자) 주민등록초본○ 재학증명서○ 성적증명서○ 가족관계증명서○ 통장사본○ 기타 증명서류※ 자세한 사항은 첨부파일 또는 홈페이지 참고","http://jiles.or.kr/","2026-06-01","2026-06-19"
"857 ","재단법인 대구광역시인재육성장학재단","대구교육인재육성장학금(공감소통)","지자체(출자출연기관)","장학금","지역연고","해당없음","해당없음","해당없음","○ 기준 중위소득 100% 이하 가정 학생※ 자세한 사항은 첨부파일 또는 홈페이지 참고","○ 400만원○ 매년 재심사를 거쳐 고등학교 졸업시까지 지속 지원","○ 대구 소재 고등학교 1학년 재학생○ 평소 행실이 바르며 모범적인 학생○ 학교장이 추천하는 '공감소통역량'우수인재 및 성장가능성이 있다고 판단되는 자○ 음악/ 미술/ 체육 등 특정분야 우수자 및 성장가능한 자○ 관련활동 참여자","○ 대구 소재 고등학교 재학생","○ 1차 서류평가○ 2차 면접평가※ 재심사 : 학년 진급 시 성장보고서 및 관련 실적 근거/ 매년 장학생 선발위원회 재심사 거쳐 지급여부 결정","○ 대구교육인재육성장학금 모든 분야 포함 총 1명","○ 징계 처분 받은 경우○ 학업 중단한 경우○ 타 시도로 전학(진학) 시○ 민간을 제외한 정부/ 지자체 및 공공기관의 장학금 이중수혜시 (단 일회성장학금 제외)※ 자세한 사항은 첨부파일 또는 홈페이지 참고","○ 학교장 추천","○ 건강보험료 납부확인서○ 주민등록등본○ 성장계획서○ 개인정보 수집.이용동의서※ 자세한 사항은 첨부파일 또는 홈페이지 참고","https://www.dge.go.kr ","2026-07-13","2026-08-21"
"858 ","백운장학회(광양)","다자녀가정","지자체(출자출연기관)","장학금","지역연고","해당없음","해당없음","해당없음","해당없음","○ 70만원","○ 본인을 포함한 형제/자매가 3명 이상인 학생","○ 공고일 기준 부모 또는 보호자가 광양시에 1년 이상 주소를 두고 있는 학생 (부·모 모두가 주소를 광양시에 두고 있어야함)","○ 자녀수 50%/소득 50%※ 자세한 사항은 첨부파일 또는 홈페이지 참고","○ 25명","○ 장학금 신청자와 그 부모가 지방세를 체납 중인 경우○ 장학금의 이중/허위 수혜 등 기타 부정행위가 적발된 경우","해당없음","○ 장학금 신청서○ 주민등록등본○ 가족관계증명서○ 재학증명서○ 개인정보 수집/이용 및 제공/조회 동의서○ 장학금 지급 통장 사본○ 전년도 부/모 건강보험료 납부확인서○ 전년도 부/모 지방세 세목별 과세증명서○ 기초생활수급자/ 차상위/ 장애인 증명서(해당자)※ 자세한 사항은 첨부파일 또는 홈페이지 참고","http://www.gwangyang.go.kr/fund/","2026-08-03","2026-08-31"
"859 ","(재)남강장학회","남강장학생","기타","장학금","지역연고","해당없음","해당없음","○ 성적 85점 이상 ○ 학년석차 20% 이내 (과학고는 30% 이내)○ (석차산정 불가시) 학적부 성적우수자","○ 불우한 가정환경","○ 면학장려금 120만원","○ 신규장학생의 경우 청주/ 충북권내 인문/ 실업계 고등학생으로 2학년 진학생 (기존 장학생은 학년 무관)○ 특정 부문에 기술이나 자질이 우수","○ 보호자가 충북도내 10년 이상 거주","○ 26.1학기 기존 수혜장학생 우선 (기존학생 결격시 신규 장학생 선발)※ 기관확인필요","※ 기관확인필요","○ 외부기관의 학자금 지원대상자 제외","○ 학교장 추천","○ 장학생 신청서 1부○ 학교장 추천서 1부○ 성적증명서 1부○ 학교명의 통장사본 1부○ 생활기록부 사본 1부 (신규장학생만 해당)○ 보호자 주민등록초본 1부 (신규장학생만 해당)○ 반명함판 사진 1매 (신규장학생만 해당)※ 자세한 사항은 첨부파일 또는 홈페이지 참고","해당없음","2026-07-07","2026-07-31"
"860 ","광주남구장학회","학교밖청소년장학","지자체(출자출연기관)","장학금","지역연고","해당없음","해당없음","해당없음","○ 24년도 기준 중위소득 150%이하인 가구※ 직계가족의 3개월 평균 국민건강보험료 산정","○ 50만원","○ 2024년도 초졸/중졸/고졸 검정고시에 응시하여 합격한 자로서 학교 밖 청소년 지원 시설장의 추천을 받은 자","○ 공고일 현재 광주광역시 남구에 주민등록상 1년 이상 주소를 두고 있는 주민과 그 자녀","○ 서류심사 : 제출서류 신청요건 충족 및 직전학기 성적 등 확인○ 최종선발 : (재)남구장학회 장학생 선발 심사위원회 심의","○ 2명","○ 1가구당 1인 신청 가능○ 최근 2년 남구장학회 장학생으로 선발된 자※ 자세한 사항은 첨부파일 또는 홈페이지 참고","○ 학교 밖 청소년 지원 시설장 추천","○ 장학생 신청서○ 주민등록표등본○ 학생 명의의 가족관계증명서○ 건강보험 자격확인서○ 건강보험료 납부확인서○ 2024학년도 1학기 학교 생활기록부○ 개인정보 수집/이용/제공 및 조회 동의서○ 통장 사본○ 가정환경 세대구성 관련증명서 (해당자)※ 자세한 사항은 첨부파일 또는 홈페이지 참고","https://www.namgu.gwangju.kr","2024-09-23","2024-10-11"
"861 ","재단법인 의성군인재육성재단","예체능특기자 장학금","지자체(출자출연기관)","장학금","지역연고","해당없음","해당없음","해당없음","해당없음","○ 1위: 100만원○ 2위: 70만워○ 3위: 50만원","○ 관내 고등학교 재학생 중 2025년도 예체능분야 전국대회 3위 이내 입상자","해당없음","○ 학교별 일괄 신청","○ 15명","○ 단체전 수상자의 경우 의성군인재육성재단 자체 심의에 의거 장학금액 조정 가능○ 전국대회 일지라도 의성군인재육성재단 자체 심의에 의거 제외 가능 (명칭은 전국대회이나 실제 참석규모가 이에 미치지 못할 때 등)","○ 학교장 추천","○ 장학생 지원신청서○ 장학금 지급신청서○ 개인정보제공 동의서○ 각서○ 통장사본○ 학교장 추천서○ 입상증빙서류 사본※ 자세한 사항은 첨부파일 또는 홈페이지 참고","http://uscdream.kr","2025-11-12","2025-11-25"
"862 ","송파월드장학재단","일반 장학생","기타","장학금","해당없음","해당없음","해당없음","해당없음","○ 저소득층 학생으로 근면성실하며 학업에 의욕을 보이는 학생","○ 50만원","○ 서울특별시 송파구 관내 학교에 재학중인 고등학생 또는 그에 준하는 곳에 재적중인 학생","○ 공고일 기준 학생 본인 또는 보호자가 서울특별시 송파구에 6개월 이상 거주","○ 추천권자 추천 또는 사무국 접수○ 실태조사 / 서류심사 등","○ 0명","※ 기관확인필요","○ 학교장이나 기타기관(주민세터장등)의 추천","○ 장학금 신청서 (추천기관장의 날인)○ 개인정보 수집/이용/제공/조회 동의서○ 장학생의 주민등록등본○ 재학증명서○ 통장사본(학부모명의 계좌)※ 자세한 사항은 첨부파일이나 홈페이지 참고","songpaworld.co.kr","2026-03-10","2026-03-26"
"863 ","영암군미래교육재단","다자녀가정학생장학금","지자체(출자출연기관)","장학금","기타","해당없음","해당없음","해당없음","해당없음","○ 3자녀 가구 : 70만원○ 4자녀 가구 : 100만원○ 5자녀 가구 이상 : 150만원","○ 관내 고등학교에 재학 중인 자녀가 3명 이상인 다자녀 가정※ 타 항목 장학금 중복 가능하며 한 가구 가정을 대상으로 지급","○ 부모와 3명 이상의 자녀 모두가 장학금 선발 공고 당시 1년 이상 영암군에 주소를 두고 현재 거주하는 자로서 관내 학교에 재학 중인 고등학생","○ 선발 심사는 서류심사 원칙(분야별 심사요건·선정기준 등)으로 함○ 지원대상자 선발은 (재)영암군민장학회 이사회 심의를 거쳐 최종 결정후 확정함","○ 3자녀 가구 : 150○ 4자녀 가구 : 20○ 5자녀 이상 가구 : 5","※ 기관확인필요","해당없음","○ 장학금 신청서○ 개인정보 수집·이용 동의서○ 신청인 서약서○ 통장계좌 사본○ 주민등록초본○ 가족관계증명서○ 재학증명서※ 자세한 사항은 첨부파일 또는 홈페이지 참고","https://yeongam.go.kr","2026-04-13","2026-05-12"
"864 ","전주인재육성재단","예체능특기장학생","지자체(출자출연기관)","장학금","지역연고","해당없음","해당없음","해당없음","해당없음","○ 100만원 ~ 250만원","○ 전통문화(국악)/미술/음악 및 체육분야 등 전국대회 이상 1~3위 입상자 또는 단체○ 특기장학생 단체는 전북특별자치도 소재 초·중·고등학교","○ 공고일 현재 전주시에 3년이상 계속 거주하고 있는 전주 시민의 자녀로서 전북특별자치도 소재 초·중·고등학생(개인 또는 단체)","○ 수상실적 50점 + 생활정도 50점 + 자원봉사 실적 최대 1.5점※ 자세한 사항은 첨부파일 또는 홈페이지 참고","○ 20명(초·중·고등학생)","○ 2024년도에 지급받은 단체 제외","○ 학교장 추천","○ 장학생 신청서○ 개인정보제공동의 및 활용승낙서○ 주민등록등본○ 건강보험납부확인서 또는 건강보험 자격득실 확인서○ 2024년 전국대회 1~3위 입상 증빙서류○ 재학증명서○ 학교장추천서○ 자원봉사 활동 확인서 ※ 자세한 사항은 첨부파일 또는 홈페이지 참고 ","http://www.jinjae.kr","2025-03-18","2025-03-28"
"865 ","재단법인 백영장학재단","문화생활장학금","기타","장학금","기타","해당없음","해당없음","해당없음","○ 가정형편이 어려우면서 타에 모범이 되는 고등학교 이상의 학생○ 가정형편 판단기준 : 국민기초생활보장법상 수급자","○ 매월 10만원씩 총 120만원","○ 공고일 기준 고등학교 이상의 교육기관에 재학중인 학생○ 장학생선발 및 장학금 지급규정의 장학금 지급중지사유에 해당하지 않는 학생","해당없음","※ 기관확인필요","○ 00명","○ 학교에서 징계처분을 받은 경우 지급 중지○ 장학금을 목적 이외의 용도로 사용 시 지급 중지※ 자세한 사항은 첨부파일 또는 홈페이지 참고","○ 학교장 등 소속 교육기관 장","○ 장학금 지원 신청서 (신청자와 보호자 날인 필요)○ 추천서○ 전학기 성적 증명서 (신입생: 중학교 3학년 성적증명서)○ 재학증명서○ 주민등록등본○ 한국장학재단 소득구간 통지서○ 타 장학금 수혜(비수혜) 확인서○ 통장사본○ 가족관계증명서○ 건강보험납입증명서○ 개인정보 동의서○ 기타 증명서류※ 자세한 사항은 첨부파일 또는 홈페이지 참고","http://baekyoungfoundation.org/","2025-02-17","2025-02-24"
"866 ","수곡장학회","장학생","기타","장학금","지역연고","해당없음","해당없음","○ 전체 학년 평균 성적이 80점 이상","해당없음","○ 100만원 (2회 분할지급)","○ 주소가 남원이 아닌 자로서 남원 관내 예.체능 고등학교에 재학중인 자","○ 남원 출신(본인/부모)으로 남원 관내 초등학교나 중학교를 졸업한 자○ 타지 출신으로 남원 관내 초등학교나 중학교를 졸업하고 주소가 남원인 자","※ 기관확인필요","○ 8명","※ 기관확인필요","해당없음","○ 수곡장학생 지원신청서 1부○ 성적증명서○ 부·모 본인 주민등록등본 1부○ 부·모 각각 2025년도분 지방세과세증명서/ 2024년도분 소득금액증명서 1부○ 부·모 각각 건강보험료 납부확인서 1부○ 국민기초생활보장수급자 또는 차상위계층증명서(해당자) 1부○ 자기소개서 1부※ 자세한 사항은 첨부파일 또는 홈페이지 참고","http://sugok.co.kr","2026-01-02","2026-01-23"
"867 ","공주시한마음장학회","귀농귀촌인자녀 장학생","지자체(출자출연기관)","장학금","지역연고","해당없음","해당없음","해당없음","해당없음","○ 80만원","○ 공주시 귀농귀촌 활성화 및 지원에 관한 조례 제2조 제3호 내지 제4호에 해당하는 자의 자녀○ 공고일 기준 공주시에 1년 이상 거주하고 전입한 지 5년 이내인 자의 자녀에 한하여 1회 지급※ 자세한 사항은 첨부파일 또는 홈페이지 참고","○ 공주시 관내 소재 초·중·고등학교 재학생 또는 졸업자○ 공고일 기준 장학생 또는 장학생의 보호자(부모 조부모 외조부모 실양육자)가 공주시에 1년 이상 계속해서 주민등록을 둔 자","○ (재)공주시한마음장학회 운영세칙의 선발기준에 의거 (재)공주시○ 한마음장학회 이사회에서 선발○ 장학생 선발명단은 공주시한마음장학회 홈페이지에 게시(개별통지 안함)※ 자세한 사항은 첨부파일 또는 홈페이지 참고","○ 3명","○ 추천권자 및 학교장으로부터 중지 요구가 있을 경우○ 기타 장학금 지급을 중단하기로 이사회에서 의결한 경우※ 자세한 사항은 첨부파일 또는 홈페이지 참고","○ 공주시 농촌진흥과 (공주시귀농귀촌협의회)","○ 장학금 추천·신청서○ 개인정보 수집·이용·제공 및 조회 동의서○ 주민등록등본 또는 초본○ 재학증명서○ 가족관계증명서○ 통장사본※ 자세한 사항은 첨부파일 또는 홈페이지 참고","http://www.gongju.go.kr","2025-10-10","2025-10-24"
"868 ","통영시지속가능발전교육재단","인재육성장학금(특별)","지자체(출자출연기관)","장학금","기타","해당없음","해당없음","해당없음","해당없음","○ 1인 최대 1000만원","○ 고등학교에 재학 중이며 문학예술 체육 등 특정 분야에 재능이 우수하여 전국 단위 공인대회 3위 이내 또는 도 단위 공인대회 1위 이내에 입상한 사람○ 1회 이상 우수 장학금을 받았던 학생 중 신청자※ 자세한 사항은 첨부파일 또는 홈페이지 참고","○ 본인이 통영시 관할 학교를 6년 이상 재학하거나 주민등록상 6년 이상 통영시에 주소를 두고 직계존속이 공고일 현재 통영시에 주민등록이 되어있고 10년 이상 주소를 둔 사람","※ 자세한 사항은 첨부파일 또는 홈페이지 참고","○ 00명","※ 자세한 사항은 첨부파일 또는 홈페이지 참고","○ 학교장 추천","○ 지원신청서(개인정보 수집/활용 동의서 포함)○ 장학금 지급대상 기준 충족 증빙 서류○ 학교장추천서○ 자기소개서○ 실적인정 기간 이내 수상 실적표 및 상장 사본○ 재학증명서○ 자신의 재능을 나타낼 수 있는 포트폴리오※ 자세한 사항은 첨부파일 또는 홈페이지 참고","http://tyrce.or.kr/main/main.php","2025-10-01","2025-10-31"
"869 ","서울에너지공사","노원열병합발전소주변지역 장학생","공공기관","장학금","해당없음","해당없음","해당없음","해당없음","○ 소년소녀가장 생활보호 대상자의 자녀 등 가정형편이 어려운 학생 추천 권고","○ 1인당 60만원","해당없음","○ 발전소 반경 5km 이내 지역에서 1년 이상 거주한 학생","○ 추천기준을 충족하는 1순위자 우선선정○ 2순위자 발전소와 학생 거주지 간 근거리자순 선정","○ 총 61명","※ 기관확인필요","○ 해당학교 공문 발송 및 추천 선발○ 학교별 2인까지 추천 가능○ 남녀공학은 성별 균형 추천을 위해 2024추천학생 성별의 반대되는 성별의 학생으로 추천※ 자세한 사항은 첨부파일 또는 홈페이지 참고","○ 추천서○ 재학증명서○ 주민등록등본○ 개인정보수집 및 이용에 관한 동의서○ 은행통장 사본(장학생 본인명의)※ 자세한 사항은 첨부파일 또는 홈페이지 참고","https://www.ise.co.kr/index","2026-05-02","2026-06-09"
"870 ","장수군애향교육진흥재단","성적우수장학금","지자체(출자출연기관)","장학금","지역연고","해당없음","해당없음","○ 직전 학년 내신성적 백분위 23%이내","○ 해당없음","○ 백분위4%이내 : 50만원○ 백분위11%이내 : 30만원○ 백분위23%이내 : 20만원","※ 기관확인필요","○ 학생 및 보호자 주소지 제한 없음","※ 기관확인필요","○ 00명","○ 퇴학 또는 정학 처분 받은 경우○ 학기 중 휴학하였을 경우○ 장학생의 작격을 상실한 경우○ 학생의 본분을 벗어난 행동으로 사회적 물의를 야기한 경우※ 자세한 사항은 첨부파일 또는 홈페이지 참고","○ 해당없음","○ 장학금 지원 신청서○ 재학증명서○ 가족관계증명서○ 개인정보 수집 및 조회 동의서○ 학교폭력부존재각서○ 통장사본○ 직전 학년 내신 등급 확인표○ 서약서※ 자세한 사항은 첨부파일 또는 홈페이지 참고","http://www.jangsu.go.kr","2026-03-30","2026-04-24"
"871 ","(재)여수시인재육성장학회","여수산단장학생","지자체(출자출연기관)","장학금","지역연고","해당없음","해당없음","해당없음","○ 재산세 과세액 40만원 이하인 자 (1년 부/모 합산)※ 자세한 사항은 첨부파일 또는 홈페이지 참고","○ 50만원","○ 여수시에 소재한 고등학교에 재학 중인 자※ 자세한 사항은 첨부파일 또는 홈페이지 참고","○ 주삼동 / 삼일동 / 묘도동에 6개월 이상 실제 거주하고 있는 시민 또는 시민의 자녀","※ 자세한 사항은 첨부파일 또는 홈페이지 참고","○ 8명","※ 자세한 사항은 첨부파일 또는 홈페이지 참고","해당없음","○ 장학금신청서○ 정보제공동의서○ 직전학기성적증명서 1부○ 주민등록등본 1부○ 지방세 세목별과세증명서(부 모 각각 1부 제출)※ 자세한 사항은 첨부파일 또는 홈페이지 참고","http://www.yeosuinjae.com/","2025-10-13","2025-10-24"
"872 ","(재)강릉시 미래인재육성재단","자립장학금","지자체(출자출연기관)","장학금","소득구분","해당없음","해당없음","○ 입학생 및 재학생으로 성적이 상위 40% 이내(재학생은 전년도 1/2학기 성적)","○ 기초생활 수급자 및 차상위 계층","○ 100만원","해당없음","○ 관내 고등학교에 재학중이며 공고일 현재 주민등록 주소지가 1년 이상 강릉시에 등록된 시민 또는 자녀","○ 학업성적 30%/ 거주기간 20%/ 생활수준 50%","○ 10명","※ 기관확인필요","○ 장학금지원대상자 추천서(학교장) 필요○ 차상위계층 해당자는 장학금 지원 대상자 추천서(읍/면/동장) 필요","○ 장학금 지원신청서○ 재학증명서○ 성적증명서○ 자기소개서○ 장학금원대상자 추천서○ 개인정보 제공 동의서○ 가족관계증명서○ 주민등록등본/초본○ 신청자 명의 통장사본○ 국민기초생활수급자 증명서○ 차상위 계층인 경우 증명서/ 추천서※ 자세한 사항은 첨부파일 또는 홈페이지 참고","https://www.gninjae.or.kr","2026-03-11","2026-03-25"
"873 ","경기도 가평군청","특기장학생","지자체(출자출연기관)","장학금","특기자","해당없음","1학년2학년3학년제한없음","해당없음","해당없음","○ 90만원","○ 직전 학년도 도단위 이상의 예능·체능·기능 및 문학 대회에서 3위 이내로 입상한 고등학생","○ 공고일 현재 군 관내에 3년 이상 주소를 두고 계속 거주한 군민 또는 그 자녀","○ 입상성적 80점 학업성적 15점 소득수준 5점","○ 4명","○ 경기도로부터 장학금을 지급받고 있는 학생 제외○ 해당 연도 군에서 선발·추천하는 서울 지역 장학관 입사생 제외※ 자세한 사항은 첨부파일 또는 홈페이지 참고","해당없음","○ 장학생 신청서○ 성적증명서○ (해당자) 가족관계증명서○ 입상증명서○ 부모의 건강보험료 납부확인서 각 1부○ 주민등록 등·초본(주소이력 포함)※ 자세한 사항은 첨부파일 또는 홈페이지 참고","http://www.gp.go.kr/portal/index.do","2026-03-04","2026-03-26"
"874 ","한성손재한학장회","한성노벨영·수재장학생","기타","장학금","기타","해당없음","1학년","해당없음","해당없음","○ 자연계열: 500만원○ 인문계열: 300만원※ 자세한 사항은 첨부파일 또는 홈페이지 참고","○ 선발 공고일 현재 고등학교 1학년 학생이며 창의적 사고와 열정을 지닌 품성이 온유한 학생○ 영/수재로서 스스로 과학자의 길로 진로를 정한 학생과 인문계열 진로 희망 학생○ 창의적 사고와 열정을 지닌 품성이 온유하고 장례 노벨상 수상 가능성이 높은 학생○ 학업성적 또는 수상실적이 다소 부족하더라도 장래 우수한 과학자가 될 가능성높은 학생","해당없음","○ 1단계 : 서류전형○ 2단계 : 면접심사○ 이사회승인 : 선발 확정","○ 최대 200명 이내 (자연계열 150명 이내/인문계열 50명 이내 기준 선발)","○ 의대 치대 약대 한의대·수의대 등 진학 계획이 있는 학생은 지원 불가 추후 진학 확인되는 경우 선발이 취소됨※ 자세한 사항은 첨부파일 또는 홈페이지 참고","○ 담임교사 또는 교과교사의 추천/ 지원자에 대해 가장 잘 알고 있는 교사가 작성","○ 지원서류 표지○ 한성 노벨 영/수재 장학생 지원서 및 지원자 서약서○ 학교장 추천서○ 개인정보 수집 이용 동의서○ 노벨상(또는 다른 목표) 도전 계획서)○ 학교생활기록부○ 어학능력증명서(보유자)○ 한성 노벨 영/ 수재 장학생 교사 소견서○ 한성 노벨 영/ 수재 장학생 지원표※ 자세한 사항은 첨부파일 또는 홈페이지 참고","https://www.sonjaehan.org","2026-01-08","2026-01-14"
"875 ","부산사상구장학회","예술체육기능특기장학금","지자체(출자출연기관)","장학금","특기자","해당없음","해당없음","○ 예술·체육·기능 분야의 전국 규모 대회에서 입상한 자이거나 예술·체육·기능 특기자로서 착교장으로부터 특별히 추천을 받은 자","해당없음","○ 150만원","○ 고1/2/3학년","○ 세대주 또는 보호자가 사상구 관내에 주소를 두고 장학금신청일 현재 거주하고 있는 구민의 자녀","※ 기관확인필요","○ 고1/2 : 2명○ 고3 : 1명","○ 타기관등으로부터 연간 200만원 이상 장학금을 받은 학생","○ 학교장 추천","○ 장학생신청서○ 장학생추천서○ 주민등록등본○ 재학증명서○ 학교생활기록부○ 장학금 수혜여부확인서○ 가점 대상자 증명서※ 자세한 사항은 첨부파일 또는 홈페이지 참고","http://www.sasang.go.kr/index.sasang ","2025-11-28","2026-01-06"
"876 ","재단법인 연수큰재장학재단","탐험 장학생","지자체(출자출연기관)","장학금","해당없음","해당없음","1학년2학년","○ 고등학교 2학년 : 직전학기(1학년 2학기) 전과목 성취도 B이상○ 고등학교 1학년 : 직전학기(중학교3학년 2학기) 전과목 성취도 B이상","○ 국민기초생활수급자/차상위계층/중증장애인/법정한부모가정/기준중위소득 100% 이하 가정의 자녀 모집인원의 30%이상(5명이상) 복지분야 장학생 선발※ 자세한 사항은 첨부파일 또는 홈페이지 참고","○ '중국 친화이구 백제사신길 탐험대' 프로그램 비용 전액 지원 (1인당 약 120만원 내외)","○ 중국의 역사·문화 및 국제교류에 관심이 있으며 해외문화체험에 적극적으로 참여할 수 있는 자○ 2026.10.9. 제14회 연수능허대문화축제 참여 가능자○ 적극적이고 열정적인 자세를 가지며 협동심이 뛰어난 자○ 오리엔테이션/체험수기 작성 등 적극적으로 참여 가능한 자○ 3년간 연수큰재장학재단 봉사단에 소속되어 활동이 가능한 자 (의무가입)","○ 공고일 현재 연수구에 12개월 이상 계속해서 주민등록을 하고 있는 학생 또는 부·모(또는 보호자)의 자녀","○ 1차심사 : 서류심사○ 2차심사 : 면접심사○ 3차심사 : 장학생 선발심의위원회 및 이사회 심사","○ 16명","○ 한 가정 2자녀 신청 불가","○ 학교장/동장/정부기관 산하 청소년 및 사회복지기기관장/기초자치단체장 추천","○ 해외문화체험 참가신청서○ 학교장 추천서○ 개인(신용)정보 수집·이용·제공·조회 동의서○ 주민등록초본 1통○ 부 또는 모 기준의 가족관계증명서 1통○ 출입국사실증명서 1통○ 성적확인서 1통○ 재학증명서 1통※ 자세한 사항은 첨부파일 또는 홈페이지 참고","https://ysjaedan.imweb.me/","2026-07-07","2026-07-16"
"877 ","재단법인 파주시행복장학회","근로자녀 장학생","지자체(출자출연기관)","장학금","지역연고","해당없음","해당없음","해당없음","해당없음","○ 100만원","○ 관내 기업인협의회에 소속된 중소기업 근로자의 자녀로 어려운 생활환경으로 학업과 생활에 지원이 필요한 고등학생○ 파주시 소재 중소기업 1년 이상 연속근무","○ 장학생 선발 공고일 현재 부모 또는 신청자가 파주시에 주민등록을 두고 1년 이상 계속 거주 중인 자로 파주시 관내 소재 학교 재학 중인 자","※ 기관확인필요","○ 25명(대학생 포함 인원)","○ 대표 및 임원의 자녀는 제외","○ 읍면동 기업인 협의회장 추천 필요","○ 장학금 지급 대상자 추천서○ 장학금 신청서○ 개인정보 제공 동의서○ 재학증명서○ 학생과 세대주 조민등록 초본○ 가족관계증명서○ 재직증명서○ 중소기업 확인서○ 고용보험 자격이력 내역서※ 자세한 사항은 첨부파일 또는 홈페이지 참고","http://www.happypaju.or.kr","2026-02-02","2026-03-10"
"878 ","백운장학회(광양)","향우자녀장학금","지자체(출자출연기관)","장학금","기타","해당없음","해당없음","해당없음","해당없음","○ 50만원※ 생활비 지원으로 이중수혜 가능","○ 향우회 기준에 따라 재경·재부산·재인천·재광주·재울산·재안산·재목포·재여수·재순천 향우회장이 추천한 자○ 향우회원 자녀로서 성적 우수자 또는 생활 곤란자","○ 공고일 기준 부모 또는 보호자가 광양시에 1년 이상 주소를 두고 있는 학생 (부·모 모두가 주소를 광양시에 두고 있어야함)","※ 기관확인필요","○ 3명","○ 장학금 신청자와 그 부모가 지방세를 체납 중인 경우○ 장학금의 허위 수혜 등 기타 부정행위가 적발된 경우","○ 향우회 기준에 따라 재경·재부산·재인천·재광주·재울산·재안산·재목포·재여수·재순천 향우회장이 추천한 자","○ 소속 기관으로 신청","http://www.gwangyang.go.kr/fund/","2026-08-03","2026-08-31"
"879 ","부스러기사랑나눔회","열정장학생","기타","장학금","성적우수","해당없음","해당없음","○ 학업평균 70점 이상○ 상위 20%이내○ 주요과목 중 2과목 3등급 이상","○ 법정 저소득층: 기초생활수급/ 한부모가족/ 차상위계층/ 사회보장급여 통지서 발급 가능한 가정○ 기타 저소득층: 부모의 건강보험 자격확인 내역에 보호자/ 학생 등이 포함되어 있으며 부모의 건강 장기요양보험료 납부 확인이 중위소득 130% 이하인 경우","○ 총 250만원","○ 저소득 가정 내 중학교 2학년 ~ 고등학교 3학년 재학생","해당없음","※ 기관확인필요","○ 00명","※ 기관확인필요","해당없음","○ 장학금 신청서○ 장학생 미래설계계획서○ 장학생 성장관리 계획서○ 장학금 관리협조동의서○ 기타해당서류※ 자세한 사항은 첨부파일 또는 홈페이지 참고","https://www.busrugy.or.kr/","2025-03-12","2025-03-28"
"880 ","재단법인 옥천군장학회","입학성적 우수장학금","지자체(출자출연기관)","장학금","지역연고","해당없음","해당없음","○ 중학교 내신척차 연명부 점수 280점 이상","○ 해당없음","○ 100만원","○ 관내 고등학교에 입학하는 신입생","○ 부모(보호자) 또는 본인이 옥천군에 주소를 두고 장학생 선발 공고일 현재 1년 이상 계속 거주한 자","○ 중학교 내신석차 연명부 점수 280점 이상인 자 중 학교장 추천에 의해 상위 40명만 선발","○ 40명","○ 당해연도도 충북인재평생교육진흥원에서 장학금을 지원 받은 자○ 당해연도 옥천군이 출연한 기관이나 단체로부터 장학금을 받은 자○ 동일인에 대하여 초/중/고/대 재학 중 각 1회만 선발","○ 학교장 추천","○ 장학생추천서○ 주민등록등본 또는 가족관계증명서○ 주민등록초본○ 개인정보 수집이용제공 및 조회 동의서※ 자세한 사항은 첨부파일 또는 홈페이지 참고","https://ocjh.oc.go.kr","2026-04-20","2026-04-27"
"881 ","전북특별자치도평생교육장학진흥원","미래인재특기장학생","지자체(출자출연기관)","장학금","지역연고","해당없음","해당없음","해당없음","해당없음","○ 1인당 100만원","○ 분야별 공인 국내 전국대회 또는 국제대회 상위 입상자※ 실적 반영기간 : 2024.10.01 ~ 2025.10.31※ 자세한 사항은 첨부파일 참조","○ 보호자의 주민등록이 공고일 기준 6개월 전부터 전북특별자치도로 되어거나 전북특별자치도 대표로 전국(소년)대회에 참가한 자","○ 수상실적 평가 90 + 생활정보 10 + 가산점 최대 5 로 평가하며 진흥원 장학생심사위원회를 통해 선발 확정※ 자세한 사항은 첨부파일 또는 홈페이지 참고","○ 20명","○ 1가구 1인 지원○ 당해연도 본 진흥원 타 장학금 수혜자○ 직업학교 재학생※ 자세한 사항은 첨부파일 참조","해당없음","○ 보호자 주민등록등본○ 가족관계증명서○ 수상실적 증빙자료○ 학교장추천서○ 재학증명서○ 생활정도를 확인할 수 있는 서류○ 개인(신용)정보 수집·이용 및 제공·조회 동의서※ 자세한 사항은 첨부파일 또는 홈페이지 참고","http://www.jbdream.or.kr/","2025-11-03","2025-11-07"
"882 ","(재)인천인재평생교육진흥원","재능인장학금","지자체(출자출연기관)","장학금","특기자","해당없음","해당없음","○ 해당없음","○ 해당없음","○ 100만원","○ 초중등교육법 제2조의 고등학교 재학생○ 인문·사회/수학·과학/문화예술/체육/기술기능의 분야에서 전국단위이상 국내대회에서 개인분야 3위/단체분야 1위 이내의 성적을 득한 자※ 입상성적은 공고일로부터 1년 이내 입상한 대회를 말함※ 자세한 사항은 첨부파일 또는 홈페이지 참고","○ 선발 공고기준일 보호자 또는 신청자의 현재 주민등록 주소지가 인천광역시이며 학교 정규학기 재학중인 자","○ 서류심사 및 면접심사 및 재단 장학생 선발심사위원회의 심사를 거쳐 선발","○ 5명","○ 동일연도 내 재단에서 실시하는 장학금에 중복하여 지원 및 선발 불가","○ 학교장 또는 유관단체장 추천","○ 장학금 지원신청서○ 장학생 추천서○ 자기개발서○ 재학증명서○ 직전학교 졸업증명서○ 주민등록초본○ 대회 입상 확인 증명서 또는 상장 사본○ 대회 수상 실적서○ 대회 개최 공고문○ 보통예금통장사본○ 기타 해당서류※ 자세한 사항은 첨부파일 또는 홈페이지 참고","https://itle.or.kr","2026-04-20","2026-05-06"
"883 ","제천시인재육성재단","특별장학생(고려인)","지자체(출자출연기관)","장학금","해당없음","해당없음","해당없음","※ 자세한 사항은 첨부파일 또는 홈페이지 참고","※ 자세한 사항은 첨부파일 또는 홈페이지 참고","○ 50만원","○ 초중고 재학생","○ 제천시 이주 후 1년 경과한 세대의 동포 자녀○ 제천시로 이주한 고려인 동포 자녀로서 관내 초중고 재학생 및 취학연령의 학교 밖 동포 청소년","○ 심사","○ 10명","※ 자세한 사항은 첨부파일 또는 홈페이지 참고","○ 이주 동포 세대별 현황 및 생활 여건을 종합 관리하고 있는 제천시 재외동포지원센터 또는 미래정핵과의 공문 일괄 추천","○ 초중고 재학증명서○ 학생이나 보호자의 주민등록등본○ 통장사본※ 자세한 사항은 첨부파일 또는 홈페이지 참고","https://www.jcbrain.kr","2026-03-13","2026-03-27"
"884 ","전라남도 함평군청","함평군인재양성기금(복지 장학생)","지자체(출자출연기관)","장학금","소득구분","해당없음","해당없음","○ 해당없음","○ 국민기초생활수급자 및 차상위계층의 자녀","○ 50만원","○ 한부모/ 다문화/ 새터민 가정의 자녀○ 장애인 또는 장애인가정의 자녀/ 의사상자의 자녀○ 시설에 입소한 학생","○ 해당없음","※ 기관확인필요","○ 15명","○ 해당없음","○ 학교장 추천","○ 인재양성기금 지원 신청서○ 인재양성기금 지원대상자 추천서○ 인재양성기금 신청자 실태조사 확인서○ 개인정보 수집 이용 제공 및 조회 동의서○ 서약서○ 통장사본○ 국민기초생활수급자 또는 차상위 계층(해당자)○ 장애인 증명서(해당자)○ 국가유공자 증명서(해당자)○ 한부모 · 조손가정증명서/북한이탈주민확인서※ 자세한 사항은 첨부파일 또는 홈페이지 참고","https://www.hampyeng.go.kr/","2026-03-03","2026-03-27"
"885 ","강북구청","으뜸장학생","지자체(출자출연기관)","장학금","해당없음","해당없음","1학년2학년3학년제한없음","해당없음","해당없음","○ 관내 일반고 : 100만원○ 관내 특수학교 고등부 : 100만원 ○ 서울지역 기회균등 전형 : 360만원","○ 국가 또는 지방자치단체·학교·민간단체로부터 장학금 등을 지원 받지 않는 학생 ○ 모범적인 선행 및 효행활동·사회봉사 등 특별한 공적이 있는 재학생(관내 일반고/관내 특수학교 고등부)○ 서울지역 기회균등 전형 입학생 및 재학생 (서울시교육청 장학협력사업) (서울국제고등학교)","○ 공고일을 기준으로 강북구 관내에 계속하여 1년 이상 주민등록 주소지를 두고 있는 주민 또는 주민의 자녀","○ 학교장이 추천한 자를 대상으로 선발※ 미수혜자 우선 선발","○ 관내 일반고 : 7명○ 관내 특수학교 고등부 : 3명○ 서울지역 기회균등 전형 : 1명","○ 장학생 신청은 1가구당 1명/1분야만 신청 가능○ 학교장의 지급 정지 요청이 있을 때○ 장학생의 퇴학·정학 또는 그 밖의 사유로 학업을 중단하였을 때○ 장학생 또는 장학생의 보호자가 강북구 관외로 거주지를 이전하였을 때※ 자세한 사항은 첨부파일 또는 홈페이지 참고","○ 학교장 추천","○ 장학생 신청서○ 재학증명서○ 주민등록 등초본○ 가족관계증명서(해당자만)○ 개인정보 수집.이용 및 제 3자 제공동의서○ 행정정보 공동이용 사전동의서○ 학교장 추천의견서○ 추천자 명단 및 증명서류○ 통장사본(보호자)※ 자세한 사항은 첨부파일 또는 홈페이지 참고","https://www.snsgangbuk.com/main/main.html","2026-08-03","2026-08-26"
"886 ","서목장학재단","서목장학생","기타","장학금","해당없음","해당없음","해당없음","※ 기관확인필요","※ 기관확인필요","○ 오순규 장학생 1명 300만원○ 월포 장학생 1명 300만원○ 서목 장학생 약간명 200만원○ 경원 장학생 약간명 100만원※ 장학금은 7월 초에 일괄 지급","○ 대전(62개교)/공주(10개교)/부여(5개교) 지역 고등학교에 재학 중인 학생","해당없음","○ 학업성적이 우수하거나○ 특정 분야의 재능이 뒤어난 학생○ 현재 어려운 상황에 처했거나 어려운 상황을 극복한 경우 가산점 부여※ 타 장학금 수여여부와 관계없이 선발","○ 오순규 장학생 1명○ 월포 장학생 1명○ 서목 장학생 약간명○ 경원 장학생 약간명","※ 기관확인필요","○ 교사 추천※ 자세한 사항은 첨부파일 또는 홈페이지 참고","○ 학생이 직접 작성한 자기소개서○ 추천교사가 작성한 추천서○ 자기소개서 내용 증빙 서류(성적 증명서/재능을 증명할 수 있는 상훈/기초생활수급/차상위계층/한부모 가정/동아리 및 봉사활동 등에 관련한 학교 확인 서류)※ 자세한 사항은 첨부파일 또는 홈페이지 참고","https://www.seomok.or.kr/board/bbs41/53&page=1","2026-03-17","2026-05-22"
"887 ","재단법인 춘천인재육성장학재단","성적향상장학금","지자체(출자출연기관)","장학금","지역연고","해당없음","해당없음","해당없음","해당없음","○ 최대 50만원","○ 직전학기 또는 전년도 대비 성적이 향상된 중하위권(3등급 이하) 관내 고등학교 재학생○ 비교종합성적 전학기 또는 전년도 3등급 이하 (1/2등급 불가)","○ 춘천시 관내 1년 이상 거주자","※ 기관확인필요","○ 00명","○ 1가구 1인만 지급 가능○ 납부금 전액 면제 받는 경우 신청 불가○ 정규학기를 초과하여 등록한 경우 지급 제한○ 성적 비교 산출이 곤란한 경우 신청 불가○ 분야별 중복지원 불가○ 직전학기 본 재단 장학생의 경우 지원 불가 (저소득유형만 예외적으로 가능)※ 자세한 사항은 첨부파일 또는 홈페이지 참고","○ 학교장","○ 춘천시민장학복지재단 장학금 지원 신청서 및 신청인 서약서○ 장학금 수혜 여부 확인서 및 개인정보 수집·이용·제공 동의서○ 춘천시민장학복지재단 장학금 지원대상자 추천서○ 봉사활동 확인서○ 학생 주민등록초본○ 가족관계증명서○ 재학증명서○ 성적증명서(평균석차기준)○ 부모의 건강보험료 납부확인서○ 신청자의 보통예금계좌○ 통리반장 재직증명서※ 자세한 사항은 첨부파일 또는 홈페이지 참고","http://www.ccbomnae.or.kr/","2024-04-03","2024-04-09"
"888 ","경상남도 거제시청","고등학교우수장학생","지자체(출자출연기관)","장학금","성적우수","해당없음","해당없음","○ 직전 학년 생활기록부 성적이 상위 30%이내인 학생","해당없음","○ 50만원","○ 품행이 단정하고 재능이 뛰어난 학생○ 거제시 관내 고등학교에 재학 중인 학생","○ 거제시에 출신(주민등록이 되어 있는 사람)","○ 추천된 학생을 거제시장학기금운용심의위원회에서 선발 기준에 따라 심사 후 확정○ 동점자는 성적/소득 현황/주민등록 거주기간/자녀 수 순으로 점수가 높은 사람 선발※ 자세한 사항은 첨부파일 또는 홈페이지 참고","○ 35명","○ 졸업예정자○ 국가 또는 다른 지방자치단체/학교로부터 장학금을 받은 사실이 있거나 지원이 확정된 경우","○ 해당 고등학교장 추천","○ 거제시 장학생 추천서○ 고등학교 생활기록부 또는 성적증명서○ 개인정보 수집·제공 동의서※ 자세한 사항은 첨부파일 또는 홈페이지 참고","https://www.geoje.go.kr","2026-02-01","2026-02-28"
"889 ","(재)함께일하는재단","IT꿈나무 성장지원 사업 장학금","기타","장학금","해당없음","해당없음","해당없음","○ 해당없음","○ 해당없음","○ 참가자 장학금 지원○ 화이트해커 경진대회 상금 수여(대상 150만원/최우수상 100만원/우수상 50만원/입상 20만원)","○ 정보보안전문가를 꿈꾸는 전국 고등학교 재학생(취약계층 선발 우대)","○ 해당없음","○ 온라인 접수○ AI면접","○ 50명","○ 해당없음","○ 해당없음","○ 우대 대상 관련 증빙서류※ 자세한 사항은 첨부파일 또는 홈페이지 참고","https://www.hamkke.org/","2026-04-27","2026-05-29"
"890 ","오산교육재단","특기장학생(입상실적)","지자체(출자출연기관)","장학금","지역연고","해당없음","해당없음","해당없음","해당없음","○ 30만원~300만원 이내○ 장학생 선발 심의위원회 심사 시 세부금액 조정 가능","○ 공고일 기준 1년 이내에 문화·예술·체육·과학·수학 등 각 분야의 대회에서 입상하거나 국가기술자격을 취득한 고등학생○ 전국단위 규모 이상 대회에서 3위 이내 입상 또는 국제 대회 입상자","○ 본인 또는 보호자 중 1명이 주민등록상 공고일 기준 오산시에 거주","○ 입상실적(80)/ 거주기간(10)/ 생활정도(10)/ 국가대표표창 가산(10)※ 자세한 사항은 첨부파일 또는 홈페이지 참고","○ 80명 이내","○ 동일 수상실적으로 중복 수혜 불가※ 자세한 사항은 첨부파일 또는 홈페이지 참고","해당없음","○ 장학금 지원신청서○ 학교장 추천서○ 소속학교 재학증명서○ 주민등록초본(학생)○ 가족관계증명서(학부모)○ 생활정도 관련 증빙자료(해당자)○ 입상실적에 기재된 상장○ 수상실적확인서 또는 대회기록확인 관련 증빙서류○ 참가대회 관련 증빙서류(대회안내문·포스터 등)○ 개인정보제공동의서※ 자세한 사항은 첨부파일 또는 홈페이지 참고","https://www.osan.go.kr/main.do ","2025-03-26","2025-04-18"
"891 ","서울특별시 양천구청","공항소음피해지역 장학생","지자체(출자출연기관)","장학금","지역연고","해당없음","해당없음","해당없음","해당없음","○ 100만원 ","○ 소음대책(인근)지역 내 거주 중인 고등학교 재학생※ 자세한 사항은 첨부파일 또는 홈페이지 참고","○ 공고일 기준 소음대책·인근지역(소음도 57Lden 이상)에서 1년 이상 거주 중인 자 (학생 본인 주민등록초본상 주소)※ 자세한 사항은 첨부파일 또는 홈페이지 참고","○ 거주기간 95/ 다자녀 5※ 자세한 사항은 첨부파일 또는 홈페이지 참고","○ 133명","○ 23년 ~ 24년도 양천구 공항소음피해지역 장학금 기 수혜자1세대 2인 이상 장학금 지급대상으로 선발될 경우 최연장자 1인만 선발※ 자세한 사항은 첨부파일 또는 홈페이지 참고","해당없음","○ 신청서○ 주민등록초본○ 주민등록등본 또는 가족관계증명서(다자녀 해당자)○ 통장사본※ 자세한 사항은 첨부파일 또는 홈페이지 참고","http://www.yangcheon.go.kr","2025-09-29","2025-10-17"
"892 ","(재)인천인재평생교육진흥원","재외동포자녀지원 장학금","지자체(출자출연기관)","장학금","지역연고","해당없음","해당없음","○ ~2024학년도 입학자 : 직전과목 전 과목 내신 등급이 6등급 범위 ○ 2025년도~ 입학자: 직전학기 전 과목 내신 평균 등급이 3등급 이내※ 자세한 사항은 첨부파일 또는 홈페이지 참고","해당없음","○ 100만원","○ 공고일 기준 현재 학생 또는 부모가 재외동포(F4)사증을 발급받은 자","○ 학생 또는 부모의 국내 거주 주소지가 인천광역시인 자로 고등학교에 재학 중인 자○ 거주 주소지가 인천광역시는 아니지만 관내 고등학교에 재학 중인 자","○ 서류심사 후 장학생 선발심사위원회 심의 ○ 자격기준 충족자 중 학교성적 고득점자 순 선발","○ 10명","○ 동일년도 재단에서 실시하는 장학금 중복 선발 불가○ 장학금 2개 이상 동시 지원 불가○ 직전년도 재단장학생은 후순위 심사○ 1가구 1인 선발○ 직전년도 재단 해외 프로그램 장학생은 선발 대상에서 제외※ 자세한 사항은 첨부파일 또는 홈페이지 참고","해당없음","○ 장학생 지원신청서○ 자기소개서○ 재학증명서○ 외국국적동포 국내거소신고증 사본○ 직전학기 성적증명서○ 보통예금통장 사본 (부모명의 통장 제출 시 가족관계증명서 제출)※ 자세한 사항은 첨부파일 또는 홈페이지 참고","https://www.itle.or.kr","2026-09-10","2026-10-08"
"893 ","금천미래장학회","성적향상","지자체(출자출연기관)","장학금","지역연고","해당없음","해당없음","○ 직전 학년 성적 대비 2026년 1학기 전과목 내신 전교 석차 20% 또는 과목 내신 2등급 이상 상승한 2/3학년 학생","해당없음","○ 150만원","※ 기관확인필요","○ 공고일 현재 기준 금천구에 1년 이상 거주하고 초중등교육법 제2조에 따라 금천구 관내의 고등학교에 재학 중인 자 또는 동 연령의 학교밖 청소년","※ 기관확인필요","○ 5명","○ 장학생 선정은 1세대당 1명으로 제한○ 당해연도 금천미래장학회 장학생 및 타 장학금 수혜자○ 수혜자가 타 시군구로 전출하였을 때 ○ 학교에서 징계(퇴학/ 제적/ 정학) 처분을 받은 경우○ 한 학기 이상 휴학 또는 자퇴한 경우○ 장학생 신청서 내용과 첨부서류를 허위로 작성하였을 경우※ 자세한 사항은 첨부파일 또는 홈페이지 참고","○ 학교장 추천서 필요(추천권자 직인 필수 날인)","○ 장학생 신청서 1부○ 장학생 추천서 1부○ 학교생활기록부 Ⅱ 사본 1부○ 개인정보 수집·이용·제공 및 조회 동의서 1부○ 주민등록등초본 1부○ 장학금 지급 통장사본 1부○ 2025년 성적통지표 사본 1부○ 2026년 1학기 성적통지표 사본 1부※ 자세한 사항은 첨부파일 또는 홈페이지 참고","http://www.gcmirae.co.kr","2026-09-01","2026-09-14"
"894 ","(재)서편탐장학선교재단","장학생","기타","장학금","기타","해당없음","해당없음","해당없음","해당없음","○ 학업보조금","○ 국내 고교의 재학생으로서 학업성적이 우수하거나 재정사정이 어려운 학생○ 미 자립교회 목회자 및 군선교자 자녀 우대","해당없음","○ 온라인접수 서류심사 면접","○ 00명","※ 기관확인필요","○ 학교장 추천서/ 기독교인인 경우 소속교회 담임목사의 추천서","○ 장학생지원신청서○ 전학년 성적증명서○ 재학증명서○ 가족관계증명서○ 부모 및 학비 부담자의 과세증명서※ 자세한 사항은 첨부파일 또는 홈페이지 참고","http://www.serpentem.org","2024-12-02","2024-12-31"
"895 ","재단법인 연수큰재장학재단","연수큰재(다년간)장학생","지자체(출자출연기관)","장학금","지역연고","해당없음","해당없음","○ 2026. 9월 실시한 전국연합학력평가 성적이 전체 상위 10% 범위 이내에 있는 자※ 자세한 사항은 첨부파일 참조","○ 국민기초생활수급자/차상위계층/중증장애인/공고일 현재 가구원수 기준 기준중위소득 100% 이하 가정의의 자녀","○ 100만원 (생활비성 장학금)","○ 고등학교 3학년으로 2026. 9월 실시한 전국연합학력평가 성적이 전체 상위 10% 범위 이내에 있는 학생○ 2027학년도 1학기에 대학에 진학해서 학업을 계속하려는 자 ○ 본 재단에서 주최하는 행사에 분기별 1회 이상 성실히 참여할 의지가 있는 학생※ 자세한 사항은 첨부파일 또는 홈페이지 참고","○ 공고일로부터 12개월 전부터 공고일까지 계속하여 연수구에 주민등록이 되어 있는 학생 또는 부·모(또는 보호자)의 자녀","※ 자세한 사항은 첨부파일 또는 홈페이지 참고","○ 3명","※ 자세한 사항은 첨부파일 또는 홈페이지 참고","○ 소속 학교장 추천(반드시 학교 공문으로 신청 제출)※ 자세한 사항은 첨부파일 또는 홈페이지 참고","○ 개인(신용)정보 수집·이용·제공 및 조회·초상권 사용 동의서○ 재학증명서○ 주민등록초본○ 가족관계증명서○ 장학생신청서○ 연수큰재 장학생 자기계발 계획서○ 장학생추천서○ 성적증명서 확인※ 자세한 사항은 첨부파일 또는 홈페이지 참고","https://ysjaedan.imweb.me","2026-09-30","2026-10-23"
"896 ","남북하나재단","제3국출생탈북자녀장학","기타","장학금","기타","해당없음","해당없음","○ 해당없음","○ 해당없음","○ 100만원","○ 모집공고 마감일 현재 국내 정규 고등학교 재학생○ 대한민국 국적보유자로서 기본증명서(상세)상 제3국/남한 출생 증명이 가능한 자○ 2025년 8월 이후 고등학교 졸업학력 검정고시에 합격한 자※ 자세한 사항은 첨부파일 또는 홈페이지 참고","○ 해당없음","○ 정량평가 및 정성평가 종합점수 고득점 순으로 선발※ 자세한 사항은 첨부파일 또는 홈페이지 참고","○ 00명 내외","○ 직전 6개월 동안 300만원을 초과하여 장학금 수혜를 받은 자○ 한겨레 고등학교/대안학교 또는 재단 지원 대안교육시설에 재학 중인 자○ 재단추천에 의하여 외부기관으로부터 졸업시까지 장학금을 지원받는 자○ 정학 이상의 징계처분을 받은 자※ 자세한 사항은 첨부파일 또는 홈페이지 참고","○ 해당없음","○ 진로·진학검사지○ 장학금신청서○ 학업계획서○ 서약서○ 개인정보동의서○ 북한이탈주민확인서○ 주민등록등본○ 가족관계증명서(상세)○ 통장사본○ 소득증빙서류(택1)○ 기본증명서(상세)○ 학교생활기록부(성적명시)○ 장애인증명서(해당자)※ 자세한 사항은 첨부파일 또는 홈페이지 참고","https://www.koreahana.or.kr","2026-03-23","2026-04-10"
"897 ","부산광역시교원단체총연합회","한국교총미래엔 장학생","기타","장학금","해당없음","해당없음","해당없음","해당없음","○ 경제적 어려움이 있는 고등학생","○ 50~100만원","※ 기관확인필요","○ 부산광역시 내 거주","※ 기관확인필요","○ 1~2인","※ 기관확인필요","○ 부산광역시 교원단체 추천","○ 한국교총장학회 미래엔 장학생 지원서○ 한국교총 미래엔 장학생 후보자 자기소개서○ 한국교총 미래엔 장학생 추천서○ 개인정보 제공 및 활용 동의서 원본○ 가족관계증명서 또는 주민등록등본 원본○ 자격요견 증빙서류 원본※ 자세한 사항은 첨부파일 또는 홈페이지 참고"," http://www.bsta.or.kr/_board/noticeView.aspidx=2698","2025-08-21","2025-09-12"
"898 ","(재)시안장학회","골프인재장학생","기타","장학금","특기자","해당없음","해당없음","해당없음","해당없음","○ 연간 700만원","○ KGA 등록 고등학교 1 2학년 재학생○ 골프에 재능을 가진 아동으로 역량강화와 실력 향상을 위해 지원이 필요한 자","해당없음","※ 기관확인필요","해당없음","해당없음","해당없음","○ 장학지원서 및 부속서류○ 주민등록등본○ 경제상황확인서류○기초생활수급자 증명서 차상위계층 확인서 한부모가정 증명서 건강보험료 납부확인서○ 당해년도 KGA 랭킹(순위) 증빙※ 자세한 사항은 첨부파일 또는 홈페이지 참고","http://sian.kkapt.co.kr/","2025-11-12","2025-11-28"
"899 ","재단법인 연수큰재장학재단","연수꿈응원 장학생","지자체(출자출연기관)","장학금","지역연고","해당없음","해당없음","○ 특성화 고등학생 2학년 2026년 1학기 성적이 평균 석차 2등급 이내","해당없음","○ 50만원(생활비성 장학금)","○ 특성화 고등학교에 재학중인 3학년 학생○ 장학생으로 선발된 학생은 본 재단에서 주최하는 행사에 적극적으로 참여하여야 함※ 자세한 사항은 첨부파일 또는 홈페이지 참고","○ 공고일로부터 12개월 전부터 공고일까지 계속해서 연수구에 주민등록이 되어 있는 학생 또는 부·모(또는 보호자)의 자녀","○ 성적/재산/소득수준/거주기간/지자체 단체장상/다자녀 여부 순으로 종합적 평가※ 자세한 사항은 첨부파일 참조","○ 3명","○ 국외유학생○ 1개 분야만 신청 가능○ 한 가구 내 2인 이상 지원 시 선발 평가 대상을 1인으로 한함※ 자세한 사항은 첨부파일 또는 홈페이지 참고","○ 학교장 추천(학교 공문으로 신청 제출)※ 자세한 사항은 첨부파일 또는 홈페이지 참고","○ 개인(신용)정보 수집·이용·제공 및 조회 동의서○ 재학증명서○ 주민등록초본○ 가족관계증명서○ 장학생신청서○ 연수꿈응원 장학생 자기계발 계획서○ 장학생추천서○ 성적증명서 확인※ 자세한 사항은 첨부파일 참조","https://ysjaedan.imweb.me","2026-08-24","2026-09-30"
"900 ","공주시한마음장학회","다자녀가정 장학생","지자체(출자출연기관)","장학금","지역연고","해당없음","해당없음","○ 석차등급 9등급제 해당 학년○ 3인 이상의 자녀 가정으로 직전학기 과목별 석차가 4등급 이내 과목이 50% 이상인 학생○ 석차등급 5등급제 해당 학년 ○ 3인 이상의 자녀 가정으로 직전학기 과목별 석차가 2등급 이내 과목이 50% 이상인 학생","해당없음","○ 80만원","○ 자녀 5인 이상 가정은 1가구 2명 신청 가능","○ 관내 소재 초중고등학교 재학생 또는 졸업자○ 장학생 선발 공고일 기준 장학생 또는 장학생의 보호자가 공주시에 1년 이상 계속해서 주민등록을 둔 자","○ (재)공주시한마음장학회 운영세칙의 선발기준에 의거 (재)공주시한마음장학회 이사회에서 선발○ 장학생 선발명단은 공주시한마음장학회 홈페이지에 게시(개별통지 안함)※ 자세한 사항은 첨부파일 또는 홈페이지 참고","○ 20명 ","○ 추천권자 및 학교장으로부터 중지 요구가 있을 경우○ 기타 장학금 지급을 중단하기로 이사회에서 의결한 경우※ 자세한 사항은 첨부파일 또는 홈페이지 참고","○ 학교장 (교사)","○ 장학금 추천·신청서○ 개인정보 수집·이용·제공 및 조회 동의서○ 주민등록등본 또는 초본○ 가족관계증명서○ 통장사본○ 성적증명서※ 자세한 사항은 첨부파일 또는 홈페이지 참고","http://www.gongju.go.kr","2025-10-10","2025-10-24"
"901 ","중구월디장학회","드림장학금","지자체(출자출연기관)","장학금","지역연고","해당없음","해당없음","해당없음","해당없음","○ 200만원","○ 고등학교 재학생○ 고등학교란 학력이 인정되는 고등학교를 말하며 초·중등교육법 제51조 및 제52조에 따른 고등학교는 제외○ 전국 규모 이상 대회(시·도 대회 이상) 3위 이내 입상자○ 재학기간 중 인천 중구의 명성을 높일 발전 가능성이 많아 지원이 타당하다 판단되는 예체능 분야의 특기 우수 학생","○ 장학생 모집 공고일(2025.08.25)을 기준으로 본인 또는 학부모가 중구에 주민등록을 두고서 1년 이상 거주한 자","○ 특기성적 50점 건강보험료 30점 거주기간 10점 장애인 5점 기탁자 5점","○ 10명","○ 장학생 자격을 갖춘 학생 중 국가 또는 지방자치단체 및 타 공익법인으로부터 명시적인 장학금을 지급 받은 경우 등록금내에서 타 장학금 수령액의 차액분 전액을 지급함.(다만 학교 내 근로 장학금 등의 대가성 장학금/1회성 포상성격의 상금 또는 지원금과 특성화고 및 저소득층 학자금 면제 장학금은 타장학금 수혜로 인정하지 않음)○ 국외유학생 및 휴학생","해당없음","○ 제출서류 총괄표○ 장학금 신청서○ 장학생 추천서○ 기기타 장학금 수혜(비수혜) 사실 확인서○ 개인정보제공 동의서○ 재학증명서○ 주민등록초본(거주기간 확인용)○ 가족관계등록부(부모 및 형제자매 확인용)○ 건강보험료납부확인서(부·모 모두)○ 건강보험자격확인서(부·모 모두)○ 기타 사실 확인을 위해 필요한 추가 서류○ 입상경력 증명서※ 자세한 사항은 첨부파일 또는 홈페이지 참고","https://www.icjg.go.kr/","2025-09-01","2025-09-12"
"902 ","태백시민향토장학회","졸업축하장학금","지자체(출자출연기관)","장학금","해당없음","해당없음","3학년","해당없음","해당없음","○ 1인 100만원","○ 고3학년 졸업생 또는 검정고시 합격자 또는 대안학교 졸업생","○ 공고일 현재 태백시에 2년 이상 주민등록상 주소를 두고 있는 졸업생(본인)","※ 기관확인필요","○ 350명","○ 미 인가 대안학교○ 신청일 기준 태백시에 2년 이상 주소가 없는 졸업생","해당없음","○ 장학금 지원 신청서○ 고둥학교 졸업증명서 또는 검정고시 합격증(2024년도)○ 대안학교 인가 허가증○ 주민등록 초본(신청자 본인)○ 개인정보제공동의서※ 자세한 사항은 첨부파일 또는 홈페이지 참고","www.taebaek.go.kr","2026-01-12","2026-01-30"
"903 ","재단법인 전남인재평생교육진흥원","전남KISA지역상생","지자체(출자출연기관)","장학금","해당없음","해당없음","해당없음","○ 직전학기 성적 평균 80점 이상","○ 소득인정액 기준 중위소득 180%이하","○ 100만원","○ 공고일 기준 도내 고등학교 재학생","○ 공고일 기준 학생 본인 또는 보호자가 전라남도에 1년 이상 연속하여 주민등록이 되어 있는 학생","○ 성적 70% + 소득 30% 가점 15점 평가○ 지역공헌활동 가점 10점○ 기초생활수급자차상위계층한부모가정자립준비청소년 가점 5점","○ 21명","○ 장학금 지원은 매년 1회로 제한하며 이중/허위 수혜자는 적발 시 장학금  회수 및 3년간 지원제외※ 자세한 사항은 첨부파일 또는 홈페이지 참고","해당없음","○ 장학금신청서○ 주민등록등본○ 가족관계증명서○ 재학증명서○ 개인정보 수집이용 및 제공조회 동의서○ 신청인 서약서○ 장학금 지급 통장 사본※ 자세한 사항은 첨부파일 또는 홈페이지 참고","https://www.jntle.kr/main","2025-10-01","2025-10-31"
"904 ","사단법인 서천사랑장학회","선효행 모범장학생","지자체(출자출연기관)","장학금","지역연고","해당없음","해당없음","해당없음","해당없음","○ 50만원","○ 관내 고등학교 재학생○ 행동이 타의 귀감이 되는 학생으로 선행 및 효행의 공적이 인정되어 기관장 및 학교장의 표창을 받았거나 추천을 받은 자","○ 공고일 현재 본인 또는 본인의 부모가 서천군 내 주소지를 둔 자","※ 기관확인필요","○ 32명(초중고 포함)","○ 재학 중 1회 선발","○ 학교장 추천","○ 장학생추천서○ 주민등록등본○ 서약서○ 관련 증빙자료 (2025년도 상장 등)○ 개인정보동의서※ 자세한 사항은 첨부파일 또는 홈페이지 참고","http://www.seocheon.go.kr","2026-03-03","2026-03-20"
"905 ","(재)음성군장학회","명문고육성특별장학생","지자체(출자출연기관)","장학금","지역연고","해당없음","해당없음","○ (신입생)중학교 내신석차연명부 280점 이상○ (재학생)입학시 명문고 특별장학생으로 선발된 학생 중 직전학년 성적 상위 5% 이내","○ 해당없음","○ 신입/ 재학생 여부 및 점수에 따라 상이하므로 첨부파일 또는 기관 홈페이지 참조○ 신입생 200만원 ~ 300만원 차등지급○ 재학생 200만원","○ 해당없음","○ 장학금 신청일 현재 부모 또는 본인이 반드시 음성군에 주민등록을 두고 있어야 함","※ 기관확인필요","○ 192명 (1학년 140명/ 2~3학년 52명)○ (신입생)내신석차연명부 점수에 따라 선발 인원 상이","※ 기관확인필요","○  해당없음","○ 특별장학생 신청서○ 주민등록등본○ 가족관계증명서(부모와 주소가 다른 경우)○ 보호자 또는 학생 통장사본○ 성적확인서※ 자세한 사항은 첨부파일 또는 홈페이지 참고","https://scholarship.eumseong.go.kr","2026-02-25","2026-03-13"
"906 ","우리누리복지재단","꿈누리 장학생","기타","장학금","해당없음","해당없음","해당없음","해당없음","○ 개인 : (소득)2026년 기준중위소득 90% 이하 / (재산)부동산 기준 3억 이하(대출금 제외)○ 단체 : 소속 학생 중 개인지원자격에 해당하는 비율이 50% 이상인 문화/기능/스포츠 관련 단체","○ 개인: 고등학생 월 25만원 ○ 단체: 월 50만원※ 자세한 사항은 첨부파일 또는 홈페이지 참고","※ 기관확인필요","해당없음","○ 서류심사/면접※ 자세한 사항은 첨부파일 또는 홈페이지 참고","※ 기관확인필요","※ 기관확인필요","※ 기관확인필요","※ 기관확인필요","https://www.woorinuri.org","2026-04-15","2026-05-17"
"907 ","하동군장학재단(하동군청)","입학축하장학금","지자체(출자출연기관)","장학금","해당없음","해당없음","1학년","해당없음","해당없음","○ 고등학생 100만원","○ 하동군 관내 초/중/고등학교에 최초 입학하는 학생","○ 입학일 기준으로 학생과 학생의 보호자가 하동군에 주민등록을 둔 자","※ 기관확인필요","※ 기관확인필요","○ 전학생 해당안됨○ 입학일 기준 1년 이내 관외학교로 전학 시 지급액 전액을 회수처리","해당없음","○ 장학금 신청서○ 신청 학생 주민등록초본○ 직계존속(부/모) 주민등록초본○ 통장사본○ 입학확인서※ 자세한 사항은 첨부파일 또는 홈페이지 참고","https://www.hadong.go.kr","2026-03-09","2026-03-20"
"908 ","경상남도장학회","긴급복지가구 장학금","지자체(출자출연기관)","장학금","해당없음","해당없음","해당없음","※ 자세한 사항은 첨부파일 또는 홈페이지 참고","○ 신청일 현재 긴급복지 지원대상 가구의 학생(기준 중위소득 75% 이하)○ 신청일 현재 경남형 희망지원금 지원대상 가구의 학생(기준 중위소득 90% 이하)","○ 1인당 50만원","※ 자세한 사항은 첨부파일 또는 홈페이지 참고","○ 도내 중고등학교에 재학중인 학생○ 공고일 현재 학생 및 보호자가 도내 주민등록을 두고 있는 자","○ 서류심사","○ 100명","※ 자세한 사항은 첨부파일 또는 홈페이지 참고","○ 학생 본인(보호자) 직접 신청 또는 학교장/복지기관/읍면동 추천","○ 신청서(추천서)○ 서약서○ 자기주도 학습 및 성장계획 등※ 자세한 사항은 첨부파일 또는 홈페이지 참고","https://www.gyeongnam.go.kr","2026-03-30","2026-12-04"
"909 ","금왕장학회","다자녀장학생","기타","장학금","지역연고","해당없음","해당없음","해당없음","○ 기초생활 수급자/ 차상위 등 저소득 순","○ 100만원","○ 3자녀 이상의 가정의 음성군 관내 고등학교 재학생","○ 공고일 현재 1년 이상 금왕읍에 거주하고 있는 읍민 또는 읍민의 자녀","○ 장학생은 심의위원회의 심의를 거쳐 이사회 의결 확정","○ 2명","○ 한 가정에서 두 명 이상 신청 시 최대 한 명 선발○ 음성장학회 장학금 수여자 중복신청 불가","○ 학교장 추천","○ 장학생 신청서○ 개인정보제공동의서○ 주민등록등본○ 통장사본○ (해당자) 기초생활수급자 증명서○ 부 또는 모 기준 가족관계증명서○ 건강보험 납부확인서○ 학교장 추천서 (공문으로 대체)※ 자세한 사항은 첨부파일 또는 홈페이지 참고","http://eumseong.go.kr/","2026-02-05","2026-03-06"
"910 ","재단법인청도군인재육성장학회","기타장학생 ","지자체(출자출연기관)","장학금","지역연고","해당없음","해당없음","○ 해당없음","○ 해당없음","○ 60만원","○ 청도신화랑단으로서 품행이 방정하고 애향심이 투철한 자 중 학교장의 추천을 받은 자","○ 공고일 현재 청도군 관내 고등학교 재학생으로서 보호자 또는 학생 본인이 청도군에 1년 이상 계속하여주소를 두고 거주하고 있는 학생","※ 기관확인필요","○ 4명 (금천고 1명/ 모계고 1명/ 이서고 1명/ 청도고 1명)","○ 해당없음","○ 학교장 추천 필요","○ 장학금지원신청서○ 재학증명서○ 장학금 수혜(비수혜)확인서○ 주민등록등본(보호자)/주민등록초본(학생)○ 가족관계증명서○ 개인정보 수집·이용·제공 동의서○ 기타 장학생 추천서※ 자세한 사항은 첨부파일 또는 홈페이지 참고","https://www.cheongdo.go.kr","2026-03-16","2026-04-06"
"911 ","진안사랑장학재단","진학장학금","지자체(출자출연기관)","장학금","지역연고","해당없음","해당없음","해당없음","해당없음","○ 70만원","○ 입학장학금 : 관내 중학교를 졸업하고 관내 고등학교를 입학하는 학생○ 전학장학금 : 타 시·군·구에 소재한 고등학교에서 관내 소재 고등학교와 대안학교로 전학하는 학생","○ 입학장학금 : 입학일 기준 6개월 전부터 입학일까지 진안군에 주민등록을 두고 있으면서 관내 고등학교와 대안학교에 입학하는 학생의 부 또는 모○ 전학장학금 : 전·후 6개월 이상 군에 주민등록을 둔 학생","※ 자세한 사항은 첨부파일 또는 홈페이지 참고","※ 자세한 사항은 첨부파일 또는 홈페이지 참고","해당없음","해당없음","○ 진학장학금 신청서○ 개인정보 수집 및 활용동의서○ 학생 주민등록초본○ 가족관계증명서○ 통장사본○ 사실확인서(해당자)※ 자세한 사항은 첨부파일 또는 홈페이지 참고","https;//www.jinan.go.kr","2026-04-01","2026-04-30"
"912 ","광양시새마을회","광양시새마을지도자녀(유공)","지자체(출자출연기관)","장학금","지역연고","해당없음","해당없음","해당없음","해당없음","○ 고등학교 학비 전액(200만원 범위내)","○ 새마을운동에 2년이상 봉사한 지역/ 부녀/ 직장/ 문고지도자의 자녀 중 고등학교에 재학중인 자○ 새마을사업에 특별히 공이 있는 현직 새마을 지도자와 새마을 사업 수행 중 사망 또는 부상을 입은 전·현직새마을 지도자의 자녀※ 자세한 사항은 첨부파일 또는 홈페이지 참고","○ 광양시내에 2년이상 주민등록을 하고 있는 부모의 자녀","○ (1차) 읍면동 회장에게 1차 서류 제출/읍면동에서 심사 후 시군회로 추천○ (2차) 읍면동에서 시군내마을회로 장학생 신청서류 제출 및 심사○ (3차) 시군새마을회 추천학생 심사 후 도회로 추천※ 자세한 사항은 첨부파일 또는 홈페이지 참고","※ 기관확인필요","○ 국가 또는 지방자치단체/ 민간단체로부터 등록금 전액을 면제 받고 있는 자○ 국가 또는 지방자치단체/ 민간단체로부터 등록금 일부를 수혜 받고 있는 자 중 수혜 받고 있는 총액과 새마을 장학금을 합하여 등록금 총액의 범위를 넘지 않는 자※ 자세한 사항은 첨부파일 또는 홈페이지 참고","해당없음","※ 1차서류○ 장학생 신청서○ 주민등록등본※ 2차서류○ 장학생 추천서○ 장학금 수혜 확인서○ 2024년도 새마을지도자명부○ 직전년도 성적증명서○ 재학증명서○ 보호자(새마을지도자) 표창장 사본○ 등록금 또는 수업료 납입(청구서) 영수증 첨부※ 3차서류○ 장학금 지급신청서○ 서약서※ 자세한 사항은 첨부파일 또는 홈페이지 참고","http://www.gwangyang.go.kr/01kr/","2025-03-03","2025-03-14"
"913 ","경기도청","청소년생활장학금","지자체(출자출연기관)","장학금","기타","해당없음","해당없음","해당없음","○ 국민기초생활수급자/ 법정 차상위계층/ 법정 한부모(조손)가족 지원대상자","○ 중학생: 100만원○ 고등학생: 150만원","○ 신청일 기준 도내 주민등록을 둔 중 고등학생/ 학교밖 청소년 (2008~2013년생)○ 노동청소년 : 평생교육법 제2조제2호에 따른 학교 형태의 평생교육기관(도내 5개교)에서 교육과정을 이수중인 학생","○ 신청일 기준(25.3.17) 도내 주민등록을 둔 청소년(2007~2012년생) 또는 법정대리인※ 단 청소년·아동복지시설 생활 청소년의 경우 해당 복지시설의 장 신청 가능 ","※ 기관확인필요","○ 00명","※ 기관확인필요","해당없음","○ 생활장학금 지원신청서○ 통장사본○ 학생활기록부(재학생): 직전학기 생활기록부○ 대상자 주민등록등본·초본※ 자세한 사항은 첨부파일 또는 홈페이지 참고","https://www.gg.go.kr","2026-03-16","2026-03-27"
"914 ","재단법인 당진장학회","지정장학생","지자체(출자출연기관)","장학금","기타","해당없음","해당없음","해당없음","해당없음","○ 100만원","○ 지정학교(당진중/ 석석문중/ 당진정보고) 학교장 추천학생","○ 공고일 현재 학생 또는 보호자(부모님)가 당진시에 주민등록을 두고 1년 이상 계속하여 당진에 거주하고 있는 자","○ 장학금 신청서 접수 장학생 선발심의위원회 심사 이사회 확정","○ 3명","※ 기관확인필요","○ 학교장 추천","○ 신청서○ 개인정보수집동의서○ 본인 또는 부모의 주민등록등본/ 초본○ 지방세 완납증명서 부모 각 1부○ 통장사본※ 자세한 사항은 첨부파일 또는 홈페이지 참고","http://dangjin.go.kr/","2026-03-16","2026-03-30"
"915 ","재단법인 드림파크장학회","특기장학생","기타","장학금","특기자","해당없음","해당없음","해당없음","해당없음","○ 200만원","○ 2025년도 인천시 및 경기도 주관 대회 또는 전국 규모의 대회에서 입상하거나 다양한 분야의 발전가능성 및 장래성이 있는 학생으로 인재 육성 지원이 타당한 자","○ 본인 또는 보호자가 인천광역시 서구 또는 경기도 김포시 양촌읍에 2년 이상 거주 하고 있는 특기(예/체능)분야에 우수한 초/중/고등학생","○ 서류심사○ 위원회 심의○ 결과발표","※ 기관확인필요 ","※ 기관확인필요","○ 학교장이 추천하는 자","○ 장학생 신청서○ 학교장 추천서○ 2025년도 대회 입상 증명서○ 주민등록 등/초본 각 1통○ 개인정보 수집/이용 및 제 3자 제공 동의서○ 꿈이룸 계획서○ 복지대상 가정을 입증할 수 있는 증명서(해당자)○ 꿈이룸 사용 확인서(장학생 선발 후)※ 자세한 사항은 첨부파일 또는 홈페이지 참고","https://blog.naver.com/slcsholar","2026-01-05","2026-01-16"
"916 ","재단법인 금산교육사랑장학재단","재능Ⅱ 장학생","지자체(출자출연기관)","장학금","특기자","해당없음","해당없음","해당없음","해당없음","○ 100만원","○ 관외 초/중/고등학교 재학생 및 관내 대안학교 재학생○ 2025년도 예/체능 분야 전국 규모의 대회 또는 세계대회에서 4위 이상의 성적을 거둔 학생○ 체육의 경우 국가대표 또는 국가대표 상비군에 선발된 학생","○ 공고일 기준 1년전부터 현재까지 보호자의 주민등록이 금산군으로 되어있는 자","※ 기관확인필요","○ 4명","※ 기관확인필요","해당없음","○ 장학금지원신청서○ 서약서○ 개인정보동의서○ 소속학교 재학증명서○ 보호자의 주민등록등본○ 학생통장사본 ○ 재학증명서○ 경기실적증명서※ 자세한 사항은 첨부파일 또는 홈페이지 참고","http://geumsanedu.or.kr/","2026-03-23","2026-03-27"
"917 ","(재)중구인재육성장학재단","꿈드림(저소득)장학생","지자체(출자출연기관)","장학금","기타","해당없음","1학년2학년3학년제한없음","해당없음","○ 중위소득 100%이내 가정의 학생으로 근면 성실하며 학업에 의욕을 보이는 학생○ 긴급한 위기가정의 자녀로 장학금 지원이 필요한 학생","○ 100만원","○ 고등학교 재학생","○ 공고일 기준으로 서울시 중구에 주민등록을 두고 1년 이상 거주하고 있는 자","○ 서류심사 (장학생 종류별 세부평점기준표에 의거하여 장학생선정심사위원회에서 선발)","○ 20명","○ 국가/지방자치단체/타재단/학교/민간 등으로부터 장학금을 지원받은 자○ 선발분야 1개 분야만 신청 가능○ 장학생 신청은 1세대당 1명만 가능※ 자세한 사항은 첨부파일 또는 홈페이지 참고","○ 학교장 또는 동장의 추천","○ 장학생 신청서 및 추천서○ 직전학기 성적증명서/생활기록부○ 지방세세목별과세증명서○ 통장사본○ 임대차계약서 (해당자)○ 가점 증빙 서류 (해당자)○ 건강보험료 납부확인서※ 자세한 사항은 첨부파일 또는 홈페이지 참고","http://www.junggu.seoul.kr","2025-10-24","2025-11-07"
"918 ","사천시인재육성장학재단","예체능우수장학생 및 단체","지자체(출자출연기관)","장학금","특기자","해당없음","해당없음","해당없음","해당없음","○ (개인) 20만원 ~ 50만원○ (단체) 100 ~ 300만원※ 순위 및 경우에 따른 지원금액이 상이하므로 자세한 사항은 첨부파일 참고","○ 관내 고등학교 재학생으로서 전국대회 이상에서 3위 이상의 성적을 거둔 학생과 단체","○ 공고일 기준 사천시에 주소를 둔 자","○ 서류심사 후 재단이사회의 최종 심의·결정","※ 기관확인필요","○ 2025년 사천시 타 부서 장학금 수혜자○ 타지역 학교로 전학하거나 퇴학/자퇴할 경우 지급 중지○ 징계처분 받은 자※ 자세한 사항은 첨부파일 또는 홈페이지 참고","○ 재학중인 고등학교장 추천","○ 장학생 추천서○ 장학생 서약서○ 개인정보 수집·이용 및 제공·조회 동의서○ 주민등록초본 (주소이력 및 주민등록번호 전체 포함)○ 상장사본○ 대회요강 등 증빙서류※ 자세한 사항은 첨부파일 또는 홈페이지 참고","http://www.sacheon.go.kr","2025-01-20","2025-01-24"
"919 ","의왕시인재육성재단","제3국 출생 자녀","지자체(출자출연기관)","장학금","해당없음","해당없음","해당없음","※ 자세한 사항은 첨부파일 또는 홈페이지 참고","○ 저소득층으로 국민기초생활수급자 또는 차상위계층","○ 100만원","○ 보호결정을 받은 북한이탈주민의 자녀로 대한민국 국정 보유자○ 북한이탈주민 자녀 및 제3국 출생 자녀로 검정고시 합격자○ 북한이탈주민 자녀 및 제3국 출생 자녀로 현재 고등학교에 재학중인 학생","○ 공고일 기준 의왕시 주소를 두고 있는 자","○ 심사","○ 2명","※ 자세한 사항은 첨부파일 또는 홈페이지 참고","※ 자세한 사항은 첨부파일 또는 홈페이지 참고","○ 북한이탈주민확인서○ 주민등록등본○ 가족관계증명서※ 자세한 사항은 첨부파일 또는 홈페이지 참고","https://www.uwinjae.or.kr","2023-10-23","2023-10-27"
"920 ","재단법인 당진장학회","특별장학생","지자체(출자출연기관)","장학금","지역연고","해당없음","해당없음","○ 고등학교 신입생: 관내 중학교를 졸업하고 관내 고등학교에 입학한 학생 중/ 고입 전형 성적이 200점 만점 중 193.00점 이상인 학생○ 학교는 고입 신입생 석차 연명부 필 지참(학교별)","해당없음","○ 100만원","○ 관내 중학교 졸업한 관내 고등학교 신입생","○ 공고일 현재 학생 또는 보호자(부모님)가 당진시에 주민등록을 두고 1년 이상 계속하여 당진에 거주하고 있는 자","○ 장학금 신청서 접수 장학생 선발심의위원회 심사 이사회 확정","○ 50명","※ 기관확인필요","해당없음","○ 신청서○ 개인정보수집동의서○ 본인 또는 부모의 주민등록등본/ 초본○ 지방세 완납증명서 부모 각 1부○ 통장사본○ 고입전형성적증명서(내신) 또는 고입선발고사(내신+선발고사) 성적 신청서에만 기재 (제출 불필요)※ 자세한 사항은 첨부파일 또는 홈페이지 참고","http://dangjin.go.kr/","2026-03-16","2026-03-30"
"921 ","(재)인제군장학회","고등학생장학금","지자체(출자출연기관)","장학금","지역연고","해당없음","1학년2학년3학년제한없음","○ (재학생)직전학년의 성적이 계열별 학년석차 상위 20% 이내○ (신입생)성적에 관계없이 관내 고등학교 진학 예정자 전원 지급","해당없음","○ 50만원","해당없음","○ 신청일 현재 군 관내에 주소를 두고 2년 이상 거주하고 있는 자/ 부모 또는 보호자 중 한 명 이상이 신청일 기준 군 관내에 2년 이상 계속하여 거주하는 자※ 자세한 사항은 첨부파일 또는 홈페이지 참고","※ 기관확인필요","○ 선발기준 충족 시 접수순으로 예산의 범위 내에서 선발(단 저소득층/장애인자녀/예체능특기자 우선 선발)※ 기관확인필요","○ (재)인제군장학회 장학금과의 중복지원 불가○ 편입/ 재입학 등의 사유로 같은 학년을 중복하여 다니게 될 경우 지원받은 학년 중복지급 불가 (학년별 1회만 지급)※ 자세한 사항은 첨부파일 또는 홈페이지 참고","○ 학교장 추천/ 해당 학교에서 공문으로 일괄 신청 ","○ 인제군에 2년 이상 계속하여 거주한 부/모의 주민등록등본○ 통장사본○ 가족관계증명서○ (신입생)고등학교 입학(예정)증명서○ (재학생)재학증명서/ 성적증명서류○ 학교장 추천서○ 지원서 및 개인정보동의서※ 자세한 사항은 첨부파일 또는 홈페이지 참고","https://www.inje.go.kr/portal","2026-01-19","2026-12-04"
"922 ","광혜원면장학회","장학생","지자체(출자출연기관)","장학금","지역연고","해당없음","해당없음","○ 광혜원고등학교 재학생 중 성적상위자이며 모범학생○ 관헤원고등학교 신입생 중 2026년도 중학교 졸업예정 학생으로서 각 중학교 내신 291점 이상인자","해당없음","○ 고등학교 재학생 : 1인당 100만원○ 고등졸업예정자 : 200만원○ 관내고교신입생 : 350만원 200만원 100만원○ 관내고교신입생 성적우수자 : 1인당 50만원","○ 광혜원고등학교 재학생○ 광혜원고등학교 입학 신입생○ 광혜원고등학교 졸업예정자","○ 부모 또는 본인이 광혜원면 학군지역에 주소를 두고 장학생 선발 ○ 공고일 현재 만 5년 이상 광혜원면지역에 계속 거주하는 면민의 자녀로서 상급학교 진학예정자 및 재학생","○ 고등학교 졸업예정자는 학교장 추천으로 정한다○ 우선순위: 관내학교 출신 관내 고교 진학예정자 부모의 소득수준준※ 자세한 사항은 첨부파일 또는 홈페이지 참고","○ 고교 졸업예정자 2명/고교재학생 2/고교신입생 3명  등※ 자세한 사항은 첨부파일 또는 홈페이지 참고","○ 2025년도에 지방자치단체/ 공공단체 및 민간단체 등으로부터 광혜원면장학회 장학금액 이상의 장학금을 받은 자","○ 학교장이 받아 장학회사무실에 일괄제출","○ 장학생 신청서 1부○ 추천서 1부○ 직전학기 성적증명서 1부○ 대학수능성적표 1부○ 재산세 과세증명 1부○ 주민등록 등본 1부○ 특기성적증명서 1부○ 각서 1부○ 개인정보수집이용/ 제공동의서 1부※ 자세한 사항은 첨부파일 또는 홈페이지 참고","http://www.jincheon.go.kr/village01/main.do","2025-12-01","2025-12-30"
"923 ","사단법인 고령군교육발전위원회","예.체.기능 우수장학생","지자체(출자출연기관)","장학금","지역연고","해당없음","해당없음","해당없음","해당없음","○ 1인당 100만원 이내","○ 도 단위 대회 1위/ 전국단위 3위 입상한 학생","○ 고령군 관내 고등학교에 재학 중인 학생","※ 기관확인필요","※ 기관확인필요","※ 자세한 사항은 첨부파일 또는 홈페이지 참고","○ 재학 고등학교장 추천에 의하여 신청·접수","○ 장학생 추천서○ 증빙서류(수상실적)○ 통장사본※ 자세한 사항은 첨부파일 또는 홈페이지 참고","http://www.gredu.or.kr","2026-02-19","2026-02-25"
"924 ","오산교육재단","귀뚜라미 장학생(우수인재)","지자체(출자출연기관)","장학금","해당없음","해당없음","해당없음","해당없음","해당없음","○100만원","○ 예능: 병역법시행령 제68조의11의 국내외 예술경연대회 본선에 진출한 학생○ 체육: 대한체육회 산하 종목별 협회에서 인정한 전국단위 및 국제대회에서 3위 이내 입상한 학생※ 자세한 사항은 첨부파일 또는 홈페이지 참고","○ 본인 또는 친권자 중 1명이 공고일 기준 주민등록상 오산시에 거주","○ 입상실적 100점(동점자 처리기준: 입상실적/ 거주기간)","○ 6명","○ 2024년 오산교육재단 장학금과 중복지원 불가○ 1가구 1인 지원※ 자세한 사항은 첨부파일 또는 홈페이지 참고","해당없음","○ 장학생 지원신청서○ 개인정보 수집·이용·제공 및 조회 동의서○ 주민등록초본○ 재학증명서○ 입상실적에 기재된 상장 사본○ 수상실적확인서○ 참가대회 대회 안내문○ 학생이름의 통장사본※ 자세한 사항은 첨부파일 또는 홈페이지 참고","https://www.osan.go.kr/main.do ","2024-10-21","2024-10-23"
"925 ","재단법인 안산인재육성재단","꿈키움장학생","지자체(출자출연기관)","장학금","지역연고","해당없음","해당없음","○ 우수장학생 : 직전 학년 교과목 전체 평균이 90점 이상인 자○ 희망장학생 : 직전 학년 교과목 전체 평균이 50점 이상인 자※ 자세한 사항은 첨부파일 또는 홈페이지 참고","○ 희망장학생 : 법정저소득층(기초생활수급자 / 한부모가족 / 차상위계층) 또는 저소득 세대(전년도 국민건강보험료 월 평균 납부액이 중위소득 60% 이하의 세대)※ 자세한 사항은 첨부파일 또는 홈페이지 참고","○ 연 50만원","※ 기관확인필요","○ 선발 공고일 현재 안산시에 계속하여 3년 이상 주민등록을 두거나 합산 10년 이상 주민등록을 두고 거주하고 있는 국내 소재 고등학교에 재학 중인 학생※ 자세한 사항은 첨부파일 또는 홈페이지 참고","※ 자세한 사항은 첨부파일 또는 홈페이지 참고","○ 380명","○ 퇴학/ 정학/ 휴학 처분을 받거나 자퇴/ 군입대/ 건강장애 등 기타사유로 학업을 중단하거나 계속할 수 없을 경우 일할계산 환수※ 자세한 사항은 첨부파일 또는 홈페이지 참고","○ 추천권자(재학고등학교장)의 추천 및 학교장 추천을 통한 일괄 접수","○ 장학생 추천서○ 서약서○ 생활기록부○ 주민등록표 초본○ 통장 사본○ 개인정보 및 영상정보 수집/이용 동의서 ○ 저소득 증빙서류(희망)※ 자세한 사항은 첨부파일 또는 홈페이지 참고","http://www.ansanfys.or.kr","2026-05-18","2026-05-29"
"926 ","(재)음성군장학회","전입장학금","지자체(출자출연기관)","장학금","해당없음","해당없음","해당없음","해당없음","해당없음","○ 20만원 (생활비 지원)","○2025년 11월 1일 이후 다른 지역에서 1년 이상 주민등록을 두고 있다가 음성군으로 전입한 관내 고등학교 재학생","해당없음","※ 기관확인필요","○ 300명 (초중고대학생 포함)","○ 최초 1회 전입에 한하여 지급함※ 자세한 사항은 첨부파일 또는 홈페이지 참고","해당없음","○ 신청서○ 개인정보 수집이용 동의서○ (학생)주민등록초본○ (학생)통장사본○ (학생 기준)가족관계증명서○ 재학증명서※ 자세한 사항은 첨부파일 또는 홈페이지 참고","https://scholarship.eumseong.go.kr/www/index.do","2026-05-01","2026-11-30"
"927 ","아산시미래장학회","함께키움(다자녀) 장학금","지자체(출자출연기관)","장학금","해당없음","해당없음","해당없음","해당없음","○ 저소득층 자정의 자녀 1인※ 저소득츤: 기초생활수급자. 차상위계층 한부모가정 중위소득 130% 이하","○ 100만원 ","※ 자세한 사항은 첨부파일 또는 홈페이지 참고","○ 공고일 기준 본인 또는 부모가 주민등록상 3년 이상 아산시에 계속 거주하는 2자녀 이상(2007년 이후 출생자 2인 이상)","○ 1차 선발: 학교장 추천○ 2차 선발: 심사위원심사를 통해 최종선발","○ 25명","○ 접수일 기준 휴학 또는 학교의 징계처분을 받은 자○ 2025년도 아산시미래장학회에서 장학금을 받았거나 받을 예정인 자","○ 학교장 추천","○ 2025년 함께키움(다자녀) 장학금 신청서○ 2025년 함께키움(다자녀) 장학금 장학생 추천서○ 개인정보 수집이용제공 및 조회 동의서○ 주민등록등본○ 가족관계증명서○ 통장사본※ 자세한 사항은 첨부파일 또는 홈페이지 참고","http://asanmirae.or.kr/main/","2025-10-10","2025-10-17"
"928 ","재단법인 인천동구장학재단","창의인재 특기장학생","지자체(출자출연기관)","장학금","특기자","해당없음","해당없음","해당없음","○ 저소득층(기초생활수급자 및 차상위계층) 가산점 부여※ 자세한 사항은 첨부파일 또는 홈페이지 참고","○ 1순위 : 100만원○ 2순위 : 50만원※ 현금 50% / 지역화폐 50% 병행지급","○ 1순위: 최근 1년 이내 전국 규모 이상 대회에서 3위권 이내 입상자○ 2순위: 최근 1년 이내 전국 규모 이상 대회에서 3위권 밖 입상자 또는 광역자치단체 규모 대회에서 3위권 이내 입상자○ 장학생으로 선발된 학생은 본 재단 주최 행사에 적극적으로 참여해야 함※ 자세한 사항은 첨부파일 또는 홈페이지 참고","○ 공고일 기준 신청인 또는 보호자가 인천광역시 동구에 2년 이상 주민등록을 두고 있는 고등학교 재학생※ 자세한 사항은 첨부파일 또는 홈페이지 참고","○ 1순위 : 인천광역시 동구 거주기간에 따른 점수와 입상실적에 따른 점수를 합산하여 장학생 선발심사위원회의 심의를 거쳐 고득점자 순으로 선발○ 2순위 : 동구 거주 기간에 따른 점수를 부여하여 장학생 선발심사위원회의 심의를 거쳐 고득점자순으로 선발※ 동점자 발생시 저소득층 동구 거주기간(거주일수) 순으로 선발","○ 80명 내외(초·중·고 / 1·2순위 모든 인원 합하여)※ 예산범위 내 유동적 조정 가능","○ 단순 캠프 참여로 인한 수료증 및 교내 입상 실적은 제외※ 자세한 사항은 첨부파일 또는 홈페이지 참고","해당없음","○ 장학생 신청서○ 장학생 서약서○ 개인(신용)정보 수집·이용 제공 및 조회 동의서○ 주민등록초본 (신청인)○ 입상 등을 증명할 수 있는 서류○ 통장 사본○ 보호자의 주민등록등본 및 가족관계증명서 (동구 미거주시 제출)○ 저소득층 증명서(해당자)※ 자세한 사항은 첨부파일 또는 홈페이지 참고","https://www.icdonggu.go.kr","2025-08-25","2025-09-05"
"929 ","안양시 인재육성재단","인방 AMC 장학생","지자체(출자출연기관)","장학금","지역연고","해당없음","해당없음","○ 2022년 2학기 성적 원점수 평균이 60점 이상인 학생(신규선발 해당)","○ 2022년 선발된 인방 AMC 장학생 중 저소득/ 위기상황 등 어려움을 겪고 있는 가정의 자녀 (지속지원)","○ 100만원","해당없음","○ 관내 고등학교에 재학 중인 학생","○ 신청인원이 선발 정원 초과시 2022년도 2학기 원점수 평균 높은 순서로 선발○ 성적/  출결","○ 10명○ 지속지원 : 1명○ 신규선발 : 9명","○ 2023년 안양시 인재육성재단 장학생으로 중복 선발된 학생","○ 학교장 추천","○ 학교장 추천서○ 장학생 신청서○ 개인정보 수집 이용 동의서○ 장학생 신청인 서약서○ 2022년도 12학기 성적증명서○ 2023년 1학기 생활기록부(출결 여부 포함)○ 다짐서 및 학업실천계획서(지속) 또는 자기소개서 및 학업실천계획서(신규)○ 기초생활수급자 또는 차상위 계층 확인서(해당자)※ 자세한 사항은 첨부파일 또는 홈페이지 참고","https://www.aytalent.or.kr","2023-08-21","2023-09-01"
"930 ","경원장학재단","경원장학생","기타","장학금","기타","해당없음","해당없음","○ 2025년도 1학기 과목별 원점수 평균 80점 이상","○ 경제적으로 어려운 저소득 가정의 학생(소득 분위 무관 지원 가능)","○ 150만원","○ 전국 관할 교육청의 고등학교 1~2학년○ 기계 전기 전자 정보 및 통신 제어 메카트로닉스 로보트 자동화 컴퓨터 반도체·소프트웨어 빅데이터 인공지능 모바일 모빌리티(자동차 철도차량 등) 우주 항공 소재 재료 고분자 에너지 금형 관련 공학계 학과※ 자세한 사항은 첨부파일 또는 홈페이지 참고","해당없음","※ 자세한 사항은 첨부파일 또는 홈페이지 참고","○ 56명","※ 자세한 사항은 첨부파일 또는 홈페이지 참고","해당없음","○ 장학생 지원 신청서○ 개인정보 수집 및 이용·제공 동의서○ 재학증명서○ 성적증명서○ 가족관계증명서○ 건강보험료 납부 증명서○ 기초생활수급자 증명서(해당자)○ 본인 / 보호자 장애인 증명서(해당자)○ 전공 분야 국가인증 등록 / 자격증(해당자)※ 자세한 사항은 첨부파일 또는 홈페이지 참고","http://www.gyeongwon.kr","2025-09-02","2025-10-10"
"931 ","영천시장학회","SOS 장학금","지자체(출자출연기관)","장학금","지역연고","해당없음","해당없음","해당없음","해당없음","○ 100만원","○ 당해에 발생한 재난·재해(화재 등)로 인한 피해발생 또는 주 양육자의 사망 등으로 학업을 지속하기 어려워 긴급히 지원이 필요한 학생(세대 당 1명)","○ 장학생 선발계획 공고일 현재 1년 이상 영천시에 주소를 두고 있는 자(본인 또는 보호자)","○ 장학위원회/ (재)영천시장학회 이사회 의결을 거쳐 선발","○ 20명","※ 기관확인필요","○ 학교장 추천 필요/ 대학생은 읍면동장","○ 신청서(별지1)/ 개인정보동의서(별지3) ○ 주민등록등본 또는 초본○ 추천서(별지2호의7)○ 화재증명원/ 재해피해확인서/ 가족관계증명서(주 양육자의사망 확인) 등 증빙자료○ 대학생의 경우 재학증명서도 첨부※ 자세한 사항은 첨부파일 또는 홈페이지 참고","https://www.ycsf.or.kr","2025-12-12","2026-12-31"
"932 ","노원교육복지재단","꿈미래장학금","지자체(출자출연기관)","장학금","지역연고","해당없음","해당없음","해당없음","○ 아래조건 모두 충족○ 기준 중위소득 120% 이내 ○ 재산기준 : 4억 900만원 이하","○ 월 30만원","○ 학업에 열의가 있고 학교생활에 모범적인 고등학생○ 특수목적 고등학교 재학생(과학고·외국어고·국제고)","○ 공고일 기준 노원구에 주민등록주소를 두고 거주하고 있는 저소득 가구 학생","※ 자세한 사항은 첨부파일 또는 홈페이지 참고","○ 2명","○ 과학고·외국어고·국제고 외 고등학교 재학생(일반·예술·체육·마이스터 고등학교 등)","○ 노원구 관내학교·동주민센터·사회복지유관기관의 추천을 받은 자","○ 장학금 신청서○ 자기소개서○ 장학금 추천서(학교에서 추천하는 경우)○ 생활실태조사서(동 주민센터 또는 민간기관에서 추천하는 경우)○ 신청인 및 학부모 동의서○ 개인정보 조회·제공 및 활용 동의서○ 보건복지 통합서비스 개인정보 제공동의서○ 통장 사본○ 소득 증빙서류※ 자세한 사항은 첨부파일 또는 홈페이지 참고","http://www.newf.or.kr/","2024-04-22","2024-05-31"
"933 ","(재)부안군근농인재육성재단","특기장학금","지자체(출자출연기관)","장학금","특기자","해당없음","해당없음","해당없음","해당없음","○ 생활비 지원(개인 100만원 / 단체 200만원)","○ 중앙 및 지방의 행정기관 또는 공신력 있는 기관이 주최한 각종 대회 중 도 단위 이상의 대회 및 경진대회에서 1위 이상 (전국대회는 3위 이상) 입상한 국내 고등학교 학생","○ 부모 모두 주민등록상 1년 이상 부안에 연속 거주하며 부안소재 학교의 재학생","※ 기관확인필요","○ 00명","○ 직전 학년(2025년) 특기장학금 수혜자는 제외 대상※ 자세한 사항은 첨부파일 또는 홈페이지 참고","해당없음","○ 장학생 신청서 1부○ 개인정보제공동의 및 활용승낙서 1부○ 통장사본 1부○ 고등학교 졸업증명서 1부○ 재학증명서 1부○ 부 또는 모 가족관계증명서(상세) 1부○ 부·모 모두의 주민등록초본 1부○ 기관 발급용 수상실적 증명서 1부○ 입상 관련 자료 사본 1부※ 자세한 사항은 첨부파일 또는 홈페이지 참고","https://www.buan.go.kr","2026-09-07","2026-10-02"
"934 ","노원교육복지재단","예체능특기생장학금","지자체(출자출연기관)","장학금","특기자","해당없음","해당없음","해당없음","○ 아래조건 모두 충족○ 기준 중위소득 120% 이내 ○ 재산기준 : 4억 900만원 이하","○ 200만원","○ 학업에 열의가 있고 학교생활에 모범적인 예체능 특기 고등학교 재학생","○ 공고일 기준 노원구에 주민등록주소를 두고 거주하고 있는 자","※ 기관확인필요","○ 5명(중학생 포함)","※ 기관확인필요","○ 예체능 고등학교 재학생 : 학교장 및 동주민센터·사회복지유관기관 추천 가능○ 일반 고등학교 재학생 : 학교장 추천만 가능","○ 장학금 신청서○ 자기소개서○ 장학금 추천서(학교에서 추천하는 경우)○ 생활실태조사서(동 주민센터 또는 민간기관에서 추천하는 경우)○ 신청인 및 학부모 동의서○ 개인정보 조회·제공 및 활용 동의서○ 보건복지 통합서비스 개인정보 제공동의서○ 통장 사본○ 소득 증빙서류※ 자세한 사항은 첨부파일 또는 홈페이지 참고","http://www.newf.or.kr/","2026-04-13","2026-05-15"
"935 ","부산광역시 기장군청","입학축하금","지자체(출자출연기관)","장학금","해당없음","해당없음","해당없음","해당없음","해당없음","○ 10만원","※ 기관확인필요","○ 2026.3.3. 기준 기장군에 주민등록을 두고 2026년도 고등학교 및 학교 이외의 교육기관(대안교육기관)에 입학하는 신입생","※ 기관확인필요","※ 기관확인필요","○ 전학 및 재입학/셋째이상 자녀/성인 대상 평생교육시설(성인반) 등은 제외○ 2026년도 신입생만 해당하며 소급지원 불가","해당없음","○ 신청서○ 통장사본○ 신분증○ 가족관계증명서○ 재학증명서","http://www.gijang.go.kr","2026-03-03","2026-12-11"
"936 ","진주시청","성적우수장학생","지자체(출자출연기관)","장학금","성적우수","해당없음","해당없음","○ 직전학기 평균 석차등급 3등급 이내","해당없음","○ 50만원","○ 공고일 현재 고등학교에 재학중인 학생","○ 공고일 기준 학생 또는 보호자가 진주시에 1년 이상 주소를 두고 계속 거주중인 자","○ 대상자의 학업성적/ 가구유형/ 자녀수/ 대회성적/ 거주기간 등을 종합적으로 고려※ 자세한 사항은 첨부파일 또는 홈페이지 참고","○ 20명","※ 자세한 사항은 첨부파일 또는 홈페이지 참고","○ 학교장 추천","○ 장학생 선발 신청서○ 학교장 또는 읍면동장 추천서○ 재학증명서○ 주민등록초본○ 개인정보 수집 및 이용 동의서○ 성적증명서※ 자세한 사항은 첨부파일 또는 홈페이지 참고","https://www.jinju.go.kr/","2025-10-13","2025-10-17"
"937 ","(재)강릉시 미래인재육성재단","특기장학금","지자체(출자출연기관)","장학금","특기자","해당없음","해당없음","해당없음","해당없음","○ 100만원","○ 과학/ 수학/ 언어/ 예체능 등 특정 분야 개인종목으로 광역시·도 단위 공인대회 1위○ 국제/전국 단위 공인대회 3위 이내 입상","○ 관내 고등학교에 재학중이며 공고일 현재 주민등록 주소지가 1년 이상 강릉시에 등록된 시민 또는 그 자녀","○ 학업성적 10%/ 수상실적 60%/ 거주기간 10%/ 생활수준 20%","○ 7명","※ 기관확인필요","○ 장학금지원대상자 추천서(학교장) 필요","○ 장학금 지원신청서○ 재학증명서○ 성적증명서○ 자기소개서○ 개인정보 제공 동의서○ 가족관계증명서○ 주민등록등본/초본○ 신청자 명의 통장사본○ 전년도 입상증명서○ 건강보험료 납부확인서 또는 건강보험자격득실확인서※ 자세한 사항은 첨부파일 또는 홈페이지 참고","https://www.gninjae.or.kr","2026-03-11","2026-03-25"
"938 ","재단법인 포천시교육재단","초중고 장학생","지자체(출자출연기관)","장학금","기타","해당없음","해당없음","○ 학교장 추천으로 장학생 선발","해당없음","○ 50만원","○ 관내 초/중/고등학교 재학생 중 품행이 단정한 학생○ 성적산출을 통한 상호비교가 어려운 바 학교장 추천으로 선발","○ 포천시에 거주","※ 기관확인필요","○ 160명","○ 2023년 향토인재특별장학생 선발자","○ 학교장 추천 필요","※ 기관확인필요","http://www.pcscholarship.or.kr","2023-09-11","2023-09-22"
"939 ","(재)진천군장학회","희망사다리장학금","지자체(출자출연기관)","장학금","소득구분","해당없음","해당없음","해당없음","○ 기초생활수급자 / 차상위계층 / 한부모가족 / 영세 농업인의 자녀","○ 50만원","○ 저소득 주민 자녀로서 품행이 바른 중고등학교 재학생","○ 선발 공고일 기준 친권자 또는 본인의 주소를 진천군에 1년 이상 두고 계속 거주하고 있는 군민 또는 군민의 자녀※ 자세한 사항은 첨부파일 또는 홈페이지 참고","○ 진천군장학회 운영세칙의 선발기준에 의거 장학생선발심의위원회에서 선발※ 자세한 사항은 첨부파일 또는 홈페이지 참고","○ 7명","○ 1가정 1인 선발○ 2025년 중 휴학 예정자 및 군입대 예정자○ 원격대학 / 학점은행제 대학 / 계약학과 / 야간대학 / 직업전문학교 재학생※ 자세한 사항은 첨부파일 또는 홈페이지 참고","○ 학교장 및 주민복지과 추천","○ 장학생 추천서(학교장 직인)○ 장학생 신청서○ 재학증명서○ 타장학금 수혜/미수혜 증명서○ 주민등록등본○ 가족관계증명서○ 개인정보 수집·이용·제공 동의서○ 통장사본○ 기초생활수급자 / 차상위계층 / 한부모가족 확인서 / 농업인경영체등록확인서(택1)○ 기본증명서(해당자)※ 자세한 사항은 첨부파일 또는 홈페이지 참고","http://www.jincheon.go.kr/jcjh/main.do","2025-10-10","2025-10-31"
"940 ","심헌문화재단","기초생활수급장학생","기타","장학금","소득구분","해당없음","해당없음","○ 내신성적 학년석차 상위 20% 이내인 학생","해당없음","○ 120만원(매월 10만원 분할 지급)","○ 추천기관 관내 고등학생○ 소녀·소년가장/ 조부모가정/ 한부모 가정 등 가정형편이 어려운 학생","○ 광주/전남 지역 거주자 ","○ 서류심사※ 추천기관장의 추천(공문으로 추천)에 의해 선발위원회에서 심사※ 2026학년도 장학생은 장학증서 수여식 필참(보호자 동반 참석 가능/불참할 경우 장학금 지급이 정지 또는 취소됨)","○ 광주광역시 북구청 : 신규선발 5명○ 전남 보성군청 : 신규선발 5명 ","○ 기존 기초생활수급장학생 제한※ 자세한 사항은 첨부파일 또는 홈페이지 참고","※ 자세한 사항은 첨부파일 또는 홈페이지 참고","○ 장학금 신청서 1부○ 학교생활기록부 원본 1부○ 국민기초생활보장수급자증명서 1부○ 자기소개서 1부※ 자세한 사항은 첨부파일 또는 홈페이지 참고","http://simhun.or.kr","2026-01-05","2026-01-23"
"941 ","영암군미래교육재단","읍면차상위계층학생장학금","지자체(출자출연기관)","장학금","소득구분","해당없음","해당없음","해당없음","○ 차상위 계층 자녀로 재산 및 소득수준 하위자","○ 150만원","○ 관내 고등학교 재학생※ 신청자가 많을 경우 저소득계층 우선 선발","○ 부 또는 모와 학생 본인이 장학금 선말 공고 당시 3년 이상 영암군에 주소를 두고 현재 거주하는 자","○ 선발 심사는 서류심사 원칙(분야별 심사요건 선정기준 등)으로 함○ 지원대상자 선발은 (재)영암군민장학회 이사회 심의를 거쳐 최종 결정후 확정함","○ 읍 : 3명 / 면 : 2명","○ 국가 또는 지방자치단체·공공단체 및 민간단체의 장학금·직장 학자금 등 타장학금을 받은 자는 제외함 (본 장학회 지급 기준액 이하를 받은 자는 이사회 의결에 의해 자격을 득할 수 있으며 차액을 지급함)○ 각 학교 교칙에 의하여 징계 전력이 있는 자는 지원 제외","○ 읍면장 추천","○ 장학금 신청서○ 개인정보 수집·이용 동의서○ 신청인 서약서○ 통장계좌 사본○ 주민등록초본○ 읍면장 추천서○ 차상위 계층 확인서 또는 기초생활수급자 증명서※ 자세한 사항은 첨부파일 또는 홈페이지 참고","https://yeongam.go.kr","2026-04-13","2026-05-12"
"942 ","IBK행복나눔재단","IBK장학생","기타","장학금","소득구분","해당없음","해당없음","해당없음","○ 연소득 7000만원 이하의 중소기업 근로자 또는 소상공인 본인 및 미혼의 자녀","○ 기업의 기부 참여에 따라 장학금 수령 금액 상이(기부 미참여시 80만원/최대 100만원)","○ 고등학교 재학생","해당없음","※ 기관확인필요","※ 기관확인필요","○ 대기업/공공기관 임원 및 근로자○ 중소기업 대표자 및 임원○ 휴학생○ 국외 소재 학교의 학생 지원 불가※ 자세한 사항은 첨부파일 또는 홈페이지 참고","해당없음","○ 가족관계증명서○ (근로자) 25년 근로소득원천징수영수증○ (소상공인) 25년 소득금액증명원 및 사업자등록증○ 26년 건강보험료 납부확인서○ 거주주택 관련 서류○ 자기소개서○ 전체 학년 성적증명서○ 학생 명의의 당행 통장※ 자세한 사항은 첨부파일 또는 홈페이지 참고","http://www.ibkfoundation.or.kr/","2026-03-19","2026-03-27"
"943 ","(재)한국장학재단","복권기금 꿈사다리 우수 장학금(SOS)","한국장학재단","장학금","해당없음","해당없음","해당없음","해당없음","○ 긴급 구난사유에 해당하는 만24세 이하 학생긴급복지지원법 제2조에 해당하거나 이에 준하는 긴급위기 상황 (본인 및 가구구성원의 중증질병 및 부상 / 주소득자의 사망·가출·행방불명 등 / 가정폭력 등 자세한 사항은 한국장학재단 홈페이지 참고)","○ 월 30만원 장학금(카드포인트) 지급 (선발 후 총 10개월간 한시적으로 지원)","○ 대한민국 국적을 가지고 국내 중학교 및 고등학교(초중등교육법 제 2조에 따른 학교)에 재학중인 학생으로 만 24세 이하에 해당하는 자 ○ 선발 자격요건을 갖춘 학생으로 긴급한 위기상황에 처했으나 학업을 지속할 의지가 있는 학생","해당없음","○ 1단계 : 학교(학생)추천○ 2단계 : 서류심사○ 3단계 : 심층평가/최종선발","○ 1500명 (학교별 신청인원 제한 없음)","○ 학교폭력 가해 이력 등 사회적 물의를 일으킨 학생○ 기존 SOS 장학생으로 선발된 이력이 있는 경우 재신청 불가○ 꿈 다문화 장학금과 중복추천(신청) 불가","○ 소속 학교(교사 또는 교직원)는 재단 학자금지원시스템에 접속하여 추천 장학생 기초정보 입력","○ 개인정보동의서 및 신청인 동의서○ 신청인 기본정보○ SOS 장학금 신청서 표지○ SOS 장학금 신청서※ 자세한 사항은 첨부파일 또는 홈페이지 참고","https://www.kosaf.go.kr/ko/scholar.dopg=scholarship05_17_01&naviParam=JH100101","2026-09-01","2026-09-23"
"944 ","재단법인 진도군인재육성장학회","특기 장학생","지자체(출자출연기관)","장학금","특기자","해당없음","해당없음","해당없음","해당없음","○ 60만원※ 장학금은 생활비 지원을 목적으로 함","○ 문화·예술·체육·과학기술 분야 등에 뛰어난 고등학생으로서 시·군 이상의 자치단체나 기관에서 주관한 국제대회/전국대회/전라남도대회(도단위기관)에서 3위 이내의 성적을 거둔 학생 또는 특기자 전형에서 선발된 자","○ 장학생 선발 공고일 현재 진도군에 주민등록을 두고 있는 군민 또는 그 자녀 중 고등학교에 재학중인 자","○ (재)진도군인재육성장학회 운영규칙 제7조(장학생 선발요건) 및 제10조(장학생 선발)에 근거하여 이사회에서 선발","※ 기관확인필요","○ 2025년도 상반기장학생/명문고장학생/전남인재장학생/지역인재장학생은 신청 제외","해당없음","○ 인재육성장학금 신청서○ 주민등록등본○ 재학증명서○ 개인정보 수집·이용 및 제공·조회 동의서○ 장학금 지급 통장 사본○ 입상증빙자료(상장)※ 자세한 사항은 첨부파일 또는 홈페이지 참고","https://www.jindo.go.kr","2025-09-10","2025-09-26"
"945 ","부산사상구장학회","일반장학금","지자체(출자출연기관)","장학금","지역연고","해당없음","해당없음","○ 고등학생 1/2학년: 3과목(국어/ 수학/ 영어) 평균 5등급 이내","해당없음","○ 50만원","○ 학업성적이 우수하고 품행이 바른 학생","○ 세대주 또는 보호자가 사상구 관내에 주소를 두고 장학금 신청일 현재 거주하고 있는 구민의 자녀","※ 기관확인필요","○ 60명","○ 국가 등 타기관으로부터 연간 200만원 이상 장학금을 받은 학생○ 한가구의 부동산과 동산 합하여 2억 5천만원 이상 소유자","해당없음","○ 장학생 신청서○ 장학생 추천서○ 주민등록등본○ 재학증명서○ 학교생활기록부○ 장학금수혜여부 확인서○ 가점 대상자 증명서※ 자세한 사항은 첨부파일 또는 홈페이지 참고","http://www.sasang.go.kr/index.sasang ","2023-12-04","2024-01-05"
"946 ","재단법인 안동시장학회","꿈드림장학생","지자체(출자출연기관)","장학금","지역연고","해당없음","해당없음","해당없음","해당없음","○ 80만원","○ 초·중·고등학교 검정고시를 직전년도 합격한 청소년(9세~24세)","○ 보호자 또는 학교 밖 청소년이 안동시에 1년 이상 주소를 둔 자","○ 검정고시 50% 소득수준 50% 반영해 선발","○ 10명","○ 학력별 1회 지원○ 당해 연도 1세대 2인 신청 시 그 중 1명 선발○ 안동시장학회로부터 동일 분야로 장학금을 수령한 자 제외※ 자세한 사항은 첨부파일 또는 홈페이지 참고","○ 학교 밖 청소년지원 센터장의 추천을 받은 자","○ 장학금 지원신청서○ 개인정보 동의서○ 추천서○ 장학금 지급신청서○ 서약서○ 장학금 수혜(비수혜)확인서○ 재학증명서 또는 합격통지서○ 교육비(등록금) 납입증명서○ 보호자의 주민등록등본○ 검정고시 합격증 및 성적증명서○ 부모의 전년도 건강보험료 납부증명서※ 자세한 사항은 첨부파일 또는 홈페이지 참고","https://www.ascholarship.or.kr","2026-03-16","2026-04-03"
"947 ","재단법인 당진장학회","특기장학생","지자체(출자출연기관)","장학금","특기자","해당없음","해당없음","해당없음","해당없음","○ 100만원","○ 선발 공고일 기준 1년 이내 국제대회 3위 이상 및 전국대회 3위 이상 입상○ 단체전(5인이상) 입상 시 참가기관이 신청(단체에 200만원 지급)※ 자세한 사항은 첨부파일 또는 홈페이지 참고","○ 공고일 현재 학생 또는 보호자가 당진시에 주민등록을 두고 1년 이상 계속하여 당진에 거주하고 있는 자","○ 장학금 신청서 접수 장학생 선발심의위원회 심사 이사회 확정","○ 4명","※ 기관확인필요","○ 학교장 추천(단체)","○ 신청서○ 개인정보수집동의서○ 본인 또는 부모의 주민등록등본/ 초본○ 지방세 완납증명서 부모 각 1부○ 통장사본○ 대회 입상 증빙 서류※ 자세한 사항은 첨부파일 또는 홈페이지 참고","http://dangjin.go.kr/","2026-03-16","2026-03-30"
"948 ","재단법인 대구광역시인재육성장학재단","이음 장학금","지자체(출자출연기관)","장학금","기타","해당없음","해당없음","해당없음","해당없음","○ 100만원","○ 학교생활 부적응 및 불우 가정환경 등으로 인한 학업중단 위기를 극복한 후 학교생활에 적응한 고등학생","해당없음","○ 학교 및 시설에서 장학생 선발 심사위원회를 개최하여 시교육청 담당부서로 학생 추천 후 시교육청 담당부서에서 적/부심사위원회 개체하여 선발※ 이음 장학금 담당부서 : 생활인성교육과","○ 50명","○ 장학금 수령자가 학업을 중단(휴학/자퇴)할 때○ 징계 처분을 받았거나 품행이 극히 불량할 때○ 중복 지원 제외 (2025년 대구인재육성장학재단 장학금 기지원자 제외)※ 자세한 사항은 첨부파일 또는 홈페이지 참고","○ 학교장 추천 필요","○ 학교장추천서○ 개인정보 수집/이용 동의서○ 사유서 (학교 세외계좌일 경우만 제출)○ 통장사본※ 자세한 사항은 첨부파일 또는 홈페이지 참고","https://www.dge.go.kr","2025-09-19","2025-10-24"
"949 ","재단법인논산시장학회","사회적배려장학금","지자체(출자출연기관)","장학금","지역연고","해당없음","해당없음","○ 해당없음","○ 소년소녀가장/ 조손등 위탁가정/ 장애인이 등록된 가구원/ 한부모 가정/ 드림스타트 혹은 위기가정 등 사례관리 대상 가정 / 아동양육시설에 거주했던 자 / 소상공인 증 경제적 위기가정으로 건강보험료 본인부담금 기준 중위소득 80% 이내 어려운 가구","○ 50만원","○ 관내 중고등 학교 재학생 중 사회적 취약계층","○ 학생본인 부모 중 한명이라도 공고일 기준 논산시에 계속하여 1년이상 주민등록을 둔 자","※ 기관확인필요","○ 30명","○ 해당없음","○ 읍면동장 추천 필요","○ 장학생 추천서○ 주민등록 등본과 초본○ 가족관계증명서○ 입출금 통장 사본○ 재학증명서○ 사회적 취약계층 입증 서류○ 개인정보 수집 및 활용 동의서※ 자세한 사항은 첨부파일 또는 홈페이지 참고","http://www.nonsan.go.kr","2026-03-16","2026-04-30"
"950 ","재단법인 목포인재육성재단","희망장학생(북한이탈주민)","지자체(출자출연기관)","장학금","지역연고","해당없음","해당없음","해당없음","해당없음","○ 50만원","○ 본인이나 부 또는 모가 북한이탈주민인 경우○ 모집인원 초과 시 건강보험료 100%","○ 공고일 현재 본인 및 보호자가 목포시 내에 1년 이상 주소를 두고 목포시 소재 고등학교에 재학 중인 자","※ 기관확인필요","○ 3명※ 장학금별 선발인원은 예산규모에 맞게 탄력적으로 운영영","○ 2026년 전남인재평생교육진흥원 장학금 수령자 제외○ 선발 전형에 상관없이 1가구 1명 선발 원칙","해당없음","○ 목포장학재단 장학금 신청서○ 신청인 서약서○ 개인정보수집·이용 및 제공·조회 동의서○ 주민등록등본○ 가족관계증명서○ 건강보험 자격확인서 및 건강보험료 납부확인서○ 재학증명서○ 통장사본○ 북한이탈주민 확인서※ 자세한 사항은 첨부파일 또는 홈페이지 참고","http://www.mokposaf.com/","2026-05-26","2026-06-12"
"951 ","오산교육재단","귀뚜라미 장학생(희망인재)","지자체(출자출연기관)","장학금","해당없음","해당없음","해당없음","해당없음","○ 국민기초생활보장법상의 수급자 및 저소득 차상위계층 가정의 자녀 또는 본인※ 자세한 사항은 첨부파일 또는 홈페이지 참고","○ 100만원","해당없음","○ 본인 또는 친권자 중 1명이 공고일 기준 주민등록상 오산시에 거주","○ 생활정도 100점(동점자 처리 기준: 생활정도 / 거주기간)※ 자세한 사항은 첨부파일 또는 홈페이지 참고","○ 9명","○ 2024년 오산교육재단 장학금과 중복지원 불가○ 1가구 1인 지원※ 자세한 사항은 첨부파일 또는 홈페이지 참고","해당없음","○ 장학생 지원신청서○ 개인정보 수집·이용·제공 및 조회 동의서○ 주민등록초본○ 주민등록등본○ 재학증명서○ 수급자 증명서 또는 차상위계층확인서※ 자세한 사항은 첨부파일 또는 홈페이지 참고","https://www.osan.go.kr/main.do ","2024-10-21","2024-10-23"
"952 ","재단법인 광남새마을금고 장학회","예체능특기장학생","기타","장학금","특기자","해당없음","해당없음","해당없음","해당없음","○ 80만원","○ 관내 고등학교 재학생 중 예체능(에슐/체육/기타 기능)에 소질과 재능이 뛰어난 학생○ 최근 2년 이내에 시/도 단위대회 3위이상 또는 전국규모의 대회에서 10위 이상 입상한 자","○ 공고일 현재 2년이상 광명시 관내에 주소를 두고 거주하는 시민 및 그 자녀","○ 정부지원대상자(국민기초생활수급자/한부모가정 자녀/차상위계층 자녀/기타복지대상자) 우선선정○ 추천순위 : 복지장학생 예체능 특기장학생 우등장학생","○ 77명(복지장학생/우등장학생/예체능장학생 포함)○ 광명시 관내 고등학교의 학교당 7명 선발 (학교장 추천)","해당없음","○ 학교장 추천","○ 장학생 신청서○ 학교장 추천서○ 성적증명서○ 주민등록원초본○ 개인정보 제공동의서○ 보호자 통장사본○ 입상증명서※ 자세한 사항은 첨부파일 또는 홈페이지 참고","http://www.kwangnam.co.kr/","2025-10-21","2025-11-26"
"953 ","(재)인천인재평생교육진흥원","다자녀가정지원 장학금","지자체(출자출연기관)","장학금","지역연고","해당없음","해당없음","○ 재학생 : 직전 학기 전 과목 내신 평균 등급 3등급 이내※ 자세한 사항은 첨부파일 또는 홈페이지 참고","○ 해당없음","○ 100만원","○ 인천 소재 중학교를 졸업한 관내 고등학교 정규학기 재학생○ 2자녀 이상의 다자녀 가정","○ 선발 공고기준일 현재 학생 또는 부모의 주민등록 주소지가 인천인 자","○ 서류심사 : 지원대상 및 자격기준 충족자 중 학교성적 상위 고득점 순 선발○ 최종선발 : 장학생 선발심사위원회 심의","○ 56명","○ 전년도(2025) 재단 장학생은 심사 대상에서 제외○ 장학금 2개 이상 동시 지원 불가○ 1가구 1인 선발※ 자세한 사항은 첨부파일 또는 홈페이지 참고","○ 해당없음","○ 중학교 졸업증명서○ 성적증명서○ 재학증명서○ 주민등록등본○ 가족관계증명서○ 보통예금통장 사본※ 자세한 사항은 첨부파일 또는 홈페이지 참고","https://itle.or.kr","2026-03-30","2026-04-19"
"954 ","광양시새마을회","광양시새마을지도자녀(특기)","지자체(출자출연기관)","장학금","특기자","해당없음","해당없음","해당없음","해당없음","○ 고등학교 학비 전액(200만원 범위내내)","○ 새마을운동에 2년이상 봉사한 지역/ 부녀/ 직장/ 문고지도자의 자녀 중 고등학교에 재학중인 자○ 새마을지도자 1인에 1자녀만 해당○ 기능/ 체육/ 예능 소질과 재능이 뛰어난 학생○ 2년이내에 새마을장학금의 수혜 경험이 없는 지도자의 자녀※ 자세한 사항은 첨부파일 또는 홈페이지 참고","○ 광양시내에 2년이상 주민등록을 하고 있는 부모의 자녀","○ (1차) 읍면동 회장에게 1차 서류 제출/읍면동에서 심사 후 시군회로 추천○ (2차) 읍면동에서 시군내마을회로 장학생 신청서류 제출 및 심사○ (3차) 시군새마을회 추천학생 심사 후 도회로 추천※ 자세한 사항은 첨부파일 또는 홈페이지 참고","※ 기관확인필요","○ 국가 또는 지자체/ 민간단체로부터 등록금 전액을 면제 받고 있는 자○ 국가 또는 지자체/ 민간단체로부터 등록금 일부를 수혜 받고 있는 자 중 수혜 받고 있는 총액과 새마을 장학금을 합하여 등록금 총액의 범위를 넘는 자","○ 학교장 추천","※ 1차서류○ 장학생 신청서○ 주민등록등본 ※ 2차서류○ 장학금 수혜 확인서○ 2024년도 새마을지도자명부○ 직전년도 성적증명서○ 재학증명서○ 등록금 또는 수업료 납입(청구서) 영수증 첨부※ 3차서류○ 장학금 지급신청서○ 서약서※ 자세한 사항은 첨부파일 또는 홈페이지 참고","http://www.gwangyang.go.kr/01kr/","2025-03-03","2025-03-14"
"955 ","효봉장학회","글로벌효봉장학생","기타","장학금","기타","해당없음","해당없음","해당없음","해당없음","○ 중고생 1인당 50만원 한도","○ 전국의 각 중고등 학생/ 2025년 재학생 대상","해당없음","※ 자세한 사항은 첨부파일 또는 홈페이지 참고","○ 0명","○ 상기 대상자중 교내 중복수혜 불가하며 국가장학금 수혜자 제외(단 등록금 한도 내에서 이중수혜 가능) 생활지원금 불가","해당없음","○ 신청서○ 주민등록등본○ 자기소개서○ 추천서○ 재학증명서○ 전학년 성적증명서○ 세목별 과세증명서※ 자세한 사항은 첨부파일 또는 홈페이지 참고","https://hypbongsf.com/home","2025-09-01","2025-10-15"
"956 ","경상북도 울릉군청","다둥이장학금","지자체(출자출연기관)","장학금","지역연고","해당없음","해당없음","해당없음","해당없음","○ 80만원","○ 도내 2자녀 이상 가구의 고등학생○ 도내 소재한 학교에 재학 중인 학생※ 자세한 사항은 첨부파일 또는 홈페이지 참고","○ 2025년 7월 말 기준 학생 또는 학부모의 주민등록상 주소지가 울릉인 자","○ 1순위: 관내 학교 재학 중인 자녀 가정○ 2순위: 다자녀 수가 많은 가정○ 3순위: 성적순(직전학기 성적 산출)※ 자세한 사항은 첨부파일 또는 홈페이지 참고","○ 1명","○ 한 가정 당 한명씩 신청○ 19~24년도 다둥이 장학금 수령자 제외※ 자세한 사항은 첨부파일 또는 홈페이지 참고","해당없음","○ 가족관계증명서○ 주민등록등본○ 재학증명서○ 성적증명서○ 통장사본(본인 또는 학부모)○ 인적사항 확인서○ 개인정보수집이용 및 제공조회동의서※ 자세한 사항은 첨부파일 또는 홈페이지 참고","http://www.ulleung.go.kr/","2025-08-06","2025-09-03"
"957 ","영암군미래교육재단","고등학교우수신입생 장학금","지자체(출자출연기관)","장학금","지역연고","해당없음","해당없음","○ (관내) 내신성적 15% 이내○ (관외) 내신성적 5% 이내","해당없음","○ 100만원","○ 관내·관외 중학교 졸업생 중 관내 고등학교 진학 학생","해당없음","○ 선발 심사는 서류심사 원칙(분야별 심사요건 선정기준 등)으로 함○ 지원대상자 선발은 (재)영암군민장학회 이사회 심의를 거쳐 최종 결정후 확정함","○ 53명","○ 신입생 장학금을 지급 받고 관외 전학 시 기 지급된 장학금 전액 반납","○ 학교장 추천","○ 장학금 신청서○ 개인정보 수집·이용 동의서○ 신청인 서약서○ 통장계좌 사본○ 학교장(총장) 추천서○ 성적증명서※ 자세한 사항은 첨부파일 또는 홈페이지 참고","https://yeongam.go.kr","2026-04-13","2026-05-12"
"958 ","(재)두산연강재단","장학생","기타","장학금","해당없음","해당없음","해당없음","해당없음","해당없음","○ 100만원","○ 어려운 가정형편에도 불구하고 학업 성적이 우수하여 타학생에 모범이 되는 자","해당없음","※ 기관확인필요","○ 0명","○ 본 사업은 협력 고등학교를 대상으로 진행됨※ 기관확인필요","※ 기관확인필요","○ 장학금 수혜지원서(자기소개서 포함)○ 학교장 추천서○ 개인정보 수집이용동의서○ 수금용 결제계좌신고서○ 입금용 학교 통장 사본○ 전년도 2학기 성적증명서 또는 생활기록부○ 학교 추천 공문※ 자세한 사항은 첨부파일 또는 홈페이지 참고","https://www.yonkang.org/kr","2026-04-01","2026-04-30"
"959 ","계양구 인재양성장학재단","특기장학생","지자체(출자출연기관)","장학금","특기자","해당없음","해당없음","해당없음","해당없음","○ 100만원(생활비성 장학금)","○ 최근 1년 이내(공고일 기준) 교육/ 문화/ 체육/ 예술/ IT분야 등 각종 시/도 규모이상 대회에서 3위 이상 입상자○ 계양구의 명성을 떨칠 가능성이 많아 육성지원이 타당하다고 판단되는 특기 우수 장학생※ 자세한 사항은 첨부파일 참조","○ 공고일 현재 본인 또는 학부모가 계양구에 1년 이상 주민등록 주소지를 두고 거주하고 있는 구민○ 계양구 관내에 소재한 고등학교 재학생※ 자세한 사항은 첨부파일 또는 홈페이지 참고","○ 최대 5개 수상성적의 합 + 가산점(다자녀) 최대 10※ 자세한 사항은 첨부파일 참조","○ 지급 총액 내에서 지원 가능인원 선발하여 연령별 차등지급※ 자세한 사항은 첨부파일 참조","○ 장학생 선발 장학금 지급 관련 공고일 기준 본인 또는 부모친권자가 계양구에 1년 이상 주민등록을 두고 있는 상태가 아닌 경우○ 선발 이후 장학생 선발 일정에 따라 관련 서류를 제출하지 않은 경우○ 동일연도 내 재단에서 실시하는 장학금에 중복선발하는 경우※ 자세한 사항은 첨부파일 참조","해당없음","○ 장학금 신청서○ 개인정보 수집·이용 제공조회 동의서○ 신청인 서약서○ 신청자의 주민등록초본 혹은 부 또는 모 기준의 주민등록초본○ 부 또는 모 기준의 가족관계증명서○ 생활기록부(해당자)○ 대회수상 실적서 ○ 교육/ 문화/ 체육/ 예술/ IT분야 등 각종 대회 수상실적 증명 또는 상장사본○ 저소득층 확인서(해당자)※ 자세한 사항은 첨부파일 참조","http://gyedu.gyeyang.go.kr","2025-09-29","2025-10-13"
"960 ","제주특별자치도청","새마을지도자","지자체(출자출연기관)","장학금","지역연고","해당없음","해당없음","○ 품행이 단정하고 입학 또는 재학 중 학과성적이 재적학년 정원의 100분의 50 이내인 사람","○ 중위소득 120% 이하인 가구","○ 1인당 250만원 이내","○ 제주특별자치도 새마을지도자로 2년 이상 근속한 사람의 자녀로서 경제적으로 어려워 고등학교 교육을 받기 어려운 사람○ 기능/ 체육/ 예능에 소질과 재능이 뛰어난 사람","○ 본인이나 그 보호자가 제주자치도에 거주하는 자","※ 기관확인필요","※ 기관확인필요","해당없음","해당없음","○ 주민등록등본○ 수업료납입영수증○ 통장사본○ 개인정보제공동의서○ 건강보험료납부확인서○ 직전학년성적증명서○ 소속단체장의 활동확인서※ 자세한 사항은 첨부파일 또는 홈페이지 참고","https://www.jeju.go.kr/index.htm","2026-04-09","2026-04-27"
"961 ","재단법인 목포인재육성재단","희망장학생(농·어업인)","지자체(출자출연기관)","장학금","지역연고","해당없음","해당없음","해당없음","해당없음","○ 50만원","○ (농업) <농업·농촌 및 식품산업기본법> 제3조제2호 같은법 시행령 제 2조 1항의 각 호의 어느 하나에 해당하는 자의 자녀○ (어업) <수산업·어촌 발전기본법> 제3조제3호 및 같은법 시행령 제 3조제2항의 각 호의 어느 하나에 해당하는 자의 자녀","○ 공고일 현재 본인 및 보호자가 목포시 내에 1년 이상 주소를 두고 목포시 소재 고등학교에 재학 중인 자","○ 지원 요건 충족 시 지원 (모집인원 초과 시 건강보험료 100%)","○ 3명 ","○ 2026년 전남인재평생교육진흥원 등 타 장학금 수령자○ 선발 전형에 상관없이 1가구 1명 선발 원칙","해당없음","○ 목포장학재단 장학금 신청서○ 신청인 서약서○ 개인정보수집·이용 및 제공·조회 동의서○ 주민등록등본○ 가족관계증명서○ 건강보험 자격확인서 및 건강보험료 납부확인서○ 재학증명서○ 통장사본○ (농업) 농업경영체 등록확인서 또는 농업인확인서○ (어업) 어업경영체 등록확인서/ 어선원부/ 어업허가증/ 잠수어업인증/ 승선확인서 중 택1※ 자세한 사항은 첨부파일 또는 홈페이지 참고","http://www.mokposaf.com/","2026-05-26","2026-06-12"
"962 ","경산시장학회","공로자녀장학금","지자체(출자출연기관)","장학금","해당없음","해당없음","해당없음","해당없음","해당없음","○ 100만원","○ 국내 고등학교 장학생○ 관내 경찰서 소방서 등 우리 지역 안전을 위해 재직중인 직원의 성적이 우수한 자녀","해당없음","※ 기관확인필요","○ 10명 (초중고대학생 포함)","○ 경산시장학회 직전년도 기 수혜자○ 휴학생※ 자세한 사항은 첨부파일 또는 홈페이지 참고","○ 경찰서장 소방서장 추천","○ 신청서○ 재학증명서○ 보호자 재직증명서○ 가족관계증명서○ 통장계좌사본○ 개인정보제공이용 동의서※ 자세한 사항은 첨부파일 또는 홈페이지 참고","http://www.gsjhh.co.kr/","2026-03-04","2026-03-20"
"963 ","재단법인 전남인재평생교육진흥원","특별격려 장학생","지자체(출자출연기관)","장학금","지역연고","해당없음","해당없음","해당없음","해당없음","○ 50만원 ~ 500만원(학업장려금으로 이중수혜 가능)","○ 전국체전 메달획득/국제대회 수상 등 전라남도를 빛낸 특별한 공적이 있는 초등학생부터 대학원생※ 공고일 기준 유효기간 1년이내 수상실적만 인정","○ 공고일 기준 학생 본인 또는 보호자 (부 또는 모/후견인)가 1년 이상 전라남도에 주민등록 되어 있는 학생","○ 수상실적 등 관련 공적서류 100%(필요시 면접 진행할 수 있음)","○ 5명 (초~대학원생)","○ 진흥원에서 추진하는 사업에 선정되어 지원금을 받고 있는 경우(중복수혜 금지사업에 해당할 경우) 장학금에 중복하여 신청 및 선발 불가○ 동시 지원 시 선접수된 지원서만 심사○ 1가구 2명 이상이 선발대상자일 경우 1인만 선발○ 자퇴/퇴학 시 지원 중단되며 반납해야함※ 자세한 사항은 첨부파일 또는 홈페이지 참고","해당없음","○ 장학금신청서○ 주민등록등본○ 가족관계증명서○ 재학증명서○ 개인정보 수집·이용 및 제공·조회 동의서 ○ 장학금 지급 통장 사본○ 수상실적증명서○ 행정정보 공동이용 서비스○ 봉사활동확인서(가점)※ 자세한 사항은 첨부파일 또는 홈페이지 참고","https://www.jntle.kr","2025-04-21","2025-05-09"
"964 ","재단법인김제사랑장학재단","체육꿈나무 격려장학","지자체(출자출연기관)","장학금","지역연고","해당없음","해당없음","해당없음","해당없음","○ 100만원","○ 전북특별자치도민체육대회 1위 수상자 또는 전북특별자치도장애인체육대회 1위 수상자","○ 김제시 관내 고등학교 체육분야 재학 학생","○ 격려금 지급 대상자는 장학생 선발심의위원회에서 선정","※ 기관확인필요","해당없음","해당없음","○ 격려금 지원 신청서 1부○ 수상실적 증빙자료 1부○ 재학증명서 1부○ 통장 사본 1부※ 자세한 사항은 첨부파일 또는 홈페이지 참고","http://www.gimjelove.kr","2025-09-29","2025-10-10"
"965 ","순천시인재육성장학회","특기자장학금","지자체(출자출연기관)","장학금","특기자","해당없음","해당없음","해당없음","해당없음","○ 국내 : 100만원○ 국제 : 200만원○ 꿈응원 : 600만원","○ 각종 국내·외 대회(문학/과학 기술/예·체능분야)로 공고일 기준 1년 이내 국제대회 3위 이내 / 전국단위 및 도단위 대회 2위 이내 / 시단위 대회에서 1위 이상 입상자○ 꿈응원 : 공고일 기준 2년 이내 예체능·기능·문학 등 도 단위이상 대상 공공기관 주최 각종 대회에서 우수한 성적 입상자 / 국가대표 선발자 / 각종 대회 신기록 수립자","○ 공고일 현재 보호자(부 또는 모/후견인) 또는 학생 본인이 순천시에 주민등록을 두고 6개월 이상 계속 거주 하고 있는 고등학생","※ 자세한 사항은 첨부파일 또는 홈페이지 참고","○ 총 13명○ 국내 : 6명○ 국제(초·중·대 선발인원 포함) : 1명○ 꿈응원(대 선발인원 포함) : 6명","○ 1가구 2명 이상 지급 불가※ 자세한 사항은 첨부파일 또는 홈페이지 참고","○ 꿈응원의 경우 관련분야의 기관장 또는 협회장의 추천","○ 순천시인재육성장학금 신청서○ 개인정보 수집·이용 및 제공·조회 동의서○ 주민등록등본○ 가족관계증명서○ 재학증명서○ 통장사본○ 실적 증빙 자료※ 자세한 사항은 첨부파일 또는 홈페이지 참고","http://www.scij.kr/","2025-09-29","2025-10-24"
"966 ","이천시민장학회(이천시청)","아름장학생","지자체(출자출연기관)","장학금","소득구분","해당없음","해당없음","○ 해당없음","○ 세대당(보호자 모두 제출) 연 180만원 이내의 건강보험료 납부 가정","○ 100만원","○ 이천시 관내에 거주하는 생계곤란 가구 학생","○ 관내 초·중학교 졸업생으로서 학생 및 보호자가 주민등록상으로 3년 이상 이천시에 계속 거주하는 학생","○ 학생이 거주하는 읍/면/동 지부장의 추천○ 이사회 심의·의결로 최종 확정","○ 28명","※ 기관확인필요","○ 학생이 거주하는 읍/면/동 지부장의 추천","○ 장학금신청서○ 재학증명서○ 개인정보수집 이용·제공·조회동의서○ 학생본인명의 통장 사본○ 생활기록부(성적증명서)○ 주민등록등본(주소이력포함)○ 서약서○ 건강보험료 납입증명서※ 자세한 사항은 첨부파일 또는 홈페이지 참고","http://www.2000scholar.or.kr/","2026-04-01","2026-04-24"
"967 ","재단법인 춘천인재육성장학재단","애향장학생(저소득자녀(손))","지자체(출자출연기관)","장학금","소득구분","해당없음","해당없음","○ 해당없음","○ 국민기초생활보장법 제2조에 따른 기초생활수급자/차상위계층○ 한부모가족지원법 제5조 제5조의2에 따른 한부모 가족","○ 50만원","○ 춘천시에 거주하는 대학교 재학생으로 기초생활수급자·차상위계층 또는 한부모가족지원법에 따른 한부모 가족의 자녀","○ 공고일 현재 주민등록 주소지가 1년 이상 춘천시에 등록된 시민 또는 그 자녀로서 고등학교에 재학 중인 학생","○ 성적 40%/생활수준 50%/봉사 10%","※ 자세한 사항은 첨부파일 또는 홈페이지 참고","○ 타 장학금과 중복수혜 불가○ 1가구에서 2명 이상 선발되었을 경우 1명만 지급○ 분야별 중복지원 불가○ 직전학기 본 재단 장학생의 경우 지원 불가(저소득유형만 예외적으로 가능)○ 하하반기 타 장학금을 받은(을) 경우 신청 불가※ 자세한 사항은 첨부파일 또는 홈페이지 참고","○ 읍면동장 추천","○ 장학금 지원 신청서 및 신청인 서약서○ 장학금 수혜 여부 확인서 및 개인정보 수집·이용·제공 동의서○ 장학금 지원대상자 추천서○ 학생 주민등록초본○ 가족관계증명서○ 재학증명서○ 성적증명서(평균석차기준(9등급))○ 부모 또는 가족구성원 건강보험료 납부확인서○ 신청자의 보통예금계좌 사본○ 봉사활동 확인서 등 봉사 실적 확인서○ 기초생활수급 / 차상위 / 한부모가정 / 조부모가정 등 증명서류※ 자세한 사항은 첨부파일 또는 홈페이지 참고","http://www.ccbomnae.or.kr/","2026-03-30","2026-04-08"
"968 ","정읍시청","다자녀(셋째아) 고등학생 학자금","지자체(출자출연기관)","장학금","지역연고","해당없음","1학년2학년3학년","해당없음","해당없음","○ 고등학교 재학생의 수업료","○ 수업료와 그 밖에 납부금을 해당 학교장이 정하도록 한 사립학교에 다니는 다자녀 학생에 한함* 상산고등학교/전주예술고등학교 등","○ 신청일 현재 정읍시에 부 또는 모가 1년 이상 계속하여 정읍시에 거주하고 있는 다자녀가정 셋째아 고등학생이 있는 세대","※ 기관확인필요","※ 기관확인필요","○ 타 학자금 수혜자※ 자세한 사항은 첨부파일 참고","해당없음","○ 학자금 지원신청서○ 건강보험 자격득실 확인서○ 주민등록 등본○ 가족관계등록부(셋째아 확인)○ 교육비 지원여부 확인서(건강보험 직장가입자인 경우)○ 개인정보제공동의 및 활용승낙서○ 부 또는 모의 통장 사본※ 자세한 사항은 첨부파일 또는 홈페이지 참고","http://www.jeongeup.go.kr","2026-04-06","2026-04-30"
"969 ","재단법인 거창군장학회","지정장학생","지자체(출자출연기관)","장학금","지역연고","해당없음","해당없음","해당없음","해당없음","○ 50만원","※ 기관확인필요","○ 공고일 현재 부모가 거창군 내 주소를 두고 있고 관내 중·고등학교에 재학 중인 자","○ 서류심사○ 교육장 및 해당 학교장이 자체 심사○ 장학회 선발 이사회 심의를 거쳐 최종 결정","○ 2명","○ 1회 선발○ 국가장학금과 중복지급 가능","○ 한국외식업중앙회 거창군지부장의 추천※ 한국외식업중앙회 거창군지부에서 장학회로 접수","○ 장학생 신청서 1부○ 추천서 1부○ 개인정보 수집·이용 및 제공·조회 동의서 1부○ 주민등록등본 1부 (공고일 이후 발급)○ 통장사본 1부○ 자격 확인 서류(해당자)※ 자세한 사항은 첨부파일 또는 홈페이지 참고","http://www.geochang.go.kr/portal/index.do","2026-01-14","2026-01-30"
"970 ","영천시장학회","高)입학성적우수장학금","지자체(출자출연기관)","장학금","지역연고","해당없음","해당없음","※ 자세한 사항은 첨부파일 또는 홈페이지 참고","※ 자세한 사항은 첨부파일 또는 홈페이지 참고","○ 200만원","○ 관내 고등학교 입학성적우수자(현재 영천시에 주소를 둔 자)","○ 장학생 선발계획 공고일 현재 1년 이상 영천시에 주소를 두고 있는 자(본인 또는 보호자)","○ 장학위원회/ (재)영천시장학회 이사회 의결을 거쳐 선발○ 장학생 선발 결과는 영천시장학회 홈페이지 게시○ 추천권자 신청에 의한 선발인 경우 추천권자에게 결과 통보","○ 24명","○ 당해연도 내 동일인 중복 지급 불가","○ 학교장 추천 필요","○ 신청서(별지1)/ 개인정보동의서(별지3)○ 주민등록등본 또는 초본(1년 이상 관내 거주 여부 확인이 가능하도록 발급)○ 추천서(별지2)○ 입학성적증명서 또는 자체 기준 선발 관련 자료※ 자세한 사항은 첨부파일 또는 홈페이지 참고","https://www.ycsf.or.kr","2025-12-12","2026-03-10"
"971 ","유진장학회","장학생","지자체(출자출연기관)","장학금","해당없음","해당없음","1학년2학년","○ 2025년 1학기 성적의 학년 석차가 20%이내인 자","○ 보호자의 납부한 재산세가 100만원 이하인 자","○ 50만원","해당없음","○ 보호자 또는 학생이 관내에 거주하는 자","※ 기관확인필요","○ 00명","○ 타 장학회(관내 및 학교 장확회)의 장학금을 지급받은 자※다자녀(3명 이상)일 경우 재산세 학교성적 타장학금과 무관하게 추천","○ 학교장 추천 필요","○ 추천서○ 성적증명서○ 타 장학금 수혜/미수혜 증명서○ 주민등록등본○ 보호자의 재산세 과세증명서○ 학생통장사본○ 재학증명서※ 자세한 사항은 첨부파일 또는 홈페이지 참고","https://www.jincheon.go.kr","2025-11-26","2025-12-26"
"972 ","수성미래교육재단","수성인재장학생(희망)","지자체(출자출연기관)","장학금","지역연고","해당없음","해당없음","○ 직전 2개 학기 성적 평균 6등급 이내※ 1학년 : 직전학기 성적 평균 4등급 이내","○ 기초생활수급자증명서 또는 차상위계층","○ 100만원","○ 기초수급자 및 차상위 가정의 대구시 내 소재 고등학교에 재학 중인 학생※ 자세한 사항은 첨부파일 또는 홈페이지 참고","○ 공고일 현재 본인 또는 부모(친권자)가 수성구에 1년 이상 거주하고 있는 대구시 내 소재 고등학교 재학생 및 청소년","※ 자세한 사항은 첨부파일 또는 홈페이지 참고","○ 5명","○ 1가구 1인 지원○ 2024년 수성인재장학생○ 2025년 2학기 타 기관의 장학금을 받지 아니한 자○ 공고일 직전 1년간 징계·형사처분 받은 경우※ 자세한 사항은 첨부파일 또는 홈페이지 참고","○ 본인 추천","○ 장학금 지원신청서○ 장학생 추천서○ 신청인 서약서○ 장학금 비수혜(수혜) 확인서○ 개인정보수집·이용·제공 및 조회동의서○ 주민등록 등본○ 통장사본○ 학교생활기록부(성적포함)○ 기초생활수급자 증명서/ 차상위계층 확인서※ 자세한 사항은 첨부파일 또는 홈페이지 참고","http://www.suseongij.or.kr/ ","2025-09-16","2025-09-30"
"973 ","부천근로자장학재단","장학생","기타","장학금","기타","해당없음","해당없음","해당없음","해당없음","○ 50만원","○ 비정규직 또는 저임금 근로자(월 평균급여 300만원 이하) 자녀※ 자세한 사항은 첨부파일 또는 홈페이지 참고","○ 부천시에 거주하거나 근무지가 부천시인 근로자","※ 기관확인필요","○ 00명","※ 기관확인필요","해당없음","○ 장학금신청서○ 재학증명서○ 재직증명서○ 주민등로등본○ 수령할 통장사본※ 자세한 사항은 첨부파일 또는 홈페이지 참고","http://bcjh.kr","2026-03-12","2026-03-27"
"974 ","부산중구장학회","학업성적우수장학생","지자체(출자출연기관)","장학금","성적우수","해당없음","해당없음","○ 고등학교 1~2학년: 교육청주관 전국연합학력평가(6월) 3과목(국영수) 평균 5.5등급 이내○ 고등학교 3학년: 평가원 주관 전국단위 모의고사(6월) 3과목(국영수) 평균 5.5등급 이내※ 자세한 사항은 첨부파일 또는 홈페이지 참고","해당없음","○ 100만원","○ 품행이 단정하고 학업성적 우수자","○ 신청일 현재 학부모 또는 학생이 중구에 3년 이상 주소가 되어 있으며 사실상 계속 거주하고 있는 자","○ 장학생 선발배점표에 의거 고득점 순으로 선발하고 동점자는 생활정도가 낮은 자가 우선하며 재단법인 중구장학회 이사회에서 최종 확정함※ 자세한 사항은 첨부파일 또는 홈페이지 참고","○ 10명","○ 2025년도 (재)중구장학회 장학생으로 선발된 이력이 있는 자○ 1세대 1명","○ 학교장 추천","○ 장학금 신청서○ 개인정보 수집·이용 제공 및 조회동의서○ 장학생 추천서○ 서약서○ 주민등록등본○ 학부모 또는 보호자 증명 서류○ 보호자의 건강보험료 납부확인서○ 25년도 보호자(부·모)의 지방세 세목별 과세증명서○ 재학증명서○ 성적증명서※ 자세한 사항은 첨부파일 또는 홈페이지 참고","http://www.bsjunggu.go.kr/","2025-12-12","2026-01-09"
"975 ","재단법인 대전광역시서구인재육성장학재단","소상공인 특별장학생","지자체(출자출연기관)","장학금","지역연고","해당없음","해당없음","○ 공고일 기준 1년 동안의 성적이 상위 6등급 이상(1.00~6.99)인 학생※ 1학년 : 중3학년 2학기성적 평균 60점 이상 + 고1학년 1학기성적 4등급 이상","○ 중위소득 100% 이하의 소상공인 가정 자녀","○ 100만원","※ 기관확인필요","○ 선발공고일(25.9.11) 기준 6개월 전(25.3.10. 이전)부터 대전광역시 서구에 주소를 둔 학생","○ 가정현편 : 국민기초수급자 단계별 / 차상위 등 국민건강보험료납부액에 따라 차등배점○ 학업성적 : 내신성적에 따라 차등배점○ 동점자 발생 시 가정형편 학업성적 연장자 순으로 결정※ 자세한 사항은 첨부파일 또는 홈페이지 참고","○ 3명","○ 1세대 1명만 신청 가능○ 학교에서 징계 처분을 받은 때○ 장학금 지급일 현재 타지역 학교로 전학하거나 대전광역시 서구 이외의 지역으로 전출하였을 때○ 타기관/단체로부터 장학금을 받은 금액이 150만원 이상이면 제외※ 자세한 사항은 첨부파일 또는 홈페이지 참고","○ 학교장 추천 필요※ 선발분야 학교별 각 3명 이내 추천 가능","○ 장학금 지원 신청서○ 장학생 추천서○ 주민등록등본○ 서약서 ○ 개인정보 수집/이용/제공 및 조회 동의서○ 통장사본○ 소상공인 증빙서류 (사업자등록증 사본 등)○ 성적증명서○ 국민건강보험료 납부 영수증 사본※ 자세한 사항은 첨부파일 또는 홈페이지 참고","http://www.seogu.go.kr","2025-09-15","2025-10-02"
"976 ","부산중구장학회","미래인재육성장학생","지자체(출자출연기관)","장학금","성적우수","해당없음","해당없음","○ 중학교 3학년 4과목(국/영/수/과) 평균 A등급 이내(자유학기 제외) 및 고등학교 교육청주관 전국연합학력평가(6월) 3과목(국/영/수) 성적 평균 2.5등급 미만","해당없음","○ 300만원","○ 품행이 단정하고 학업성적이 우수한 고등학교 1학년","○ 신청일 현재 학부모 또는 학생이 중구에 3년 이상 주소가 되어 있으며 사실상 계속 거주하고 있는 자","○ 장학생 선발 배점표에 의거 고득점 순으로 선발하고 동점자는 생활 정도가 낮은 자가 우선하며 재단법인 중구장학회 이사회에서 최종 확정함","○ 1명","○ 2025년도 (재)중구장학회 장학생으로 선발된 이력이 있는 자","○ 학교장 추천","○ 장학금 신청서 1부○ 개인정보 수집·이용·제공 및 조회 동의서 1부○ 장학생 추천서 1부○ 서약서○ 주민등록등본○ 학부모 또는 보호자 증명 서류○ 보호자(부·모)의 지방세 세목별 과세증명서○ 재학증명서○ 기타 장학금 신청에 필요한 서류○ 성적증명서※ 자세한 사항은 첨부파일 또는 홈페이지 참고","http://www.bsjunggu.go.kr/","2025-12-12","2026-01-09"
"977 ","재단법인 강서구장학회(서울)","특기장학생","지자체(출자출연기관)","장학금","지역연고","해당없음","해당없음","해당없음","해당없음","○ 100만원","○ 품행이 단정하고 모범적인 자○ 수학/ 과학/ 체육/ 문화예술/ 기능 분야에서 국가/ 특별시·광역시·도 단위 이상 자치단체 등이 개최하는 전국 규모 이상의 대회에서 입상한 자","○ 장학생 선발 공고일 현재 강서구에 1년 이상 계속 거주한 자","※ 기관확인필요","○ 2명","※ 기관확인필요","○ 학교장 추천","○ 장학생 신청서○ 개인정보제공 동의서○ 건강보험료 납부확인서 및 건강보험 자격확인서○ 학생 주민등록초본○ 재학증명서○ 자기소개서○ 성적증명서○ 등록금 납부 영수증 ○ 전/월세 계약서 사본○ 특기를 증명할 수 있는 서류※ 자세한 사항은 첨부파일 또는 홈페이지 참고","http://janghk.gangseo.seoul.kr","2026-03-23","2026-04-03"
"978 ","(재)인천인재평생교육진흥원","글로벌인재육성장학생","지자체(출자출연기관)","장학금","지역연고","해당없음","해당없음","○ 2026 3월 서울특별시교육청 주관 전국연합학력평가 성적이 전체 상위 4% 범위 이내에 있는 자※ 문과: 국어 수학 사회탐구(2) / 이과: 국어 수학 과학탐구(2)","해당없음","○ 100만원○ 계속지원 자격 요건 충족 시 대학 졸업까지 지원(1인 최대 1700만원까지)","○ 초중등교육법 제2조의 고등학교에 재학하는 학생○ 인천 소재 중학교를 졸업한 관내 고등학교 3학년 재학생 중 성적기준을 충족하는 학생","○ 선발 공고기준일 보호자 또는 신청자의 현재 주민등록 주소지가 인천인 자","○ 서류심사: 전국연합학력평가 성적(100%)으로 선발인원 기준 2배수 선발○ 면접심사: 1차 심사 선발 대상 면접 심사채첨표에 의한 면접 실시","○ 10명","○ 동일연도 내 재단에서 실시하는 장학금 중복 지원 및 선발 불가○ 1가구 1인 지원","○ 학교장 추천","○ 지원신청서○ 장학생 추천서○ 자기소개서○ 재학증명서○ 학교생활기록부○ 성적증명서○ 주민등록초본○ 보통예금통장사본○ 기타 가점 서류※ 자세한 사항은 첨부파일 또는 홈페이지 참고","https://itle.or.kr","2026-04-20","2026-05-06"
"979 ","재단법인 화순장학회","예능특기장학금","지자체(출자출연기관)","장학금","지역연고","해당없음","해당없음","해당없음","해당없음","○ 100만원","○ 문화예술·기능 분야의 도 단위 이상 각종 공인대회에서 3위 이내에 입상한 자○ 개인분야 성적에 한함○ 입상(수상)증서 표기일 기준 2025년 3월 이후 대회","○ 공고일 기준 부모(보호자)와 학생 중 2인 이상이 화순군에 1년 이상 주민등록을 유지하고 있는 자","※ 기관확인필요","○ 5명","○ 체육분야 실적은 인정하지 않음","해당없음","○ 장학금 지원 신청서○ 개인(신용)정보 수집·이용·제공 및 조회 동의서○ 주민등록등본○ 가족관계증명서○ 통장사본○ 수상증서 사본○ (필요 시) 보호자와의 관계 소명에 필요한 서류※ 자세한 사항은 첨부파일 또는 홈페이지 참고","http://www.hwasun.go.kr","2026-02-20","2026-03-31"
"980 ","재단법인 당진장학회","학교 밖 청소년 장학생","지자체(출자출연기관)","장학금","소득구분","해당없음","해당없음","해당없음","○ 2026년도 건강보험료 산정기준표에 적합한 자 중○ 저소득가정: 수급자 증명서 또는 의료급여증명서○ 중증장애(1~3등급)학생 및 의료보험공단에 중증환자로 등록된 학생 본인○ 다자녀가정 학생(3자녀 이상)○ 다문화가정 학생","○ 각 100만원","○ 가정형편 등 학교장이 추천한 자○ 중졸 고졸 검정고시에 합격한 학교 밖 청소년으로 기관장이 추천한 자","○ 공고일 현재 학생 또는 보호자(부모님)가 당진시에 주민등록을 두고 1년 이상 계속하여 당진에 거주하고 있는 자","○ 장학금 신청서 접수 장학생 선발심의위원회 심사 이사회 확정","○ 고등학생 6명","※ 기관확인필요","○ 학교장 또는 기관장 추천","○ 신청서○ 개인정보수집동의서○ 본인 또는 부모의 주민등록등본/ 초본○ 지방세 완납증명서 부모 각 1부○ 통장사본○ 2025년 건강보험료 납부확인서 부모 각 1부○ 기타 해당서류 제출※ 자세한 사항은 첨부파일 또는 홈페이지 참고","http://dangjin.go.kr/","2026-03-17","2026-03-30"
"981 ","사단법인 광주광역시 동구 인재육성장학회","학교 밖 청소년","지자체(출자출연기관)","장학금","해당없음","해당없음","해당없음","해당없음","해당없음","○ 50만원","○ 학교 밖 청소년으로서 초·중등교육법 시행령 제98조에 따른 고등학교 졸업 학력 검정고시에 합격한 자","○ 공고일 현재 광주광역시 동구에 1년 이상 주소를 두고 있는 주민과 그 자녀(주민등록 기준) ","○ 시험성적 70점 심사위원 종합평점 30점","○ 2명","○ 신청일 현재 휴학 중이거나 2026년도 휴학 예정인 자○ 성적우수/저소득분야/특정분야 중복 접수 시 심사 제외 (1개 분야만 신청)○ 정규학기 초과 학생(졸업유예자) 및 타 장학금을 수령하여 지원 가능 금액이 50만원 미만인 경우※ 자세한 사항은 첨부파일 또는 홈페이지 참고","○ 학교장 추천","○ 장학생 신청서○ 개인정보 동의서○ 신청인 서약서○ 주민등록 초본○ 통장사본○ 학교장 추천서○ 검정고시 성적증명서※ 자세한 사항은 첨부파일 또는 홈페이지 참고","https://www.donggu.kr ","2026-08-03","2026-08-31"
"982 ","아이들과 미래재단","꿈이룸재능장학금","기타","장학금","특기자","해당없음","해당없음","해당없음","○ 저소득가정(기초생활수급자·차상위·기준중위소득 100%이내·기타 저소득가정)","○ 교육비 연 240만원 지급※ 교육비: 학원비/ 과외비/ 인터넷 강의 수강/ 독서실 이용료/ 도서 구입/ 대회 참가비/ 자격증 취득비/ 시험 응시료/ 대학 입시 전형료 등","○ 장학금 지원이 필요한 만 19세 미만의 저소득가정 아동 및 청소년","해당없음","※ 자세한 사항은 첨부파일 또는 홈페이지 참고","○ 00명","※ 자세한 사항은 첨부파일 또는 홈페이지 참고","해당없음","○ 신청 공문 및 신청서○ 개인정보 수집·이용 제3자 제공 및 초상권 활용 동의서○ 신청기관 고유번호증○ 신청기관 통장사본○ 수급자 증명서(해당자)○ 차상위본인부담경감대상증명서(해당자)○ 건강보험료 납부확인서(해당자)○ 수상경력 사본(해당자)○ 자격증명 사본(해당자)○ 기타 재능을 증명할 수 있는 관련 서류(해당자)※ 자세한 사항은 첨부파일 또는 홈페이지 참고","https://www.kidfuture.or.kr","2025-01-09","2025-01-22"
"983 ","재단법인 전남인재평생교육진흥원","다자녀 장학","지자체(출자출연기관)","장학금","해당없음","해당없음","해당없음","해당없음","○ 소득인정액 기준 중위소득 150% 이하의 가정","○ 100만원","○ 18세 이하 자녀(2007년 이후 출생자)가 포함된 두 자녀 이상을 둔 가정","○ 공고일 기준 학생 본인 또는 보호자가 전라남도에 1년 이상 연속하여 주민등록이 되어 있는 학생","○ 소득 100% 자녀수 가점 20점 지역공헌활동 가점 10점 평가※ 자세한 사항은 첨부파일 또는 홈페이지 참고","○ 226명 (중~대학생 포함)","○ 장학금 지원은 매년 1회로 제한하며 이중/허위 수혜자는 적발 시 장학금 회수 및 3년간 지원제외※ 자세한 사항은 첨부파일 또는 홈페이지 참고","해당없음","○ 장학금신청서○ 주민등록등본○ 가족관계증명서○ 재학증명서○ 개인정보 수집이용 및 제공 조회 동의서○ 신청인 서약서○ 장학금 지급 통장 사본※ 자세한 사항은 첨부파일 또는 홈페이지 참고","https://www.jntle.kr/main","2025-10-01","2025-10-31"
"984 ","진주시청","특기장학생","지자체(출자출연기관)","장학금","특기자","해당없음","해당없음","해당없음","해당없음","○ 50만원","○ 공고일 현재 고등학교에 재학중인 학생○ 광역 단위 대회 3위 이내 입상 (단 전국단위 대회는 5위 이내)※ 자세한 사항은 첨부파일 또는 홈페이지 참고","○ 공고일 기준 학생 또는 보호자가 진주시에 1년 이상 주소를 두고 계속 거주중인 자","○ 대상자의 학업성적/ 가구유형/ 자녀수/ 대회성적/ 거주기간 등을 종합적으로 고려","○ 40명","※ 자세한 사항은 첨부파일 또는 홈페이지 참고","○ 학교장 또는 읍면동장 추천","○ 장학생 선발 신청서○ 학교장 또는 읍면동장 추천서○ 재학증명서○ 주민등록초본○ 개인정보 수집 및 이용 동의서○ 성적증명서○ 대회수상확인서○ 대회요강 또는 계획서※ 자세한 사항은 첨부파일 또는 홈페이지 참고","https://www.jinju.go.kr/","2025-10-13","2025-10-17"
"985 ","(재)전남광주통합특별시 서구 장학재단","장애인장학금","지자체(출자출연기관)","장학금","해당없음","해당없음","해당없음","해당없음","해당없음","○ 70만원","○ 장애등급을 가진 고등학생","○ 공고일 현재 전남광주통합특별시 서구에 주민등록 상 1년 이상 주소를 둔 주민과 그 자녀","○ 2026년 1학기 성적표를 기준으로 배점표에 따라 산정","○ 2명","○ 서구장학재단으로 선발되어 장학금을 지원받은 학생※ 자세한 사항은 첨부파일 또는 홈페이지 참고","해당없음","○ 장학금 지원 신청서○ 개인정보 수집·이용·제공 및 조회 동의서○ 주민등록등본○ 재학증명서○ 성적증명서○ 통장사본○ 장학신청 확인서○ 장애인증명서※ 자세한 사항은 첨부파일 또는 홈페이지 참고","http://seogu.gwangju.kr","2026-08-03","2026-09-30"
"986 ","재단법인 대전청년내일재단","재능장학생","지자체(출자출연기관)","장학금","특기자","해당없음","해당없음","○ 해당없음","○ 해당없음","○ 70만원","○ 수상기준 실적인정 기간 내에 인문사회·과학·예체능 등 분야의 국제 및 전국대회에서 3위 이내의 성적을 득했으며 학교장이 추천한 학생","○ 선발공고일 현재 대전시에 소재한 고등학교에 재학 중인 학생","○ 대회 실적 중 최상위대회수상실적 100%○ 대회규모별 수상실적으로 차등 배점○ 차상위/ 대회 수상실적/ 고학년 순으로 평가","○ 35명","○ 징계(출석정지 7일 이상)처분 및 타 도시로 전학하였을 때○ 장학금을 받기 위하여 허위 기재 등 사실이 밝혀질 때","○ 학교장 추천","○ 장학금 지원 신청서○ 장학생 추천 및 타 장학금 수혜 확인서○ 주민등록등본○ 개인정보 수집이용 제공 및 조회 동의서○ 대회 수상내역서○ 재능장학생 단체지원 동의서(단체지원자만)○ 재학증명서○ 입상을 확인할 수 있는 상장 또는 실적증명서○ 대회 설명자료○ 보호자 통장 사본※ 자세한 사항은 첨부파일 또는 홈페이지 참고","http://www.dhrdf.or.kr/html/kr/","2026-04-08","2026-04-30"
"987 ","만세보령장학회","북한이탈주민가정자녀장학금","지자체(출자출연기관)","장학금","기타","해당없음","해당없음","해당없음","해당없음","○ 50만원","○ 관내 고등학교 재학생○ 북한이탈주민가정의 자녀로 가정형편이 어려운 학생 및 품행이 바른 학생으로 학교장이 추천하는 학생","○ 신청공고일 기준 현재 보령시에 3개월전 주민등록이 되어 있는 학생 (또는 부모의 자)","※ 기관확인필요","○ 00명","○ 타 장학금 수혜자 제외","○ 학교장 추천에 의한 신청 (개별신청 불가)","○ 만세보령장학금 신청추천서○ 개인정보 이용정보 제공 동의서○ 서약서○ 성적증명서○ 주민등록등본 (학생 주소가 다를 경우 가족관계증명서)○ 해당자 제출서류※ 자세한 사항은 첨부파일 또는 홈페이지 참고","http://www.brscholarship.com","2026-03-24","2026-04-06"
"988 ","재단법인 대구광역시인재육성장학재단","나침반 장학금","지자체(출자출연기관)","장학금","기타","해당없음","해당없음","해당없음","해당없음","○ 100만원","○ 갑작스러운 부모의 운영사업 부도 / 실직 / 사망 / 천재지변 등으로 긴박한 어려움에 처한 저소득층 고등학생","해당없음","○ 학교 및 시설에서 장학생 선발 심사위원회를 개최하여 시교육청 담당부서로 학생 추천 후 시교육청 담당부서에서 적/부심사위원회 개최하여 선발※ 나침반 장학금 담당부서 : 중등교육과","○ 40명","○ 장학금 수령자가 학업을 중단(휴학/자퇴 등)할 때○ 징계 처분을 받았거나 품행이 극히 불량할 때○ 중복 지원 제외 (2025년 대구인재육성장학재단 장학금 기지원자 제외)※ 자세한 사항은 첨부파일 또는 홈페이지 참고","○ 학교장 추천 필요","○ 학교장추천서○ 개인정보 수집/이용 동의서○ 사유서 (학교 세외계좌일 경우만 제출)○ 통장사본※ 자세한 사항은 첨부파일 또는 홈페이지 참고","https://www.dge.go.kr ","2022-09-19","2025-10-24"
"989 ","한국장애인재활협회","H!두드림투게더","공공기관","장학금","장애인","해당없음","해당없음","해당없음","○ 중위소득 100% 이내 장애가정의 고등학생","○ 월 40만원 지원","○ 가족 또는 본인 장애가 있는 청소년○ 장학생 선정 후 협회 홍보활동과 멘토링 활동 필참","해당없음","※ 기관확인필요","○ 00명","해당없음","해당없음","※ 자세한 사항은 첨부파일 또는 홈페이지 참고","https://www.dodreamfund.com/","2025-03-10","2025-03-31"
"990 ","사단법인 고령군교육발전위원회","대회 출전 장학생","지자체(출자출연기관)","장학금","지역연고","해당없음","해당없음","해당없음","해당없음","○ 200만원 이내","○ 관내 초·중·고등학교 중 2개 학교 이상 졸업 또는 졸업 예정인 학생○ 국가기능올림픽(국가대표평가전)급 이상 출전자","해당없음","※ 기관확인필요","※ 기관확인필요","※ 기관확인필요","○ 재학중이거나 졸업한 중·고등학교장 추천에 의하여 신청·접수","○ 장학생 추천서○ 증빙서류(출전관련 자료)○ 통장사본※ 자세한 사항은 첨부파일 또는 홈페이지 참고","http://www.gredu.or.kr","2026-02-19","2026-02-25"
"991 ","재단법인 대구광역시인재육성장학재단","삼일방 장학금","지자체(출자출연기관)","장학금","지역연고","해당없음","해당없음","해당없음","○ 경제사정으로 학업에 어려움이 있는 저소득층 학생","○ 50만원","※ 기관확인필요","해당없음","○ 학교 접수 장학생 선발 심사위원회 소속학교장 추천 시교육청 중등교육과 및 융합인재과  재단 제출","○ 10명","○ 학업 중단한 경우○ 26년도 대구광역시인재육성장학재단 장학금 중복 지원 제외※ 자세한 사항은 첨부파일 또는 홈페이지 참고","○ 소속 학교장 추천 필요","○ 학교장 추천서○ 사유서(학교 세외현금 계좌로 신청할 경우만)○ 통장사본○ 개인정보 수집·동의서※ 자세한 사항은 첨부파일 또는 홈페이지 참고","https://www.dge.go.kr ","2025-12-12","2026-01-09"
"992 ","부스러기사랑나눔회","꿈끼장학생","기타","장학금","특기자","해당없음","해당없음","해당없음","○ 법정 저소득층: 기초생활수급/ 한부모가족/ 자활근로자/ 차상위계층/ 사회보장급여 통지서 발급이 가능한 가정○ 기타 저소득층: 부모의 건강보험 자격확인 내역에 보호자/ 학생 등이 포함되어 있으며/ 부모의 건강 장기요양보험료 납부 확인이 중위소득 130% 이하","○ 연 250만원","○ 저소득층 가정 내 중학교 2학년 ~ 고등학교 3학년 재학생○ 교내외 대회 참가나 수상이력○ 예체능 학교 재학생","해당없음","※ 기관확인필요","○ 00명","※ 기관확인필요","○ 교사/ 강사 추천","○ 장학생신청서○ 미래설계 계획서○ 성장관리 계획서○ 장학금 관리협조 동의서○ 기타 해당서류※ 자세한 사항은 첨부파일 또는 홈페이지 참고","https://www.busrugy.or.kr/","2025-03-12","2025-03-28"
"993 ","한국해운조합","선원공제장학생","기타","장학금","기타","해당없음","해당없음","해당없음","해당없음","○ 50만원","○ (선원) 공고일 기준 동일 선사에서 1년 이상 계속 근무 중인 선원○ (선원자녀) 동일 선사에서 3년 이상 계속 근무 중 또는 총 승무경력 5년 이상이면서 동일선사 2년 이상 계속 근무 중인 선원의 자녀○ (재해선원) 최근 5년간 조합 선원공제 직무상 재해로 인하여 사망한 선원의 자녀 또는 신체장해를 입은 선원 및 그 선원의 자녀","해당없음","○ 근로소득/승무경력/학업성적/과거 장학금 수혜여부/세대별 1명 초과 업체별 3명 초과 지원여부 등을 고려해 장학생 선발 심의위원회에서 선발※ 자세한 사항은 첨부파일 또는 홈페이지 참고","○ 10명 내외","○ 휴학 또는 징계중인 자○ 관공선 선원 및 선원 자녀※ 자세한 사항은 첨부파일 또는 홈페이지 참고","해당없음","○ 일반선원 장학생선발신청서 및 지원서 선원의 전년도 근로소득원천징수영수증 성적증명서 재학증명서 선원의 승무경력증명서 선원의 주민등록등본 또는 가족관계증명서 개인정보 처리 동의서○ 재해선원 장학생선발지원서 성적증명서 재학증명서 선원의 주민등록등본 또는 가족관계증명서 개인정보 처리 동의서※ 자세한 사항은 첨부파일 또는 홈페이지 참고","https;//www.theksa.or.kr/","2026-08-12","2026-08-25"
"994 ","(재)진천군장학회","청소년 꿈드림 장학금","지자체(출자출연기관)","장학금","지역연고","해당없음","해당없음","해당없음","해당없음","○ 30만원","○ 진천군 학교 밖 청소년지원센터 이용자 중 재진학 상급학교 진학  취업 자격증 취득 등의 성과(예정)로 타의 모범이 되는 자※ 자세한 사항은 첨부파일 또는 홈페이지 참고","○ 선발 공고일 기준 친권자 또는 본인의 주소를 진천군에 1년 이상 두고 계속 거주하고 있는 군민 또는 군민의 자녀※ 자세한 사항은 첨부파일 또는 홈페이지 참고","○ 진천군장학회 운영세칙의 선발기준에 의거 장학생선발심의위원회에서 선발","○ 학교 밖 청소년 5명","○ 1가정 1인 선발※ 자세한 사항은 첨부파일 또는 홈페이지 참고","○ 학교 밖 청소년지원센터 추천","○ 추천자명단(센터 작성)○ 장학생 추천서○ 장학생 신청서○ 센터이용증명서○ 주민등록등본○ 가족관계증명서○ 개인정보 수집·이용·제공 동의서○ 통장사본※ 자세한 사항은 첨부파일 또는 홈페이지 참고","http://www.jincheon.go.kr","2025-10-10","2025-10-31"
"995 ","재단법인 마포인재육성장학재단","재능장학생","지자체(출자출연기관)","장학금","특기자","해당없음","해당없음","○ 해당없음","○ 해당없음","○ 월 50만원","○ 고등학교 재학생 및 동 연령대의 구민 중 선발분야에서 재능을 보여 학교장/ 동장/ 구청장/ 교육장 등 추천권자의 추천을 받은 학생","○ 공고일 현재 계속하여 6개월 이상 마포구에 거주하고 있는 고등학생","○ 자기개능 개발/ 가정 형편 별로 점수를 부여하여 장학생선정심사위원회의 심사를 거쳐 고득점자순으로 선발○ 음악/미술/무용/체육/연극/학습/특목고/기타 분야※ 자세한 사항은 첨부파일 또는 홈페이지 참고","○ 12명 (초/중 포함)","○ 선발분야 중 한가지 분야만 신청 가능○ 장학생 신청은 1가구 당 1명으로 하되/ 다자녀(3자녀 이상)가정은 2자녀까지 신청 가능※ 자세한 사항은 첨부파일 또는 홈페이지 참고","○ 학교장/ 동장/ 구청장/ 교육장 추천","○ 장학생 신청서○ 추천서○ 개인정보수집 이용 제공 조회동의서○ 주민등록초본○ 가족관계증명서○ 재능개발 증빙 서류○ 지방세세목별과세증명서○ 확정일자를 받은 임대차 계약서※ 자세한 사항은 첨부파일 또는 홈페이지 참고","http://www.mapojh.or.kr/","2026-04-22","2026-04-28"
"996 ","재단법인 화순장학회","다자녀장학금","지자체(출자출연기관)","장학금","지역연고","해당없음","해당없음","해당없음","해당없음","○ 50만원","○ 다자녀(3자녀 이상) 가정○ 화순 관내 학교 재학생","○ 공고일 기준 부모(보호자)와 학생 중 2인 이상이 화순군에 1년 이상 주민등록을 유지하고 있는 자","※ 기관확인필요","○ 00명","○ (재)화순장학회의 타 장학금(화순·복지·예능특기)과 중복지원 불가※ 자세한 사항은 첨부파일 또는 홈페이지 참고","해당없음","○ 장학금 지원 신청서○ 개인(신용)정보 수집·이용·제공 및 조회 동의서○ 주민등록등본○ 가족관계증명서○ 통장사본○ (필요 시) 보호자와의 관계 소명에 필요한 서류※ 자세한 사항은 첨부파일 또는 홈페이지 참고","http://www.hwasun.go.kr","2026-02-20","2026-03-08"
"997 ","재단법인 수원시장학재단","효.선행장학생","지자체(출자출연기관)","장학금","기타","해당없음","해당없음","해당없음","해당없음","○ 70만원","○ 효 또는 선행을 실천하여 타의 귀감이 되는 학생※ 해당기간: 2025년 9월부터 2026년 장학생 신청서류 직전까지","○ 공고일 현재 계속해서 2년이상 수원시에 주민등록을 두고 거주하고 수원시에 소재한 고등학교에서 재학 중인 학생","○ 수상실적(증빙서류) 100○ 동점자 기준 : 봉사시간 > 거주기간","○ 5명","○ 1가구 1명 선정○ 기존 효선행장학생으로 선발된 학생은 선발 배제○ 장학생 선발 및 지급관련 서류에서 부정한 방법으로 선발 된 경우에는 장학생 선발 취소 및 장학금을 환수 조치 할 수 있음※ 자세한 사항은 첨부파일 또는 홈페이지 참고","○ 학교장/동장/수원시자원봉사센터장/수원시학교밖청소년지원센터장/대안학교장 추천","○ 추천공문○ 효/ 선행장학금 신청서○ 관련 증빙자류○ 주민등록 초본○ 통장사본○ 개인정보 수집/이용/제공 및 조회 동의서※ 자세한 사항은 첨부파일 또는 홈페이지 참고","https://suwon4u.or.kr/","2026-09-07","2026-09-14"
"998 ","전라남도 함평군청","함평군인재양성기금(특기자)","지자체(출자출연기관)","장학금","지역연고","해당없음","해당없음","○ 해당없음","○ 해당없음","○ 50만원","○ 문화/예술/체육/과학/농업 분야에 소질과 재능이 뛰어난 사람 중 직전년도 도 단위 이상 공식대회에서 입상한 경력이 있으며 요건에 해당하는 고등학생","○ 함평군 관내 고등학교에 재학 중인 학생○ 함평군 관내에 주민등록상 주소를 두고 있는 관외 고등학교 재학생","○ 직전년도 도 단위 이상 공식대회 입상실적 + 가산점(5점)○ 함평군인재양성추진위원회 심의를 통해 결정되며 장학금 신청자는 심의 결정된 사항에 대해 이의를 제기할 수 없음","※ 자세한 사항은 첨부파일 또는 홈페이지 참고","○ 해당없음","○ 학교장 또는 읍/면장 추천","○ 지원 신청서○ 지원대상자 추천서○ 개인정보 수집·이용·제공 및 조회 동의서○ 서약서○ 지방세 납세증명서○ 본인 명의의 통장사본○ 재학증명서○ 주민등록 등본○ 도 단위 이상 공식대회 입상 상장 사본※ 자세한 사항은 첨부파일 또는 홈페이지 참고","https://www.hampyeng.go.kr/","2026-03-03","2026-03-27"
"999 ","하트하트재단","취약계층 통합지원사업","기타","장학금","해당없음","해당없음","해당없음","해당없음","○ 저소득 아동/청소년○ 기초생활수급자/차상위계층/중위소득 80% 이내 아동/청소년","○ 의료비 : 연간 최대 200만원 지원 (수술비/검진비/정기치료비/약제비/심리치료비 등)○ 생계비 : 연간 최대 120만원 지원 (월세/전월세 이자/주거환경 개선비/이사비용/생활비 등)※ 사례선정 시 재단과 신청기관 간 논의를 통해 최종 지원 금액 확정","○ 의료/생계비 지원이 필요한 만 18세 이하 아동/청소년○ 의료비 : 만 18세 이하 긴급수술 필요 환아/희귀난치성 질환 환아 등","해당없음","※ 기관확인필요","※ 기관확인필요","※ 기관확인필요","○ 사회복지기관 또는 병원 등 기관을 통해 신청※ 개인단위 지원불가","○ 지원신청서 및 개인정보수집동의서○ 원본 아동사진(.jpg)○ 가족관계증명서○ 수급자증명서/차상위증명서/건강보험증/건강보험료 납부확인서 중 택 1○ 진단서(의료비 신청 시)※ 자세한 사항은 첨부파일 또는 홈페이지 참고","http://www.heartheart.org","2026-01-01","2026-11-30"
"1000 ","부산사상구장학회","미래인재장학생","지자체(출자출연기관)","장학금","성적우수","해당없음","해당없음","○ 직전학기 내신 성적 중 국어·수학·영어 교과목 등급 평균이 2등급 이내이거나 수능 성적 중 국어·수학·영어 등급 평균이 2등급 이내인 학생○ 진학 후 학점 3.0 이상 유지 시 최대 4년간 계속 지급 (1200만원)","해당없음","○ 300만원","○ 고등학교 3학년 (대학입학예정자)","○ 세대주 또는 보호자가 사상구 관내에 주소를 두고 장학금 신청일 현재 거주하고 있는 구민의 자녀","※ 기관확인필요","○ 2명 (게속장학생 별도)","○ 타기관등으로 부터 연간 200만원 이상 장학금을 받은 학생 (단 생활이 극히 어려운 경우에는 신청 가능)","○ 동장 추천 필요","○ 장학생신청서○ 장학생추천서○ 주민등록등본○ 재학증명서○ 학교생활기록부 또는 성적증명서(수능)○ 가점 대상자 증명서※ 자세한 사항은 첨부파일 또는 홈페이지 참고","http://www.sasang.go.kr/index.sasang ","2025-11-28","2026-01-06"
"1001 ","재단법인 대구광역시인재육성장학재단","아름드리 장학금","지자체(출자출연기관)","장학금","기타","해당없음","해당없음","해당없음","해당없음","○ 70만원","○ 일반계고 3학년 석식을 하는 저소득층 및 사각지대 소외계층 학생※ 2025년 석식을 한 적이 있는 학생도 포함 ","해당없음","○ 학교 및 시설에서 장학생 선발 심사위원회를 개최하여 시교육청 담당부서로 학생 추천 후 담당부서에서 적/부심사위원회 개최하여 선발※ 아름드리 장학금 담당부서 : 중등교육과","○ 222명 (74교 / 교댱 3명)","○ 장학금 수령자가 학업을 중단(자퇴/휴학)한 경우○ 징계 처분을 받았거나 품행이 극히 불량할 때○ 중복 지원 제외 (2025년 대구인재육성장학재단 장학금 기지원자 제외)※ 자세한 사항은 첨부파일 또는 홈페이지 참고","○ 학교장 추천서","○ 학교장추천서○ 개인정보 수집/이용 동의서○ 사유서 (학교 세외계좌일 경우만 제출)○ 통장사본※ 자세한 사항은 첨부파일 또는 홈페이지 참고","https://www.dge.go.kr ","2025-09-19","2025-10-24"
"1002 ","계룡시애향장학회","학업우수장학생","기타","장학금","성적우수","해당없음","해당없음","○ 상위 3% 이내※ 자세한 사항은 첨부파일 또는 홈페이지 참고","해당없음","○ 100만원","○ 관내 고등학교 입학생","○ 선발 공고일 기준으로 1년 전부터 계속하여 계룡시에 주소를 두고 거주하는 주민 또는 주민의 자녀","※ 기관확인필요","○ 6명","○ 이전 계룡시애향장학회 장학생 선발자 또는 국외연수·문화탐방 수혜자※ 자세한 사항은 첨부파일 또는 홈페이지 참고","○ 학교장의 추천","○ 신청서○ 서약서○ 개인정보의 수집·이용에 관한 동의서○ 계룡시 1년 이상 거주자 주민등록초본○ 학교장 추천서○ 성적증명서※ 자세한 사항은 첨부파일 또는 홈페이지 참고","http://www.gyeryong.go.kr","2025-03-10","2025-03-12"
"1003 ","재단법인 류호산장학회","장학생","기타","장학금","성적우수","해당없음","해당없음","○ 전학년 석차가 20% 이내인 성적우수자","○ 가족 연간 소득이 5천만원 이하인 자","○ 연간 150만원○ 최대 2년 지급","○ 2026학년도 재학중인 학생○ 수여식 참석 필수","해당없음","○ 생활보호 대상자 우선 선발","○ 00명","○ 타 장학금 및 학비보조를 받지 않는 자","○ 학교장 추천","○ 재학증명서○ 전체 학년 성적증명서○ 장학생 선발 지원 신청서○ 자기소개서 및 자기 발전 계획서○ 본인 명의 통장 사본○ 소득 금액 증명원 (2025년도 근로소득원천징수영수증 및 소득금액증명원)○ 재산세과세증명※ 자세한 사항은 첨부파일 또는 홈페이지 참고","http://rhs.or.kr","2026-05-26","2026-06-08"
"1004 ","재단법인영덕군교육발전위원회","우수신입생장학","지자체(출자출연기관)","장학금","지역연고","해당없음","해당없음","○ 중학교 졸업성적 상위 10%이내의 자로 고교 진학 후 직전학년에 이수과목의 1/2 이상이 2등급 이상이고 4등급을 초과하는 과목이 없는 자※ 자세한 사항은 첨부파일 또는 홈페이지 참고","○ 해당없음","○ 3백만원※ 단 타지역 고교전학시 지급된 장학금 전액환수","○ 2024/2025년도 우수신입생 포함","○ 장학생 선발 신청일 현재 부모 도는 보호자의 주민등록이 영덕군 내에 있고 관내학교에 재학중인 학생","○ 각 학교장 추천 후 법인이사회 선정","※ 기관확인필요","○ 해당없음","○ 학교장 추천","※ 기관확인필요","https://www.ydedu.or.kr","2026-04-08","2026-04-30"
"1005 ","굿네이버스 경기남부사업본부","희망장학금","기타","장학금","해당없음","해당없음","해당없음","해당없음","○ 어려운 가정형편을 가지고 있는 학생※ 자세한 사항은 첨부파일 또는 홈페이지 참고","○ 1인 30만원(의료비 및 대규모 지원금 필요 시 별도 연락)","해당없음","○ 교내 회의 재학 고등학생 중 지원이 필요하다고 판단되는 학생","※ 기관확인필요","○ 기금 소진 시 까지 선발","※ 기관확인필요","해당없음","○ 추천서○ 개인정보동의서○ 지금 통장사본(아동명의 우선)○ 가족관계증명서(통장 명의가 학생본인이 아닌 경우에만 해당)※ 자세한 사항은 첨부파일 또는 홈페이지 참고","https://ggsouth.goodneighbors.kr/","2025-02-18","2025-03-31"
"1006 ","백운장학회(광양)","다문화가정","지자체(출자출연기관)","장학금","지역연고","해당없음","해당없음","해당없음","해당없음","○ 70만원","○ 관내 고교에 재학 중인 자○ 봉사 및 선행 실적이 우수한 자○ 다문화가정","○ 공고일 기준 부모 또는 보호자가 광양시에 1년 이상 주소를 두고 있는 학생 (부·모 모두가 주소를 광양시에 두고 있어야함)","※ 기관확인필요","○ 3명","○ 장학금 신청자와 그 부모가 지방세를 체납 중인 경우○ 장학금의 이중/허위 수혜 등 기타 부정행위가 적발된 경우","○ 평양교육지원청교육장의 추천","○ 소속 학교를 통해 신청","http://www.gwangyang.go.kr/fund/index.gwangyang","2026-08-03","2026-08-31"
"1007 ","대전광역시 동구차세대인재육성장학재단","성적우수장학생","지자체(출자출연기관)","장학금","지역연고","해당없음","해당없음","○ 2025년도 상반기 전 과목 등급 평균이 2.5등급(9등급제 적용) 이내인 자※1학년은 1.5등급(5등급제 적용)이내인 자","해당없음","○ 100만원","○ 재단에서 주최하는 행사에 참여 가능한 자","○ 공고일 현재 계속하여 1년 이상 동구에 주민등록이 등재되어 있는 자 또는 그의 자녀○ 대전광역시 소재 고등학교 재학생","○ 성적이 높은 순으로 선발○ 우선순위 : 성적순 국가유공자 소득순","○ 50명※ 학교별 4명 이내 추천","○ 2025년도 타 장학금 수혜자는 제외○ 선발 분야 중 한 가지 분야만 신청 가능※ 자세한 사항은 첨부파일 또는 홈페이지 참고","○ 학교장 추천","○ 장학금 지원 신청서○ 장학생 추천서○ 생활기록부 사본○ 주민등록 등본(주소변동사항 포함)○ 보호자 통장사본○ 기타 입증 서류(필요시)○ 개인정보 제공 동의서※ 자세한 사항은 첨부파일 또는 홈페이지 참고","https://www.donggu.go.kr","2025-09-15","2025-09-26"
"1008 ","재단법인 세종연구원","학교밖청소년지원장학","지자체(출자출연기관)","장학금","지역연고","해당없음","해당없음","해당없음","○ (1유형) 저소득층 유형 : 국민기초생활보장법 제2조 제11호에 따른 기준 중위소득 120% 이하 가정","○ 100만원","○ 학교를 다니지 않는 청소년○ 세종시학교밖청소년지원센터 프로그램(3개월 이상) 참여자○ (2유형) 우수인재 유형 : 검정고시 합격자 / 관내·외 대회 수상자 등","○ 공고일 기준 1년 이상 세종시 계속 거주자(부·모 또는 본인)","※ 기관확인필요","○ 10명","○ 유학생 또는 유학 준비 중인 학생 제외○ 기존 수혜자 수혜 불가※ 자세한 사항은 첨부파일 또는 홈페이지 참고","○ 세종시학교밖청소년지원센터장의 추천","○ 신청서 / 개인정보 활용 동의서 / 서약서 / 행정정보 공동이용 사전동의서○ 통장사본○ 주민등록등본(반드시 선택발급)○ 가족관계증명서(해당자만)○ 기타 대상 증빙서류(자기소개서/제적증명서/정원외관리증명서 등)○ 건강보험료 납입확인서 / 건강보험 자격확인(통보)서○ 국민기초생활수급자 증명서/차상위계층 확인서/한부모가족 증명서※ 자세한 사항은 첨부파일 또는 홈페이지 참고","https://www.sri.re.kr","2026-05-06","2026-07-10"
"1009 ","(재)보성군장학재단","푸른꿈장학생","지자체(출자출연기관)","장학금","특기자","해당없음","해당없음","해당없음","○ 건강보험료 납입액이 자녀가 2인인 경우 30%/3인 이상인 경우 50% 감하여 180%이하인 가구의 학생","○ 100만원","○ 예체능 분야를 확인할 수 있는 증명서 지참(학교장 추천서 기재)○ 공교육 이외에 예체능 관련 사교육 및 이와 관련된 비품 구입 등 내용을 증빙할 수 있는 자료 지참○ 광역자치단체 이상의 단체나 기관에서 주최한 전국대회 또는 도단위 대회에서 3위이내의 성적을 거둔 학생○ 국가대표로 선발된 학생","○ 본인 및 부모(친권자)가 공고일 현재 보성군에 1년 이상 주소를 두고 실제 거주하고 있는 세대의 손 자녀○ 보성군 내에 소재한 고등학교에 입학 및 재학 중인 학생","○ 소득평가 50% 심사위원 40% 에세이 10%※ 자세한 사항은 첨부파일 또는 홈페이지 참고","○ 10명(초중등 인원 포함)","○ 개인별 중복신청 불가※ 자세한 사항은 첨부파일 또는 홈페이지 참고","○ 해당 학교장 추천","○ 장학금지원 신청서○ 주민등록등본○ 가족관계증명서○ 장학생 추천서○ 건강보험료 납부확인서 및 건강보험 자격확인서○ 신청인 서약서○ 개인정보 수집·이용 및 제공·조회 동의서○ 통장사본○ 에세이○ 기타 가점서류○ 예체능분야를 확인할 수 있는 증명서※ 자세한 사항은 첨부파일 또는 홈페이지 참고","http://www.boseong.go.kr/","2026-03-17","2026-03-31"
"1010 ","양평군장학재단","가온누리 특별장학생","지자체(출자출연기관)","장학금","지역연고","해당없음","해당없음","해당없음","해당없음","○ 경기지역화폐 50만원","○ 관외 고등학생: 양평군 관내 중학교 졸업생 중 법정 보호자와 본인이 양평군에 4년 이상 거주한 2025학년도 고등학교 3학년○ 검정고시 합격생: 공고일 현재 법정보호자와 본인이 양평군에 4년 이상 계속 거주중인 2007년생 검정고시 합격생○ 학교밖 청소년: 공고일 현재 법정 보호자와 본인이 양평군에 4년 이상 계속 거주 중인 2007년생 청소년","○ 법정 보호자와 본인이 양평군에 4년 이상 계속 거주 중인 자※ 관외 고등학생의 경우 법정 보호자와 본인이 양평군에 4년 이상 거주한 자※ 자세한 사항은 첨부파일 또는 홈페이지 참고","※ 자세한 사항은 첨부파일 또는 홈페이지 참고","○ 유자격자 학생 전원","○ 거주기간 미충족시 접수 불가○ 읍면사무소 접수 불가※ 자세한 사항은 첨부파일 또는 홈페이지 참고","해당없음","○ 가온누리 장학금 신청서○ 신청인 주민등록등본○ 고등학교 재학증명서(관외)○ 관내 중학교 졸업증명서(관외)※ 자세한 사항은 첨부파일 또는 홈페이지 참고","http://www.ypedu.or.kr","2025-10-27","2025-11-07"
"1011 ","해석정해영선생장학문화재단","고등학생 장학생","지자체(출자출연기관)","장학금","해당없음","해당없음","해당없음","※ 자세한 사항은 첨부파일 또는 홈페이지 참고","※ 자세한 사항은 첨부파일 또는 홈페이지 참고","※ 자세한 사항은 첨부파일 또는 홈페이지 참고","○ 고등학교1~2학년 미술계","○ 부산 울산에 기반을 둔 고등학교 재학생","○ 심사","○ 30명 내외","※ 자세한 사항은 첨부파일 또는 홈페이지 참고","○ 학교장 추천","○ 장학금 신청서○ 자기소개서○ 증명사진○ 학교장 추천서※ 자세한 사항은 첨부파일 또는 홈페이지 참고","https://www.haesuk.or.kr","2024-08-12","2024-09-30"
"1012 ","재단법인 달성교육재단","히어로즈 장학생","지자체(출자출연기관)","장학금","해당없음","해당없음","해당없음","○ 해당없음","○ 해당없음","○ 100만원","○ 달성군 보훈업무 담당과장이 추천한 히어로즈 패밀리의 초·중·고·대학생","○ 선발공고일 현재 달성군에 등록기준지 또는 주소를 2년 이상 계속 두고 있는 군민 또는 그의 자녀","○ 선발배점(학업성적50 재산20 소득 20 다자녀 가점10)","○ 5명","○ 읍면 장학회 장학금 선발자는 금액 무관 중복 지원불가○ 타 장학금500만원 이상 또는 등록금 전액 수혜자 ○ 휴학중인자/ 유학 중인자※ 자세한 사항은 첨부파일 또는 홈페이지 참고","○ 달성군 보훈업무 담당과장이 추천","○ 장학생 선발신청서○ 읍.면장 추천서○ 학교장추천서○ 주민등록등본○ 주민등록초본○ 개인정보 수집/이용/제공 및 조회동의서 ※ 자세한 사항은 첨부파일 또는 홈페이지 참고","http://www.dalseong.daegu.kr","2026-03-03","2026-03-27"
"1013 ","시흥시인재양성재단","다함장학생","지자체(출자출연기관)","장학금","기타","해당없음","해당없음","해당없음","해당없음","○ 100만원","○ 공고일 기준 북한이탈가정 자녀에 해당하는 자○ 관내 고등학교 재학생 중 소득요건 등 기본자격 요건 충족한 자※ 소속 고등학교가 시흥시 관내에 없는 예·체·기능 학교일 경우 인정(공문서 등 확인 필요)※ 자세한 사항은 첨부파일 또는 홈페이지 참고","○ 공고일 기준 학생 또는 법정보호자의 주민등록초본 상 시흥시에서 1년 이상 연속거주","○ 소득심사 60점/ 거주기간 심사 20점/ 학업계획서 20점※ 동점자 처리기준: 기초생활수급자·차상위계/ 한부모가족·장애인(학생)/ 공고일 기준 시흥시 연속 거주기간","○ 중고등 30명(다문화가정 자녀 포함)○ 북한이탈의 경우 추천인원에 따라 선발인원은 유동적으로 변동될 수 있음","○ 당해연도 1가정 2자녀 이상 장학금 수혜 불가○ 학교에서 징계처분을 받은 자○ 관외 이사","○ 시흥경찰서 또는 서부하나센터 추천","○ 가족관계증명서(상세)○ 주민등록초본○ 재학증명서○ 시흥경찰서 또는 서부하나센터 추천서○ 북한이탈주민등록확인서○ 부모 각각의 건강보험납부확인서 및 건강보험자격득실확인서○ 학업계획서○ 취약계층 증빙서류(해당자)※ 자세한 사항은 첨부파일 또는 홈페이지 참고","https://www.shinjeae.or.kr","2025-04-24","2025-05-15"
"1014 ","안양시 인재육성재단","송정 미술꿈나무 장학생","지자체(출자출연기관)","장학금","해당없음","해당없음","해당없음","※ 자세한 사항은 첨부파일 또는 홈페이지 참고","○ 취약한 가정환경으로 어려움을 겪고 있는 학생○ 기초수급자 차상위 장애인 다문화 위기가정 조손가정 등","○ 100만원","○ 안양시 중고등학교 재학생으로 미술에 재능을 지닌 학생","○ 안양시 중고등학교","○ 심사","○ 10명","※ 자세한 사항은 첨부파일 또는 홈페이지 참고","※ 자세한 사항은 첨부파일 또는 홈페이지 참고","○ 장학생 추천서○ 통장사본○ 주민등록 등본○ 자기 작업 포트폴리오※ 자세한 사항은 첨부파일 또는 홈페이지 참고","https://aytalent.or.kr","2024-08-12","2024-09-24"
"1015 ","재단법인 세종연구원","장애인 특기적성장학","지자체(출자출연기관)","장학금","장애인","해당없음","해당없음","해당없음","해당없음","○ 100만원","○ 신체/지적/발달 등 장애인으로 등록된 학생○ 신청시작일 기준 1년 이내(2025.5.6.~ 2026.5.5.)에 전국 규모 이상의 대회에서 3위 이내 입상한 자※ 자세한 사항은 첨부파일 또는 홈페이지 참고","○ 신청시작일 기준 1년 이상 세종시 계속 거주자(부·모 또는 본인) 혹은 세종시 관내 고등학교 재학생","○ 수상실적 배점과 소득배점을 7:3 비율로 합산하여 고득점자 선발○ 동점자 기준*1순위 : 장애의 정도가 심한 학생*2순위 : 세종시 관내 학교 재학/세종시 거주 모두 충족한 학생*3순위 : 세종시 거주기간이 긴 자※ 자세한 사항은 첨부파일 또는 홈페이지 참고","○ 초/중/고/대학생 포함 8명","○ 동일한 수상실적으로 중복 수혜 불가○ 신청시작일로부터 1년이 초과된 수상실적은 0점 처리○ 신청 자격을 장학금 수혜 시기까지 지속 유지하여야 함※ 자세한 사항은 첨부파일 또는 홈페이지 참고","○ 학교장 추천","○ 신청서 / 개인정보 활용 동의서 / 서약서 / 행정정보 공동이용 사전동의서○ 통장사본○ 추천서○ 수상실적 증명서(수상실적마다 각 1부)○ 주민등록등본(반드시 선택발급)○ 가족관계증명서 (해당자만)○ 장애인 증명서○ 건강보험료 납입확인서 / 건강보험 자격확인(통보)서○ 국민기초생활수급자 증명서/차상위계층 확인서/한부모가족 증명서※ 자세한 사항은 첨부파일 또는 홈페이지 참고","https://www.sri.re.kr","2026-05-06","2026-07-10"
"1016 ","사단법인 한국다문화청소년협회","특기장학","기타","장학금","특기자","해당없음","해당없음","해당없음","○ 2026년 기준 중위소득 80% 이하인 가구","○ 1인당 500만원","○ 체육/문화예술/기능/수학·과학 분야 등 특기 및 재능 보유 다문화가족 자녀○25년 7월~26년 6월말까지 전국 규모 이상의 대회에서 3위권 이내 입상 실적 자료 제출이 가능한 자녀※ 자세한 사항은 첨부파일 또는 홈페이지 참고","해당없음","※ 기관확인필요","○ 18명 내외(초/중/고/대학생 포함)","○ 타 기관 장학금 미수혜자 우선선발 예정○ 협회 장학(양육비) 수혜자 신청 불가○ 북한이탈주민 제외","○ 반드시 추천 학교 학교장의 추천서가 첨부 되어야 함※ 담임교사 및 기관 실무자 추천 불가※ 추천 학교의 직인인이 날인 되어야하며 개인 도장날인 및 서명은 인정되지 않음","○ 장학생 신청서○ 자기소개서○ 학교장 추천서○ 개인정보동의서○ 주민등록등본○ 소득증빙서류○ 다문화 대상자임을 입증할 수 있는 서류○ 생활기록부 사본○ 25.7월~26년 6월말까지 입상 실적 입증자료※ 자세한 사항은 첨부파일 또는 홈페이지 참고","http://www.kmcyouth.or.kr","2026-08-03","2026-08-31"
"1017 ","백운장학회(광양)","학교밖청소년 장학금","지자체(출자출연기관)","장학금","해당없음","해당없음","해당없음","○ 고등 검정고시 합격자","※ 자격기준은 아니나 선발기준에 소득 60% 적용","○ 300~700만원","※ 기관확인필요","○ 공고일 기준 부모 또는 보호자가 광양시에 1년 이상 주고를 두고 있는 학생 부 또는 모의 사망/부모가 이혼한 경우에는 현재 보호자의 주소지를 적용","○ 소득 60% + 자격증 40% + (가점) 수상경력 최대 5점○ 선발 심사는 서류심사를 원칙으로 함○ 장학생 선발은 (재)백운장학회 이사회 승인 후 최종결정","○ 10명","○ 장학금의 이중·허위 수혜 등 기타 부정행위가 적발된 경우○ 장학금 신청자와 그 부·모가 지방세를 체납 중인 경우","해당없음","○ 장학금 신청서 1부○ 주민등록등본 1부○ 가족관계증명서 1부○ 개인정보 수집·이용 및 제공·조회 동의서 1부○ 장학금 지급 통장 사본 1부○ 전년도 부·모 건강보험료 납부확인서 및 자격확인서 각 1부○ 저년도 부·모 지방세 세목별 과세증명서 각 1부○ 기초생활수급자/차상위계층/장애인 증명서 1부(해당자)○ 검정고시 합격증서○ 자격증 및 수상실적(해당자)※ 자세한 사항은 첨부파일 또는 홈페이지 참고","http://www.gwangyang.go.kr/fund/","2026-08-01","2026-08-31"
"1018 ","재단법인 목포인재육성재단","희망장학생(한부모·조손)","지자체(출자출연기관)","장학금","지역연고","해당없음","해당없음","해당없음","해당없음","○ 50만원","○ 법정 한부모 가정(부자가정/ 모자가정/ 조손가정)○ 모집인원 초과 시 건강보험료 100%","○ 공고일 현재 본인 및 보호자가 목포시 내에 1년 이상 주소를 두고목포시 소재 고등학교에 재학 중인 자","※ 기관확인필요","○ 9명※ 장학금별 선발인원은 예산규모에 맞게 탄력적으로 운영","○ 2026년 전남인재평생교육진흥원 장학금 수령자 제외○ 선발 전형에 상관없이 1가구 1명 선발 원칙","해당없음","○ 목포장학재단 장학금 신청서○ 신청인 서약서○ 개인정보수집·이용 및 제공·조회 동의서○ 주민등록등본○ 가족관계증명서○ 건강보험 자격확인서 및 건강보험료 납부확인서○ 재학증명서○ 통장사본○ 한부모가족증명서(단 조손가정은 목포시 사회복지과 자격 확인)※ 자세한 사항은 첨부파일 또는 홈페이지 참고","http://www.mokposaf.com/","2026-05-26","2026-06-12"
"1019 ","재단법인 옥천군장학회","곰두리장학생","지자체(출자출연기관)","장학금","지역연고","해당없음","해당없음","해당없음","○ 장애학생 또는 다문화/ 북한이탈주민/ 한부모가정","○ 70만원","○ 관내 고등학교 재학생","○ 공고일 현재 1년 이상 옥천군에 주소를 두고 계속 거주하고 있는 군민 또는 군민의 자녀","○ 학교장 추천에 의함","○ 12명○ 옥천고 3명 / 충북산과고 6명 / 청산고 3명○ 학교당 학년별 1명 (충북산과고는 학년별 2명)","○ 당해연도 충북인재평생교육진흥원 및 옥천군이 출연한 기관이나 단체로부터 장학금을 받는 자○ 동일인에 대하여 초/중/고/대학교 재학 중 각 1회만 선발※ 자세한 사항은 첨부파일 또는 홈페이지 참고","○ 학교장 추천에 의한 공문 발송","○ 장학생 추천서○ 주민등록등본 (추가 가족관계증명서)○ 개인정보 수집/이용/제공 및 조회 동의서○ 장애인/다문화가정/북한이탈주민/한부모가정 증명서류※ 자세한 사항은 첨부파일 또는 홈페이지 참고","https://ocjh.oc.go.kr","2025-10-10","2025-10-17"
"1020 ","전북애향장학재단","전북애향장학생","지자체(출자출연기관)","장학금","지역연고","해당없음","해당없음","○ 신입생의 수학능력시험 표준점수가 4개 영역(국어/수학/영어/탐구영역) 평균 2등급 이내인 자○ 고등학교장 추천자 중 효행/봉사/인성/IT/기술/과학 등 특정 분야의 실적이 뛰어난 지원자는 수학능력시험 4개영역 평균 4등급 이내 지원가능 (특정)○ 도내대학교 총창 추천자는 수학능력시험 4개영역 평균 5등급 이내인 자 (대학교추천)","해당없음","○ 200만원 (학기당)※ 조건 충족 시 4년간 지급","○ 4년제 대학 진학예정자(신입생)","○ 보호자의 본적 또는 주소지가 전북특별자치도이고 전북특별자치도에 소재하는 중/ 고등학교에서 전 교육과정을 이수하고 졸업 또는 졸업 예정인 자","※ 기관확인필요","○ 20명이내","○ 이중수혜금지○ 국가장학금으로 등록금이 가능한 자는 제외※ 단 타 장학금 수령액이 100만원 미만일 때와 타 장학금과 애향장학금을 합한 금액이 대학 한 학기 등록금에 미달할 때는 예외로 하며 초과할 때는 초과된 금액을 본 재단에 반납해야 함.","○ 학교장 또는 시/군 애향본부장 추천","○ 장학생 지원서○ 장학생 추천서○ 대입수능 성적증명서 사본○ 대입합격 통지서 사본○ 지방세 세목별 과세 증명서○ 주민등록등본※ 자세한 사항은 첨부파일 또는 홈페이지 참고","http://www.jblove.or.kr","2025-12-10","2026-02-20"
"1021 ","재단법인 산청군향토장학회","초중고 생활장학생","지자체(출자출연기관)","장학금","지역연고","해당없음","해당없음","○ 해당없음","○ 국민기초생활보장수급자/ 한부모가족/ 차상위계층 가구의 자녀※ 자세한 사항은 첨부파일 또는 홈페이지 참고","○ 50만원","※ 자세한 사항은 첨부파일 또는 홈페이지 참고","○ 공고일 현재 부모 또는 학생이 산청군에 1년 이상 계속하여 주소를 두고 있으며 산청군에 소재한 고등학교 재학생 또는 학교 밖 청소년","※ 자세한 사항은 첨부파일 또는 홈페이지 참고","○ 90명(초/중학생 포함)","○ 상반기 초중고 생활장학금 선정자○ 비인가학교 학생 및 학교 밖 청소년의 경우 2012년생 ~ 2007년생에 한하여 지급※ 자세한 사항은 첨부파일 또는 홈페이지 참고","○ 읍·면장 추천","○ 장학생 신청(추천)서○ 재학증명서○ 국민기초생활보장수급자/한부모가족/차상위계층 확인서○ 부모 또는 학생 본인 주민등록 초본○ 개인(신용)정보 수집·이용 및 제공·조회 동의서○ 통장사본※ 자세한 사항은 첨부파일 또는 홈페이지 참고","http://www.sancheong.go.kr","2026-04-13","2026-05-08"
"1022 ","의왕시인재육성재단","장애인 특기 장학생","지자체(출자출연기관)","장학금","장애인","해당없음","해당없음","해당없음","해당없음","○ 100만원(생활장학금)","○ 기능·예능·과학 등의 분야에서 도 단위 규모 대회에서 1위에 입상하거나 전국 규모 대회에서 3위 이내 입상한 장애인 고등학생※ 장애인 복지법 시행규칙 별표1의 장애 정도에 해당하는 사람","○ 공고일 기준 의왕시에 주소를 두고 2년 이상 거주하고 있는 장애인 고등학생","○ 입상성적 90% 가족사항별 5% 의왕시거주 5% 가점 7% (총 107)○ 동점자 처리기준 : 입상성적 가족사항별 의왕시거주 가점","○ 2명(대학 포함)","○ 1가구 1인만 선발※ 자세한 사항은 첨부파일 또는 홈페이지 참고","○ 학교장 추천","○ 장학금 지원 신청서○ 개인정보 수집·이용·제공·조회 동의서○ 추천서○ 입상 증빙 서류○ 초본○ 장애인 증명서※ 자세한 사항은 첨부파일 또는 홈페이지 참고","http://www.uwinjae.or.kr","2024-07-29","2024-08-09"
"1023 ","재단법인 의성군인재육성재단","학업성취도 향상 장학금","지자체(출자출연기관)","장학금","지역연고","해당없음","해당없음","○ 직전학기 대비 학업성취도 향상 학생 중 인문계 고등학교 재학인원 10% 이내 / 특성화 고등학교 재학인원 5% 이내","해당없음","○ 100만원","※ 기관확인필요","해당없음","○ 학교별 일괄 신청※ 개별신청 불가※ 학교장 추천사항으로 학년별 배분/ 성적향상 범위 등은 학교장 재량","○ 65명","○ 2025년도 의성군인재육성재단 입학 및 재학성적우수장학금 수혜자 제외","○ 학교장 추천","○ 장학생 지원신청서○ 장학금 지급신청서○ 개인정보제공 동의서○ 각서○ 통장사본○ 학교장 추천서○ 학업성취 향상 확인(비교) 가능한 성적증명서※ 자세한 사항은 첨부파일 또는 홈페이지 참고","http://uscdream.kr","2025-11-12","2025-11-25"
"1024 ","재단법인 신안군장학재단","어가 및 저소득 자녀 장학","지자체(출자출연기관)","장학금","지역연고","해당없음","해당없음","해당없음","○ 저소득","○ 70만원","○ 김양식 자녀/ 저소득자녀○ 신안군 소재 고등학교 재학생 (6개고교)","○ 부 또는 모(친권자)와 학생 본인이 공고일 현재 신안군에 6개월 이상 주민등록되어 있는 고등학생","○ 1순위 김양식업자녀○ 2순위 저소득자녀","○ 24명","○ 중복 신청자※ 자세한 사항은 첨부파일 또는 홈페이지 참고","○ 학교장","○ 장학금신청서○ 신청인서약서○ 개인정보 수집·이용 및 제공·조회 동의서○ 주민등록 등본○ 가족관계증명서○ 재학증명서○ 통장사본○ 어업면허증명서○ 학교장추천서○ 저소득 증빙서류 (해당자)※ 자세한 사항은 첨부파일 또는 홈페이지 참고","https://www.shinan.go.kr/","2025-04-21","2025-05-09"
"1025 ","재단법인 포천시교육재단","특기장학생","지자체(출자출연기관)","장학금","지역연고","해당없음","해당없음","해당없음","해당없음","○ 개인 70만원○ 팀 150만원","※ 자세한 사항은 첨부파일 또는 홈페이지 참고","○ 공고일 이전까지 국제/전국/광역시/도/ 군 대회 등에서 우수한 성적을 거둔 초·중·고·대학생","※ 기관확인필요","○ 개인 10명/ 팀 3팀","○ 2023년도 향토인재 장학생은 선발 제외되며 하반기 장학생 선발 분야별 또는 세대별 중복지원 불가","해당없음","○ 장학금 지원신청서○ 개인정보 수집이용 및 조회 동의서○ 특기장학생 입상내역 확인서 ○ 재학증명서○ 주민등록 초본 ○ 가족관계증명서○ 대회 입상실적 증명서 등 증빙서류※ 자세한 사항은 첨부파일 또는 홈페이지 참고","http://www.pcscholarship.or.kr","2023-09-11","2023-09-27"
"1026 ","(재)중구인재육성장학재단","학력(성적)우수장학생","지자체(출자출연기관)","장학금","지역연고","해당없음","해당없음","○ 성적 상위 10% 이내","해당없음","○100만원","○ 서울시 중구 소재 고등학교 재학생","○ 공고일 기준으로 서울시 중구에 주민등록을 두고 1년 이상 거주하고 있는 자","○ 서류심사 (장학생 종류별 세부평점기준표 의거 장학생선정심사위원회에서 선발)","○ 8명","○ 국가/지방자치단체/타재단/학교/민간 등으로부터 장학금을 지원받은 자○ 선발분야 3개 중 1개 분야만 신청 가능○ 장학생 신청은 1세대당 1명○ 2025년 상반기 본재단 수혜자는 선발 후순위※ 자세한 사항은 첨부파일 또는 홈페이지 참고","○ 학교장 또는 동장 추천","○ 장학생 신청서 및 추천서○ 직전학기 성적증명서/생활기록부○ 지방세세목별과세증명서○ 통장사본○ 임대차계약서 (해당자)○ 가점증빙서류 (해당자)※ 자세한 사항은 첨부파일 또는 홈페이지 참고","http://www.junggu.seoul.kr","2025-10-24","2025-11-07"
"1027 ","시흥시인재양성재단","일반장학생","지자체(출자출연기관)","장학금","해당없음","해당없음","해당없음","○ 해당없음","○ 해당없음","○ 80만원","○ 관내 소재 학교 재학생","○ 학생 또는 법정보호자가 시흥시1년 이상 연속적으로 거주자","○ 거주기간 심사 40점 생활정도 심사 50점○ (해당자) 취약계층(수급자5점/차상위4점/한부모가정3점/장애인3점)○ (해당자) 다자녀 5점○ (고등학교 2~3학년) 성적우수자 2점 ","○ 395명(초/중학생 포함)","○ 해당없음","○ 해당없음","○ 주민등록초본○ 가족관계증명서○ 재학증명서○ 건강보험납부확인서○ 건강보험자격 득실 확인서※ 자세한 사항은 첨부파일 또는 홈페이지 참고","https://www.shinjae.or.kr/","2026-04-13","2026-05-15"
"1028 ","재단법인 산청군향토장학회","일반장학금 ","지자체(출자출연기관)","장학금","지역연고","해당없음","해당없음","○ 직전학기 성적 내신평균 4등급 이내","해당없음","○ 50만원","※ 기관확인필요","○ 공고일 현재 부모 또는 학생이 산청군에 1년 이상 계속하여 주소를 두고 있으며 산청군에 소재한 고등학교 재학생","※ 자세한 사항은 첨부파일 또는 홈페이지 참고","※ 자세한 사항은 첨부파일 또는 홈페이지 참고","※ 자세한 사항은 첨부파일 또는 홈페이지 참고","○ 소속 학교장 추천","※ 자세한 사항은 첨부파일 또는 홈페이지 참고","https:..wwwsancheong.go.kr/www/index.do","2025-11-03","2025-11-21"
"1029 ","아이들과 미래재단","메르세데스벤츠기브앤드림장학생","기타","장학금","특기자","해당없음","1학년2학년3학년제한없음","해당없음","○ 국민기초생활수급자/ 차상위계층/ 기타 저소득 가정(중위소득 120% 이하)","○ 연 400만원 이하※ 자세한 사항은 첨부파일 또는 홈페이지 참고","○ 2026년 기준 초등학교 1학년 ~ 고등학교 3학년 스포츠 유망주※ 비장애인/장애인 모두 지원 가능※ 자세한 사항은 첨부파일 또는 홈페이지 참고","해당없음","○ 1차: 서류심사 2차: 전문가 심사※ 자세한 사항은 첨부파일 또는 홈페이지 참고","○ 11명~15명","※ 기관확인필요","해당없음","○ 장학 신청서 1부○ 장학금 활용 계획서 1부○ 개인정보 수집 및 초상권 활용 동의서 1부○ 소득 관련 증빙 서류○ 주민등록등본 1부○ 체육 대내외 수상실적 증명서(해당자)○ 장애인의 경우: 장애인 복지카드 사본 또는 장애인등록증명서 1부(해당자)※ 자세한 사항은 첨부파일 또는 홈페이지 참고","https://www.kidfuture.or.kr","2025-12-22","2026-01-09"
"1030 ","재단법인 전남인재평생교육진흥원","SK E&S 전남도시가스장학생","지자체(출자출연기관)","장학금","소득구분","해당없음","해당없음","○ 해당없음","○ 소득인정액 기준 중위소득 150% 이내의 가정","○ 50만원","※ 기관확인필요","○ 공고일 기준 학생 본인 또는 보호자(부 또는 모/ 후견인)가 1년 이상 전라남도에 주민등록 되어 있는 학생※ 대상시군 : 순천시/광양시/곡성군/구례군/고흥군/보성군","○ 소득분야 : 소득 평가 100%○ 성적분야 : 성적 평가 70% 소득 평가 30% (동점의 경우 저소득계층 우선)","○ 10명","○ 장학금 중복 지원 및 선발 불가○ 동시 지원 시 선접수된 지원서만 심사○ 한 가구 내 신청자 1인만 심사○ 자퇴/ 퇴학 시 지원 중단되며 반납해야함※ 자세한 사항은 첨부파일 또는 홈페이지 참고","○ 시/ 군 추천","○ 장학금신청서○ 주민등록등본○ 가족관계증명서○ 재학증명서○ 개인정보 수집이용 및 제공조회 동의서○ 장학금 지급 통장사본※ 자세한 사항은 첨부파일 또는 홈페이지 참고","http://www.jninjae.or.kr ","2026-04-17","2026-05-15"
"1031 ","해인동문장학회","장학생","지자체(출자출연기관)","장학금","해당없음","해당없음","1학년2학년3학년제한없음","○ 종립학교 재학생 중 학업 성적이 우수한 자","해당없음","○ 1인당 50~100만원","○ 신심이 깊어 타의 모범이 되는 자","해당없음","※ 기관확인필요","○ 00명","※ 기관확인필요","해당없음","○ 장학금 신청서○ 재학증명서○ 성적증명서※ 입학예정자는 입학을 증명할 수 있는 서류 제출※ 자세한 사항은 첨부파일 또는 홈페이지 참고","www.haeinjanghak.org","2026-08-03","2026-08-31"
"1032 ","(재)보성군장학재단","꿈드림 장학금","지자체(출자출연기관)","장학금","기타","해당없음","해당없음","해당없음","해당없음","○ 70만원","○ 신청일 기준 1년이내 중졸 검정고시나 고졸 검정고시 (25년 1월 1일 이후) 에 합격한 자","○ 본인이나 부모가 공고일 현재 보성군에 1년 이상 주소를 두고 실제 거주하고 있는 세대의 손자녀","○ 선발기준: 에세이","○ 5명","○ 개인별 중복지원 불가","해당없음","○ 장학금 지원 신청서○ 주민등록등본○ 검정고시 합격증○ 신청인 서약서○ 개인정보 수집·이용 및 제공·조회 동의서○ 통장사본○ 에세이※ 자세한 사항은 첨부파일 또는 홈페이지 참고","http://www.boseong.go.kr/","2026-03-04","2026-04-30"
"1033 ","최경주재단","최경주골프꿈나무장학","기타","장학금","특기자","해당없음","해당없음","해당없음","해당없음","○ 미국 AJGA 대회 및 KPGA 대회 출전 기회 제공○ 미PGA 진출 및 미국 대학 진학을 위한 기회와 프로그램 연구 기타 지원","○ 전남/광주 지역 거주 중고연맹에 등록되어 있는 2009년 ~ 2007년 출생 남학생○ 중고연맹 2024년 기준 평균 타수 76타 이하○ 해외 훈련에 결격 사유가 없는 학생※ 자세한 사항은 첨부파일 또는 홈페이지 참고","해당없음","※ 자세한 사항은 첨부파일 또는 홈페이지 참고","※ 자세한 사항은 첨부파일 또는 홈페이지 참고","○ 최경주 장학꿈나무/ 최경주 골프꿈나무를 포함하여 1가정 1인 지원○ 타 장학재단/ 기업 장학금 등 중복 수혜 불가","○ 담임선생님 및 프로 추천서","○ 최경주 골프꿈나무 신청서○ 대한골프협회 및 중고등학교골프연맹 경기실적 증명서○ 대한골프협회 핸디캡 카드 스캔본○ 소질상황 증빙서류○ 주민등록등본 1부○ 경제 상황 증빙서류※ 자세한 사항은 첨부파일 또는 홈페이지 참고","http://www.kjchoifoundation.org","2024-10-23","2024-11-05"
"1034 ","산청양수장학회","일반장학생","지자체(출자출연기관)","장학금","지역연고","해당없음","해당없음","○고등학생(2~3학년): 2025년도 1학기 주요 교과(국어·영어·수학) 등급 합계 15 미만인 학생○고등학생(1학년): 2025년도 1학기 주요 교과(국어·영어·수학) 등급 합계 9 미만인 학생","해당없음","○ 60만원","○ 공고일 기준 현재 재학 중이며 만 30세 이하인 학생○ 교육부에서 인가한 학교에 재학 중인 학생※ 자세한 사항은 첨부파일 또는 홈페이지 참고","○ 발전소주변지역 지원에 관한 법률 제2조에 정한 발전소주변지역에 공고일 포함 2년 이상 계속 거주하는 주민 또는 그 자녀※ 발전소 주변지역 : 산청군 시천면※ 자세한 사항은 첨부파일 또는 홈페이지 참고","※ 자세한 사항은 첨부파일 또는 홈페이지 참고","○ 25명 (특별장학생 포함인원)","○ 1가구 1인 선발※ 자세한 사항은 첨부파일 또는 홈페이지 참고","○고등학교장의 추천※ 관외지역 재학생의 경우 개별 지원서 접수※ 자세한 사항은 첨부파일 또는 홈페이지 참고","○ 장학생 선발 추천서○ 개인정보 수집·이용 제공 동의서○ 통장 사본○ 보호자 또는 본인의 주민등록초본○ 가족관계증명서○ 재학증명서/ 성적증명서※ 자세한 사항은 첨부파일 또는 홈페이지 참고","https://www.sancheong.go.kr/","2025-09-29","2025-10-17"
"1035 ","재단법인 충북인재평생교육진흥원","다자녀가족장학생","지자체(출자출연기관)","장학금","해당없음","해당없음","해당없음","※ 자세한 사항은 첨부파일 또는 홈페이지 참고","○ 건강보험료 기초생활수급자※ 자세한 사항은 첨부파일 또는 홈페이지 참고","○ 100만원","○ 3자녀 이상 가정의 가구원인 고등학생","○ 공고일 기준 1년 이상 도내에 주소를 두고 계속 거주하는 도민 또는 도민의 자녀","※ 자세한 사항은 첨부파일 또는 홈페이지 참고","○ 초중고등학생 200명","○ 상반기 선발 중인 진흥원 타 분야 장학금과 중복 선발 된 경우 한 분야의 장학금만 수혜 받을 수 있음(연1회 수혜 가능)※ 자세한 사항은 첨부파일 또는 홈페이지 참고","※ 자세한 사항은 첨부파일 또는 홈페이지 참고","○ 주민등록등본 또는 초본○ 건강보험자격확인서 또는 건강보험증○ 건강보험납부확인서○ 가족관계증명서○ 재학증명서○ 통장사본※ 자세한 사항은 첨부파일 또는 홈페이지 참고","https://school.cbe.go.kr/cjbgm/M010301/view/5426059","2026-03-10","2026-03-27"
"1036 ","금왕장학회","특기장학생","기타","장학금","지역연고","해당없음","해당없음","해당없음","해당없음","○ 100만원","○ 공공기관 및 민간단체가 주최/주관한 전국규모 이상 대회에서 3위 이상 수상 및 국가대표로 선발된 고등학생※ 수상실적: 20250101 ~ 20251231","해당없음","○ 대회규모별 수상실적 순으로 평가○ 세계대회/ 아시아대회/ 전국대회○ 금/ 은/ 동","○ 0명","○ 음성장학회 장학금 수여자 중복신청 불가","○ 단체로 수상한 경우 학교장 추천을 받은 1명만 신청","○ 장학생 신청서○ 개인정보제공동의서○ 주민등록등본○ 통장사본○ 상장 사본 및 재학증명서○ 학교장 추천서 (공문으로 대체)○ (단체수상자) 붙임 양식의 학교장 추천서※ 자세한 사항은 첨부파일 또는 홈페이지 참고","http://eumseong.go.kr/","2026-02-05","2026-03-06"
"1037 ","제천시인재육성재단","다문화 특별장학생","지자체(출자출연기관)","장학금","해당없음","해당없음","해당없음","※ 자세한 사항은 첨부파일 또는 홈페이지 참고","※ 자세한 사항은 첨부파일 또는 홈페이지 참고","○ 100만원","○ 다솜 고등학교","○ 다문화 가정을 위한 다솜 고등학교 대상으로 제천에 주소를 이전한 전 학년 학생","○ 심사","○ 10명","※ 자세한 사항은 첨부파일 또는 홈페이지 참고","○ 학교장 추천","○ 주민등록초본○ 통장사본※ 자세한 사항은 첨부파일 또는 홈페이지 참고","https://www.jcbrain.kr","2026-03-13","2026-03-27"
"1038 ","(재)인천인재평생교육진흥원","북한이탈주민 장학생","지자체(출자출연기관)","장학금","기타","해당없음","해당없음","○ 신입생 : 중학교 3학년 2학기 교과 성취도 평균점수가 5점 만점에 2점 이상○ 재학생 : 직전학기 성적 내신 평균 등급이 6등급 이내(음악·미술·체육 제외)","○ 가정형편: 북한이탈주민 가정으로 본인 또는 부모가 기초생활수급자/차상위계층(한부모가정 포함)/장애인으로 둥록된 가정 중 1개 이상 해당되는 자","○ 100만원(생활비성 장학금)","○ 초중등교육법 제2조의 고등학교에 재학하는 학생○ 북한이탈주민가정의 자녀로 관내 고등학생 중 가정형편과 성적 기준을 모두 충족하는 자","○ 선발 공고일 기준 보호자 또는 본인의 현재 주민등록 주소지가 인천광역시이며 학교 정규학기 재학중인 자","○ 서류심사 및 재단 장학생 선발심사위원회의 심사를 거쳐 선발○ 2024년도 재단 장학생은 선발 대상에서 후순위 심사○ 서류심사: 자격기준 충족자 중 학교성적 고득점자 상위 랭킹 순 선발","○ 16명","○ 동일연도 내 재단에서 실시하는 장학금 중복 지원 및 선발 불가○ 1가구 1인 지원○ 장학금 2개 종 이상 동시지원 불가○ 직전년도 재단 해외 프로그램 장학생은 선발 대상에서 제외","해당없음","○ 지원신청서○ 북한이탈주민 등록 확인서○ 재학증명서○ 성적증명서○ 가정형편 증명서○ 주민등록등초본○ 보통예금통장사본○ 기타 가점 서류※ 자세한 사항은 첨부파일 또는 홈페이지 참고","https://www.janghakin.or.kr/","2025-03-31","2025-04-20"
"1039 ","(재)전남광주통합특별시 서구 장학재단","행복장학금","지자체(출자출연기관)","장학금","지역연고","해당없음","해당없음","○ 2026년 1학기 성적표를 기준으로 배점표에 따라 산정","○ 기초생활수급자/차상위대상자","○ 70만원","※ 기관확인필요","○ 공고일 현재 광주광역시 서구에 주민등록 상 1년 이상 주소를 둔 주민과 그 자녀","※ 기관확인필요","○ 5명","○ 서구 장학재단 장학생으로 선발되어 장학금을 지원받은 학생○ 1가구 1인 선발○ 선발유형별 1개 분야만 신청 가능※ 자세한 사항은 첨부파일 또는 홈페이지 참고","해당없음","○ 장학금 지원신청서 1부○ 개인정보 수집·이용·제공 및 조회 동의서 1부○ 주민등록 등본 1부○ 재학증명서 1부○ 성적증명서 1부○ 통장사본 1부○ 장학신청 확인서 1부○ 국민건강보험료 납부확인서/자격득실확인서※ 자세한 사항은 첨부파일 또는 홈페이지 참고","http://seogu.gwangju.kr","2026-08-03","2026-09-30"
"1040 ","토니모리","희망열매장학","기타","장학금","기타","해당없음","3학년","해당없음","○ 기초수급자 차상위계층/ 한부모가정○ 어려운 가정 환경에서도 학업에 대한 열정을 놓지 않은 예비 대학생","○ 1인 300만원","○ 전국 2026학년도 대학수학능력시험 응시 고등학교 3학년 수험생(예비대학생)○ 토니모리 희망열매 장학금 공고기간 및 심사기간 내 대학 합격이 확정된 자","해당없음","※ 기관확인필요","○ 10명","해당없음","○ 교직원 추천 필요","○ 희망열매 장학금 신청서○ 신청사연서○ 교직원 추천서○ 수능성적표 사본(또는 수시 합격 통지서)○ 기타 각종 증빙서류※ 자세한 사항은 첨부파일 또는 홈페이지 참고","https://tonystreet.com","2025-12-16","2026-01-18"
"1041 ","한국수자원공사","대청댐주변지역장학생","지자체(출자출연기관)","장학금","기타","해당없음","해당없음","※ 자세한 사항은 첨부파일 또는 홈페이지 참고","○ 기초생활수급자/ 차상위계층/ 기준 중위소득 85% 이내에 해당하는 저소득층 또는 일반주민※ 자세한 사항은 첨부파일 또는 홈페이지 참고","※ 자세한 사항은 첨부파일 또는 홈페이지 참고","※ 자세한 사항은 첨부파일 또는 홈페이지 참고","○ 2023.12.31 이전부터 현재까지 계속하여 문의면에 실거주 및 주민등록 주민※ 자세한 사항은 첨부파일 또는 홈페이지 참고","※ 자세한 사항은 첨부파일 또는 홈페이지 참고","※ 자세한 사항은 첨부파일 또는 홈페이지 참고","○ 금강수계기금/ Kwater 미래육성 장학금/ 학교 장학금(학비 감면 포함) 등 중복 수혜불가※ 자세한 사항은 첨부파일 또는 홈페이지 참고","※ 자세한 사항은 첨부파일 또는 홈페이지 참고","○ 재학증명서○ 기초생활수급자/ 차상위계층 등 지원대상자 증빙서류○ 주민등록등본※ 자세한 사항은 첨부파일 또는 홈페이지 참고","http://www.kwater.or.kr/main.dos_mid=1","2025-09-09","2025-09-23"
"1042 ","(재) 창원시장학회","꿈드림장학금","지자체(출자출연기관)","장학금","해당없음","해당없음","해당없음","○ 해당없음","○ 해당없음","○ 50만원","○ 창원시 소재 고등학교 재학생 중 모범적인 학생","○ 본인 또는 부모 중 한사람의 주소가 공고일 기준 창원시에 등록되어야 함","※ 자세한 사항은 첨부파일 또는 홈페이지 참고","○ 15명","○ 타 장학금에 지원을 한 경우","○ 창원시에서 추천","○ 장학금 지원 신청서는 개인 작성○ 해당 학교장의 공문 필히 첨부○ 본인 통장 사본 및 주민등록등본※ 자세한 사항은 첨부파일 또는 홈페이지 참고","http://www.jhjh.or.kr/bbs/board.phpbo_table=news&wr_id=3822","2026-03-06","2026-03-27"
"1043 ","재단법인 안성시민장학회","귀뚜라미 재능장학생","지자체(출자출연기관)","장학금","해당없음","해당없음","해당없음","해당없음","해당없음","○ 100만원※ 학업 장려 및 생활 보조조 장학금","○ 예술 : 병역법시행령 제68조의 11의 국내·국제 예술경연대회 본선 진출자 또는 경연대회 수상자(붙임 참조)○ 체육 : 대한체육회 산하 종목별 협회에서 인정한 광역시 및 도단위 대회 1위 입상자 또는 전국(국제)대회 3위 이내 입상자○ 기술 : 기능경기대회 중 광역시 및 도단위 이상 대회 1위 입상자 또는 전국(국제)대회 3위 이내 입상자","○ 장학생 선발 공고일 기준 주민등록상 안성시에 3년 이상 거주 고등학생","※ 기관확인필요","○ 5명","○ 2026년 1학기 기준 귀뚜라미 재단 장학금 받은 자는 지원 불가○ 2026년 (재)안성시민장학회 정규 및 안성맞춤인재 장학생으로 선발된 학생 지원 불가○ 휴학생/편입생/졸업·수료 유예자/해외유학생 제외※ 자세한 사항은 첨부파일 또는 홈페이지 참고","해당없음","○ 장학생 지원 신청서○ 재학증명서○ 주민등록초본○ 주민등록등본○ 개인정보 수집·이용·제공 및 조회 동의서○ 학생 본인 통장 사본○ 입상실적 상장 사본○ 수상실적확인서○ 참가대회안내문※ 자세한 사항은 첨부파일 또는 홈페이지 참고","https://www.ascsf.or.kr/","2026-08-05","2026-08-12"
"1044 ","재단법인 광남새마을금고 장학회","우등장학생","기타","장학금","지역연고","해당없음","해당없음","○ 재적학년 성적이 100분의 25이내인 자","해당없음","○ 80만원","○ 관내 고등학교 재학생","○ 공고일 현재 2년 이상 광명시 관내에 주소를 두고 거주하는 시민 및 그 자녀","○ 정부지원 대상자(국민기초생활수급자/한부모가정 자녀/차상위계층 자녀/기타복지대상자) 우선선정○ 추천순위 : 복지장학생 > 예체능 특기장학생 > 우등장학생","○ 77명 (복지장학생/예체능 특기장학생/우등장학생 포함)○ 광명시 관내 고등학교의 학교당 7명 선발 (학교장 추천)","해당없음","○ 학교장 추천","○ 장학생 신청서○ 학교장 추천서○ 성적증명서○ 주민등록원초본 ○ 개인정보 제공동의서○ 보호자 통장사본※ 자세한 사항은 첨부파일 또는 홈페이지 참고","http://www.kwangnam.co.kr/","2025-10-21","2025-11-26"
"1045 ","아이들과 미래재단","희망샘기금 장학생","기타","장학금","기타","해당없음","해당없음","해당없음","○ 저소득층","○ 매월 장학금 지급○ 북멘토(BookMentor) 임직원 멘토 편지 및 도서지원(4회)○ 기념일(생일 크리스마스) 선물 연2회회○ 아스트라제네카 임직원과 함께하는 문화체험프로그램(연1회 참석필수)※ 자세한 사항은 첨부파일 또는 홈페이지 참고","○ 저소득층 암환자 가정의 19세 미만 자녀(2026년 기준 고등학교 12학년)※ 자세한 사항은 첨부파일 또는 홈페이지 참고","○ 서울/ 경기/ 인천 지역 거주","※ 기관확인필요","※ 기관확인필요","※ 기관확인필요","○ 장학생 추천 가능 기관에서 추천※ 자세한 사항은 첨부파일 또는 홈페이지 참고","○ 희망샘기금 신규 장학생 신청 공문 1부○ 희망샘기금 장학생 신청서 1부○ 장학금 활용 계획서 1부○ 주민등록등본○ 가족관계증명서 1부○ 암환자 가족의 건강진단서 1부○ 가정환경 증빙서류 1부(대상자 한해 제출)○ 소득관련 증빙서류 1부○ 기관 고유번호증※ 자세한 사항은 첨부파일 또는 홈페이지 참고","https://www.kidfuture.or.kr","2025-11-03","2025-11-21"
"1046 ","용인시약사회","장학생","기타","장학금","해당없음","해당없음","해당없음","해당없음","○ 본인의 재능 개발에 경제적 지원이 필요한 고등학생","○ 50만원","○ 가급적 타 장학금 수헤 이력이 없는 학생(권고사항)","○ 공고일 현재 용인시에 주민등록을 두고 2년 이상 계속하여 거주하고 있는 시민 및 시민의 직계비속","○ 지원형식: 공모전(청소년 약물마약게임 중독 예방 콘텐츠)○ 용인시 약사회 사회참여위원회 선정기준에 근거","○ 10명 내외","※ 기관확인필요","○ 선생님의 추천","○ 장학금 지원 신청서○ 작품 파일○ 선생님 추천서○ 개인정보수집이용제공 및 조회동의서○ 개인정보수집에 따른 법정대리인 동의서○ 주소이력을 포함한 주민등록 등본※ 자세한 사항은 첨부파일 또는 홈페이지 참고","http://www.yaksa.or.kr/","2025-08-18","2025-09-05"
"1047 ","재단법인 순장학회","장학생","기타","장학금","지역연고","해당없음","해당없음","해당없음","해당없음","○ 학업장학금(금액은 재단 내규에 따라 심사를 거쳐 결정 후 지급)","○ 2026년 현재 고등학교 1/2/3학년 재학생○ 어려운 환경에서도 학구열이 높고 성적이 우수하거나 성적이 향상된 자○ 다자녀 및 다문화가정 고려※ 자세한 사항은 첨부파일 또는 홈페이지 참고","해당없음","○ 당 재단 '장학생 선발 심사위원회'에서 심사 및 결정","※ 자세한 사항은 첨부파일 또는 홈페이지 참고","○ 기업/타재단 장학금 등 중복수혜 받은 학교 추천자","○ 학교장 추천","○ 장학금 신청서○ 학교장 추천서○ 자기소개서○ 학업 성적 증명서○ 학교 명의 통장사본○ 개인정보 수집 이용 동의서○ 기타 어려운 가정 사정을 증빙할 수 있는 참고 서류※ 자세한 사항은 첨부파일 또는 홈페이지 참고","http://www.soonsf.or.kr/","2026-09-03","2026-10-07"
"1048 ","강진군민장학재단","장한학생(덕수학교)","지자체(출자출연기관)","장학금","해당없음","해당없음","해당없음","해당없음","해당없음","○ 50만원","○ 덕수학교 고교과정에 재학 중인 학생으로서 품행이 단정하고 학업에 열중하고 있는 자","○ 공고일 현재 본인 또는 보호자가 강진군 내에 1년 이상 주소를 두고 실제 거주하고 있는 자","※ 기관확인필요","○ 3명","○ 1가족당 1명만 신청※ 자세한 사항은 첨부파일 또는 홈페이지 참고","○ 덕수학교 학교장 추천을 받아 선발","○ 강진군민장학재단 장학금 신청서○ 주민등록등본○ 가족관계증명서○ 개인정보 수집·이용 및 제공·조회 동의서○ 장학금 지급 통장 사본○ 재학증명서○ 덕수학교장 추천서※ 자세한 사항은 첨부파일 또는 홈페이지 참고","https://www.gangjin.go.kr","2026-08-05","2026-08-28"
"1049 ","재단법인 안성시민장학회","귀뚜라미 모범장학생","지자체(출자출연기관)","장학금","해당없음","해당없음","해당없음","해당없음","해당없음","○ 100만원※ 학업 장려 및 생활 보조 장학금","○ 학교발전 공헌도/지역봉사활동 참여도 등에 따라 각 학교장으로부터 추천받은 고등학생","○ 장학생 선발 공고일 기준 주민등록상 안성시에 3년 이상 거주 고등학생","※ 기관확인필요","○ 20명","○ 2026년 1학기 기준 귀뚜라미 재단 장학금 받은 자는 지원 불가○ 2026년 (재)안성시민장학회 정규 및 안성맞춤인재 장학생으로 선발된 학생 지원 불가○ 휴학생/편입생/졸업·수료 유예자/해외유학생 제외","○ 학교장 추천","○ 장학생 지원 신청서○ 재학증명서○ 주민등록초본○ 주민등록등본○ 개인정보 수집·이용·제공 및 조회 동의서○ 학생 본인 통장 사본○ 장학생 추천서○ 추천내용 증빙자료※ 자세한 사항은 첨부파일 또는 홈페이지 참고","https://www.ascsf.or.kr/","2026-08-05","2026-08-12"
"1050 ","달서인재육성장학재단","특기장학생","지자체(출자출연기관)","장학금","특기자","해당없음","해당없음","해당없음","해당없음","○ 80만원","○ 예술·체육·문학·기능 분야에서 공고일 기준 2년 이내 광역시·도 단위대회 우승자 또는 전국규모 이상 대회 3위 이상 입상자※ 인정기간 : 2023.8.28.~2025.8.28.까지 실적","○ 선발 공고일 현재 1년 이상 달서구 관내 주소를 두고 거주하는 구민 또는 그 자녀로서 고등학교에 재학 중인 학생","○ 상위대회 입상자 우선으로 하며 주최 대상에 따라 공공기관>해당단체>기타 순으로 함","○ 3명","○ 1세대 1명만 신청가능○ 2025년도 달서인재육성장학재단 장학생○ 징계처분 받은 자※ 자세한 사항은 첨부파일 또는 홈페이지 참고","○ 학교장 추천○ 달서체육회 자체 모집의 경우 달서구 체육회장 추천 필요","○ 특기 장학생 신청 및 추천서○ 대회 최고 입상 성적 1개 및 대회 요강 각 1부○ 주민등록등본 1부○ 개인(신용)정보 수집·이용·제공 및 조회 동의서○ 품행 및 장학금 수혜여부 확인서※ 자세한 사항은 첨부파일 또는 홈페이지 참고","https://www.dalseoij.org","2025-09-05","2025-09-30"
"1051 ","백운장학회(광양)","지정기탁장학금","지자체(출자출연기관)","장학금","지역연고","해당없음","해당없음","○ 고등학교 과목별 평균 성적이 4등급 이상인 자","해당없음","※ 선발 인원과 1명당 지원액은 기관별 자율적으로 조정 가능","○ 공고일 현재 광양시에 주소를 두고 있는 광양경찰서/ 광양소방서 재직자의 자녀","○ 공고일 기준 부모 또는 보호자가 광양시에 1년 이상 주소를 두고 있는 학생 (부/모 모두가 주소를 광양시에 두고 있어야함)","※ 기관확인필요","○ 12명(고등학생/대학생 포함)○ (광양경찰서) 7명○ (광양소방서) 5명","○ 장학금 신청자와 그 부모가 지방세를 체납 중인 경우○ 장학금의 이중/허위 수혜 등 기타 부정행위가 적발된 경우","○ 광양경찰서장과 광양소방서장이 추천한 자","○ 장학금 신청서○ 주민등록등본○ 가족관계증명서○ 재학증명서○ 개인정보 수집/이용 및 제공/ 조회 동의서○ 장학금 지급 통장 사본○ 추천서○ 성적증명서(전체)※ 자세한 사항은 첨부파일 또는 홈페이지 참고","http://www.gwangyang.go.kr/fund/","2026-08-03","2026-08-31"
"1052 ","재단법인김제사랑장학재단","희망나눔장학금","지자체(출자출연기관)","장학금","지역연고","해당없음","해당없음","○ 직전 학년 1·2학기 내신 성적 평균 70점 이상","해당없음","○ 100만원","○ 김제지역 고등학생으로 성적이 우수하거나 생활형편이 어려운 사람○ 저소득층 자녀/다문화가정 자녀/다자녀가정 자녀/지역개발 유공자/만학도 등※ 자세한 사항은 첨부파일 또는 홈페이지 참고","○ 장학생 선발 공고일 기준 김제시에 1년 이상 주소를 두고 거주하는 김제시민의 자녀","○ 유공자녀 : 생활형편 100%○ 지역대학(학장추천) : 성적 또는 특기 100%○ 그 외 분야 : 성적 또는 특기 30% + 생활형편 70%※ 자세한 사항은 첨부파일 또는 홈페이지 참고","※ 기관확인필요","※ 자세한 사항은 첨부파일 또는 홈페이지 참고","해당없음","○ 장학생 지원서○ 개인정보제공동의 및 활용승낙서○ 성적증명서○ 주민등록등본 및 주민등록초본○ 가족관계증명서○ 장학금 지급통장 사본○ 기타 개별 필요 서류※ 자세한 사항은 첨부파일 또는 홈페이지 참고","http://www.gimjelove.kr","2026-04-06","2026-04-10"
"1053 ","재단법인청도군인재육성장학회","효행장학생","지자체(출자출연기관)","장학금","지역연고","해당없음","해당없음","○ 해당없음","○ 해당없음","○ 60만원","○ 효행심이 투철한 고등학생","○ 공고일 현재 청도군 관내 고등학교 재학생으로서 보호자 또는 학생 본인이 청도군에 1년 이상 계속하여주소를 두고 거주하고 있는 학생","○ 학교장의 추천서 및 관계증빙서류에 의거 이사회에서 결정","○ 10명 (금천고 1명/ 모계고 3명/ 이서고 3명/ 청도고 2명/ 경북드론고1명)","○ 해당없음","○ 학교장 추천서 필요","○ 장학금지원신청서○ 재학증명서○ 장학금 수혜(비수혜)확인서○ 주민등록등본(보호자)/ 주민등록초본(학생) ○ 가족관계증명서○ 개인정보 수집·이용·제공 동의서○ 효행 장학생 추천서※ 자세한 사항은 첨부파일 또는 홈페이지 참고","https://www.cheongdo.go.kr","2026-03-16","2026-04-06"
"1054 ","수곡장학회","예체능 특별장학생","지자체(출자출연기관)","장학금","해당없음","해당없음","해당없음","○ 국제 및 전국대회와 경연에 참여하고자 준비중인 성장가능성이 있는 우수학생○ 국제 및 전국대회에 출전하고자 준비중인 성장가능성이 있는 우수학생","※ 자세한 사항은 첨부파일 또는 홈페이지 참고","○ 1인당 100만원과 장학증서","○ 인성이 건전하며 품행이 단정하고 관련분야 장래가 촉망되는 학생","○ 추천일 기준 본인 또는 보호자가 남원시에 3년 이상 주민등록 주소지를 두고 있는 관내 초중고등학교 학생중 예체능계특기생","○ 심사","○ 3명","○ 추천일 기준 남원의 별 특별 장학금 지급대상자","○ 남원 관내 관련 기관 단체 학교장 등","※ 자세한 사항은 첨부파일 또는 홈페이지 참고","sugok.co.kr","2026-01-02","2026-01-23"
"1055 ","순천시인재육성장학회","희망드림장학금","지자체(출자출연기관)","장학금","지역연고","해당없음","해당없음","해당없음","○ 중위소득 100% 이내 가정의 자녀","○ 100만원","○ 순천시 관내 소재 학교의 재학생○ 사회적 배려 대상자(수급자/ 차상위/ 한부모/ 국가보훈/ 장애인/ 다문화) 및 조손조모/ 새터민 가정 등","○ 공고일 현재 보호자 또는 학생 본인이 순천시에 주민등록을 두고 6월 이상 계속 거주하고 있는 고등학생","※ 자세한 사항은 첨부파일 또는 홈페이지 참고","○ 15명","○ 1가구 1인※ 자세한 사항은 첨부파일 또는 홈페이지 참고","해당없음","○ 순천시인재육성장학금 신청서○ 개인정보 수집·이용 및 제공·조회 동의서○ 주민등록등본○ 가족관계증명서○ 재학증명서○ 통장사본○ 건강보험료 납부확인서○ 사회적 배려대상 증명서※ 자세한 사항은 첨부파일 또는 홈페이지 참고","http://www.scij.kr/","2025-09-29","2025-10-24"
"1056 ","영동군민장학회","영동인재장학금","지자체(출자출연기관)","장학금","지역연고","해당없음","해당없음","○ 직전학기 전 과목 석차등급이 평균 1등급 이내인 자 ※ 단 평균 1등급 이내에 학생이 없을 경우 상위 3등급 이내의 학생 중 성적이 우수한 순으로 지급","해당없음","○ 80만원","○ 고등학교에 재학 중인 학생으로서 직전학기 전 과목 석차등급이 해당자격에 준하는 자","○ 장학생 신청일 기준 6개월이상 계속 영동군에 거주하고 있는 군민 또는 그 자녀(조손가정 포함)","○ 성적 100%","○ 36명","○ 중복 부문 신청 불가능○ 재학 중 2회 이상 장학금 수혜자 ○ 당해연도에 도비 또는 군비로 지급하는 장학금을 받은 자※ 자세한 사항은 첨부파일 또는 홈페이지 참고","해당없음","○ 장학생 신청서○ 개인정보 수집·이용 동의서○ 주민등록등본○ 주민등록초본○ 가족관계증명서○ 건강보험납부확인서○ 직전학기 성적증명서○ 재학증명서※ 자세한 사항은 첨부파일 또는 홈페이지 참고","https://www.yd21.go.kr","2023-09-08","2023-09-20"
"1057 ","(재)옥포장학문화재단","장학생","기타","장학금","지역연고","해당없음","해당없음","○ 직전학기 전교과 성적의 평균 등급이 3.0등급 이하인 자○ 신입생은 중학교 3학년 성적 기준 석차 10%이내인 자 (석차 백분율 환산 점수 증명서 첨부 필요/학교장 직인 날인)","○ 경제적 사정으로 학비 마련이 어려운 자","○ 100만원","해당없음","○ 강릉시에 3년 이상 주소를 두고 실제 거주하는 시민 또는 시민의 자녀로서 강릉지역 소재 대학교 및 고등학교 재학생","※ 기관확인필요","○ 00명","※ 기관확인필요","해당없음","○ 주민등록등본○ 성적증명서○ 학교생활기록부○ 반명함판 사진 2매※ 자세한 사항은 첨부파일 또는 홈페이지 참고","http://okposnc.or.kr","2026-03-10","2026-04-17"
"1058 ","재단법인 포천시교육재단","검정고시 장학생","지자체(출자출연기관)","장학금","지역연고","해당없음","해당없음","해당없음","해당없음","○ 100만원","○ 당해연도 초/중/고졸 검정고시 합격자","○ 포천시에 2년 이상 거주하고 있는 자","○ 성적증명서 상 각 과목별 평균점수가 높은 순으로 모집인원 범위 내 선발","○ 50명","해당없음","해당없음","○ 검정고시 장학금 지원 신청서○ 개인정보 수집/이용/제공 및 조회 동의서○ 본인 주민등록 초본○ 검정고시 합격 증명서 및 성적증명서※ 자세한 사항은 첨부파일 또는 홈페이지 참고 ","http://www.pcscholarship.or.kr","2023-09-11","2023-09-22"
"1059 ","(재)덕산장학재단","해병대 유자녀 장학생","기타","장학금","해당없음","해당없음","해당없음","해당없음","해당없음","○ 유자녀 : 200만원※ 유자녀에게 지급하는 장학금은 생활비 지원 성격의 지원금","○ 전공사망심사위원회 심사결과가 전공사상 분류기준표에 포함되는 자의 유자녀○ 해병대 장교/준·부사관/군무원 전사·순직자 유자녀","해당없음","○ 「해병대덕산장학재단」정관 및 운영세칙에 의거 이사회 의결로 선발※ 자세한 사항은 첨부파일 또는 홈페이지 참고","○ 100명 (유자녀/간부/병(兵)/전·공상 전역자/간부자녀 모두 포함)","○ 고등학교 최대 지급횟수 3회○ 졸업·수료·퇴학·자퇴 등의 사유로 학업을 계속할 수 없는 자○ 전사·순직자의 배우자가 재혼한 경우※ 자세한 사항은 첨부파일 또는 홈페이지 참고","해당없음","○ 신청서○ 인정보 수집·이용 및 제공 동의서 및 학자금 중복지원 방지 신청인 동의서○ 재학증명서○ ’25년도 성적증명서○ ’25년도 등록금 납부영수증 / ’26년도 등록금 납부영수증○ 장학금 수혜 또는 미수혜 확인서○ 통장사본○ 가족관계증명서※ 자세한 사항은 첨부파일 또는 홈페이지 참고","https://www.rokmc.mil.kr","2026-05-28","2026-07-31"
"1060 ","봉평태기장학회","향토장학생","기타","장학금","지역연고","해당없음","해당없음","○ 재학생은 직전학기 성적순위 20% 이내○ 신입생은 입학성적 순위 20% 이내","○ 차상위계층·수급자 우선/ 가정형편이 어려운 학생○ 보호자의 재산세(재산세/ 도시계획세/ 소방공동시설세/ 지방교육세) 세액 만원 미만 및 종합토지세 5천원 이하","○ 50만원","○ 2022년 7월 30일 현재까지 보호자의 본적 또는 주소가 봉평면내에 되어 있는 강원도내 고등학교 재학생 및 신입생","○ 본적을 봉평면내에 두고 기준일 현재 주소가 봉평면낸에 3년 이상 거주하고 있는 자※ 본적이 타 지역인 자는 5년 이상 거주","○ 예산범위 내 성적순 선발○ 장학이사회 심의 후 개별 통보 예정","※ 기관확인필요","○ 학자금면제자/ 타장학금 일백만원 이상 수혜대상 확정자","해당없음","○ 장학생 지원서 (소정양식/ 봉평면사무소 비치 / 반명함사진)○ 성적증명서 (학교장 발행)○ 장학금(미)수혜 확인서 (학교장 발행)○ 보호자의 지방세과세증명서○ 가족관계등록부·주민등록 등·초본 각 1부※ 자세한 사항은 첨부파일 또는 홈페이지 참고","https://www.pc.go.kr/","2023-12-02","2023-12-11"
"1061 ","재단법인 화순장학회","화순장학금","지자체(출자출연기관)","장학금","지역연고","해당없음","해당없음","해당없음","해당없음","○ 100만원","○ 화순고/ 전남기술과학고/ 화순이양고/ 능주고 재학생○ 사회적 배려대상 학생○ 봉사/ 선행 실적이 있는 학생","○ 공고일 기준 부모(보호자)와 학생 중 2인 이상이 화순군에 1년 이상 주민등록을 유지하고 있는 자","※ 기관확인필요","○ 31명 (각 학교별 배정인원은 첨부파일 참고)","해당없음","○ 학교장 추천","○ 장학금 지원 신청서○ 개인(신용)정보 수집·이용·제공 및 조회 동의서○ 주민등록등본○ 가족관계증명서○ 통장사본○ (필요 시) 보호자와의 관계 소명에 필요한 서류※ 자세한 사항은 첨부파일 또는 홈페이지 참고","http://www.hwasun.go.kr","2026-02-20","2026-03-08"
"1062 ","재단법인 강서구장학회(서울)","희망장학생","지자체(출자출연기관)","장학금","해당없음","해당없음","해당없음","○ 최근 1년간 학업 성적이 제적 학년 정원의 100분의 60 이내에 해당하는 자※ 자세한 사항은 첨부파일 또는 홈페이지 참고","해당없음","○ 200만원(학업장려금)","○ 학업의지가 있는 장애 고등학생","○ 장학생 선발 공고일 현재 강서구에 1년 이상 계속 거주주","※ 기관확인필요","○ 10명","○ 2025년 (재)강서구장학회 장학생으로 선발된 학생○ 2025년 7월 귀뚜라미 장학생으로 선발된 학생","○ 학교장 추천","○ 체크리스트 1부○ 장학생 신청서·추천서 각 1부○ 개인정보제공 동의서 1부○ 서약서 1부○ 자기소개서 1부※ 자세한 사항은 첨부파일 또는 홈페이지 참고","https://janghak.gangseo.seoul.kr","2026-03-23","2026-04-03"
"1063 ","재단법인 대전청년내일재단","성취장학금","지자체(출자출연기관)","장학금","지역연고","해당없음","해당없음","○ 1학년 : 직전 학년(중학교 3학년) 전체 평균성적 90점 이상(검정고시 90점 이상)○ 23학년 : 직전 1년의 종합내신성적 2등급 이내","해당없음","○ 70만원","※ 기관확인필요","○ 선발공고일 기준 현재 대전광역시에 소재한 고등학교에 재학 중인 학생","○ 학업성적 80% + 전체 봉사실적 20%(생활기록부 실적)○ 동점자 발생 시 학업성적/ 봉사실적/ 고학년 순 결정※ 자세한 사항은 첨부파일 또는 홈페이지 참고","○ 92명 (학교별 기본 최대 3명 이내 선발)","○ 징계처분 및 타 도시로 전학하였을 때○ 장학금 1년 기준금액 초과 수혜자 (고등학교 150만원)○ 개인별 하반기 장학금 중복신청 불가하고 당해연도 1세대 1명만 선발※ 자세한 사항은 첨부파일 또는 홈페이지 참고","○ 학교장 추천","○ 장학생 지원신청서○ 장학생 추천 및 타 장학금 수혜확인서○ 재학증명서○ 주민등록등본○ 개인정보 수집·이용·제공 및 조회 동의서○ 성적증명서○ 통장사본※ 자세한 사항은 첨부파일 또는 홈페이지 참고","http://www.dhrdf.or.kr/html/kr/","2025-09-10","2025-10-02"
"1064 ","장흥군인재육성장학회","성적우수중학생관내고진학생","지자체(출자출연기관)","장학금","지역연고","해당없음","해당없음","○ 관내중학교 3학년 2학기 말 학교평가 석차 상위 10% 이내인 자","해당없음","※ 기관확인필요","○ 관내 고등학교로 진학한 관내중학생의 전년도 3학년 2학기말 학교평가 석차 상위 10% 이내인 자","○ 신청일 현재 장흥군에 등록기준지 또는 1년 이상 계속하여 주민등록을 두고 군내 초·중학교 중 1개교 이상을 졸업한 자","○ 교육청 내부 시스템 자료를 토대로 선발하여 교육지원청에서 장학회로 제출","※ 기관확인필요","※ 기관확인필요","○ 추천권자 : 장흥교육지원청 교육장","○ 장학금지원 추천 신청서○ 장학금 지급 통장 사본※ 자세한 사항은 첨부파일 또는 홈페이지 참고","http://www.jangheung.go.kr","2026-02-12","2026-03-06"
"1065 ","경기도 연천군청","향토장학생(다자녀)","지자체(출자출연기관)","장학금","해당없음","해당없음","해당없음","○ 직전 학년 성적이 평균 70점 이상인 학생","해당없음","○ 80만원","○ 다자녀가구의 둘째 이상의 자녀","○ 공고일 현재 군 관내에 주소를 두고 1년 이상 거주하고 있는 군민 또는 그 자녀","○ 학업성적 40% 생활 40% 위원회평가 20%","○ 4명","○ 고등학교 학생 중 장학금 등을 지원 받는 학생○ 26년도 연천군 장학관 입사생/경기푸른미래관/경기도송파학사○ 26년도 경기도민회 장학생","※ 기관확인필요","○ 장학생 신청서○ 주민등록 등본 또는 초본(1년간 주소이력포함)○ 2026년도 1학기분 등록금 납부 영수증○ 재학증명서 1부※ 자세한 사항은 첨부파일 또는 홈페이지 참고","https://www.yeoncheon.go.kr/index.yeoncheon","2026-04-16","2026-05-06"
"1066 ","사단법인 고령군교육발전위원회","고령을빛낸 특별장학생","지자체(출자출연기관)","장학금","지역연고","해당없음","해당없음","해당없음","해당없음","○ 장학위원회에서 결정","○ 학력 및 각종 대회/ 경연 등에 참가하여 우수한 성적을 거두어 고령을 특별히 빛냈다고 인정되는 학생","○ 관내 초/중/고등학교에 재학 및 졸업생이거나 부모가 고령군에 주소를 두고 있는 자","※ 기관확인필요","※ 기관확인필요","○ 학년별 동일분야 1회에 한해 지급대상 결정","○ 재학 학교장 또는 해당 단체장 추천에 의하여 신청·접수","○ 장학생 추천서○ 장학생 추천사유 증빙서류○ 통장사본※ 자세한 사항은 첨부파일 또는 홈페이지 참고","http://www.gredu.or.kr","2026-02-19","2026-02-25"
"1067 ","재단법인 드림파크장학회","드림장학생","기타","장학금","성적우수","해당없음","해당없음","○ (고등학생 1/2학년) 2025년도 1/2학기 성적이 평균 4등급 이내인 자","해당없음","○ 200만원","○ 복지대상자 중 학업이 우수하여 학교장이 추천하는 자","○ 접수일 기준 본인 또는 보호자가 인천광역시 서구 또는 김포시 양촌읍에서 2년 이상 거주","○ 서류심사○ 위원회 심의○ 결과발표","○ 6명","※ 기관확인필요","○ 학교장 추천 필요","○ 장학생 신청서○ 학교장 추천서○ 성적증명서○ 주민등록 등·초본 각1통(최근 3년간 주소변동사항 포함)○ 개인정보 수집/이용 및 제 3자 제공 동의서○ 복지대상 가정을 입증할 수 있는 증명서○ (해당자) 환경 관련 분야 대회 및 공모전 수상 입증 가능 자료료※ 자세한 사항은 첨부파일 또는 홈페이지 참고","https://blog.naver.com/slcsholar","2026-01-05","2026-01-16"
"1068 ","(재)송강장학회","장학생","기타","장학금","기타","해당없음","해당없음","해당없음","해당없음","○ 1년 600만원","○ 문화 예술 체육 분야에 우수한 자질이 있고 장학금이 필요한 초중고등학생","해당없음","○ 서류심사○ 1차 이메일 접수 ○ 2차 등기 우편 접수※ 자세한 사항은 첨부파일 또는 홈페이지 참고","○ 00명","○ 학기 단위로 지급되며 매 학기 장학생 자격유지 심사를 거쳐 계속 지원여부 결정○ 지원서나 각종 증명서의 기재 내용이 사실과 다를 경우 선정을 취소할 수 있음","○ 체육분야: 단체장○ 예술분야: 학교장","○ 재단 장학생 지원서○ 추천서○ 활동실적○ 향후 활동계획서○ 재학증명서/ 성적증명서(최근3년)○ 주요대회 입상자의 경우 관련기관 확인서○ 부모소득 관련 서류 (22/23년도 각각 1부씩)※ 자세한 사항은 첨부파일 또는 홈페이지 참고","https://www.songgang.or.kr","2024-01-08","2024-01-26"
"1069 ","부산사상구장학회","우수장학생","지자체(출자출연기관)","장학금","성적우수","해당없음","해당없음","○ 고1/2학생 : 직전학기 내신 성적 중 국어·수학·영어 교과목 등급 평균이 2등급 이내○ 고3학생 : 직전 학기 내신 성적 중 국어·수학·영어 교과목의 등급 평균이 2등급 이내 이거나 수능 성적 중 국어·수학·영어 영역의 등급 평균이 2등급이내","해당없음","○ 150만원~300만원","○ 고등학생 1~3학년","○ 세대주 또는 보호자가 사상구 관내에 주소를 두고 장학금 신청일 현재 거주하고 있는 구문의 자녀","○ 내신 또는 수능 성적 가구 소득재산 등(50% 범위 내 취약계층 우선선발)","○ 고 1/2 : 14명○ 고3 : 4명","○ 타기관등으로부터 연간 200만원 이상 장학금을 받은 학생(단 생활이 극히 어려운 경우에는 신청 가능)","○ 동장 추천","○ 장학금신청서○ 장학생추천서○ 주민등록등본○ 재학증명서○ 학교생활기록부 및 성정증명서 (수능)○ 장학금 수혜여부 확인서 및 서약서○ 기타서류※ 자세한 사항은 첨부파일 또는 홈페이지 참고","http://www.sasang.go.kr/index.sasang","2025-11-28","2026-01-06"
"1070 ","수성미래교육재단","수성인재장학생(특기)","지자체(출자출연기관)","장학금","특기자","해당없음","해당없음","해당없음","해당없음","○ 100만원","○ 대구시 내 소재한 학교에 재학 중인 자 ○ 과학/ 예술/ 체육/ 기능/ 문학/ 환경 등 분야에서 국가/지자체/공공기관이 주최(주관/후원)하는 광역시·도 단위 이상 대회(경연)에서 3위 이내 입상한 학생※ 자세한 사항은 첨부파일 또는 홈페이지 참고","○ 공고일 현재 본인 또는 부모(친권자)가 수성구에 1년 이상 거주하고 있는 대구시 내 소재 고등학교 재학생 및 청소년","※ 자세한 사항은 첨부파일 또는 홈페이지 참고","○ 9명","○ 공고일 직전 1년간 징계·형사처분 받은 경우※ 자세한 사항은 첨부파일 또는 홈페이지 참고","○ 학교장 추천","○ 장학금 지원신청서○ 장학생 추천서○ 신청인 서약서○ 개인정보 수집·이용·제공 및 조회 동의서○ 주민등록 등본○ 통장사본○ 대회수상 실적서○ 추가배점 증빙서류(해당자)※ 자세한 사항은 첨부파일 또는 홈페이지 참고","http://www.suseongij.or.kr/ ","2025-09-16","2025-09-30"
"1071 ","(재)진천군장학회","학력신장 인센티브","지자체(출자출연기관)","장학금","지역연고","해당없음","해당없음","○ 전년(1학년) 2학기 성적 대비 당해연도(2학년) 1학기 성적 석차가 재적인원의 20%이상 향상된 자※ 자세한 사항은 첨부파일 또는 홈페이지 참고","해당없음","○ 30만원","○ 관내/관외 고등학교 2학년 재학생","○ 선발 공고일 기준 친권자 또는 본인의 주소를 진천군에 1년 이상 두고 계속 거주하고 있는 군민 또는 군민의 자녀※ 자세한 사항은 첨부파일 또는 홈페이지 참고","○ 성적기준을 충족한 학생 중 증빙자료를 기준으로 성적 향상순으로 선정※ 자세한 사항은 첨부파일 또는 홈페이지 참고","○ 15명※ 자세한 사항은 첨부파일 또는 홈페이지 참고","○ 1가정 1인 선발○ 2025년 중 휴학 예정자 및 군입대 예정자○ 원격대학 / 학점은행제 대학 / 계약학과 / 야간대학 / 직업전문학교 재학생※ 자세한 사항은 첨부파일 또는 홈페이지 참고","○ 학교장 추천","○ 장학생 추천서(학교장 직인)○ 장학생 신청서○ 재학증명서○ 성적증명서○ 타장학금 수혜/미수혜 증명서○ 주민등록등본○ 가족관계증명서○ 개인정보 수집·이용·제공 동의서○ 통장사본○ 기초생활수급자 / 차상위계층 / 한부모가족 확인서(해당자)○ 기본증명서(해당자)※ 자세한 사항은 첨부파일 또는 홈페이지 참고","http://www.jincheon.go.kr","2025-10-10","2025-10-31"
"1072 ","밀양시민장학재단","특기생","지자체(출자출연기관)","장학금","지역연고","해당없음","1학년","해당없음","해당없음","○ 연간 최대 100만원","○ 밀양시 관내 초·중학교를 졸업한 자로서 예·체능/기능 분야 전국규모 대회 또는 시·도 규모 대회에서 입상의 성적을 거둔 자 중 상급학교(고등학교)에 진학한 자","○ 본인 및 부모 모두가 공고일 현재 밀양시에 주소를 두고 있는 자","※ 기관확인필요","○ 10명 (고등·대학 총합)","※ 기관확인필요","해당없음","※ 자세한 사항은 첨부파일 또는 홈페이지 참고","http://www.miryang.go.kr","2026-02-02","2026-02-27"
"1073 ","한국중부발전 보령발전본부","희망의빛장학금(기초생활수급자소년소녀가장)","공공기관","장학금","지역연고","해당없음","해당없음","해당없음","○ 기초생활수급자: 기초생활수급 가정의 자녀 또는 본인 ○ 소년소녀가장: 소년소녀가장으로서 학교장 추천을 받은 자","○ 130만원○ 생활비성 장학금","해당없음","○ 오천/주교/주포/천북면 및 웅천읍 성동 1~3리에 실제 거주하는 주민 및 주민의 자녀 중 주민등록초본상 2024.9.15 이전 전입자","※ 기관확인필요","※ 기관확인필요","○ 당사 직원 및 직원 자녀○ 1/2학기 모두 휴학한 학생○ 공무원 수당 등에 관한 규정에 의해 자녀의 학비 보조 수당을 받고 있는 자녀○ 타 장학금 수혜자 중 장학금을 지급한 기관에서 중복 수헤를 금지하는 경우※ 자세한 사항은 첨부파일 또는 홈페이지 참고","○ 소년소녀가장: 학교장 추천을 받은 자","○ 장학금 신청서○ 장학금 신청을 위한 개인정보 수집·이용·제공 동의서○ 서약서○ 재학증명서○ 입금통장 사본○ 거주기간 확인용 서류: 주민등록초본 / 가족관계증명서○ 수급자 증명서 (기초생활수급자)○ 학교장 추천서 (소년소녀가장)※ 자세한 사항은 첨부파일 또는 홈페이지 참고","https://www.komipo.co.kr","2025-09-15","2025-09-29"
"1074 ","(재)음성군장학회","지정장학생","지자체(출자출연기관)","장학금","지역연고","해당없음","해당없음","○ 해당없음","○ 해당없음","○ 추후 별도 공고 예정","○ 기탁액이 1억원 이상인 기탁자가 지정○ 추천서 제출","○ 해당없음","○ 기탁액이 1억원 이상인 기탁자가 지정○ 추천서 제출","○ 2명","※ 기관확인필요","○ 기탁자의 추천","○ 신청서○ 주민등록등본○ 통장사본○ 추천서 ※ 자세한 사항은 첨부파일 또는 홈페이지 참고","https://scholarship.eumseong.go.kr","2026-04-01","2026-04-24"
"1075 ","하동군장학재단(하동군청)","특기장학생","지자체(출자출연기관)","장학금","특기자","해당없음","해당없음","해당없음","해당없음","○ 지급액은 이사회에서 결정","○ 각종 입상경력에 의해 학교장 추천○ 문화예술/체육/과학/기술/기능 분야에 소질과 재능이 뛰어난 자로 전국대회 3위 이상(장관상 이상) 입상자","○ 군내에 직계존속과 학생이 신청일 현재 1년 이상 주민등록을 두고 있을 것○ 군내에 소재한 중학교와 고등학교 재학생","○ 각종 입상경력에 의해 학교장 추천이후 심의(2차)","※ 기관확인필요","해당없음","○ 학교장 추천","○ 장학생 추천서○ 입상 증명서 사본 1부※ 자세한 사항은 첨부파일 또는 홈페이지 참고","http://scholarship.hadong.go.kr","2026-01-13","2026-01-15"
"1076 ","재단법인 대구광역시인재육성장학재단","김홍진 장학금","지자체(출자출연기관)","장학금","지역연고","해당없음","해당없음","해당없음","해당없음","○ 100만원","○ 경북공업고등학교에서 선발한 경제적 어려움을 겪고 있는 대학입학 예정 학생","해당없음","○ 학교 접수 장학생 선발 심사위원회 소속 학교장 추천 시교육청 중등교육과 및 융합인재과 재단 제출","○ 6명","○ 장학금 수령자가 학업을 중단 할 때○ 26년도 대구광역시인재육성장학재단 장학금 중복 지원 제외※ 자세한 사항은 첨부파일 또는 홈페이지 참고","○ 소속학교장의 추천 필요","○ 학교장 추천서○ 사유서(학교 세외현금 계좌로 신청할 경우만)○ 통장사본○ 개인정보 수집·동의서※ 자세한 사항은 첨부파일 또는 홈페이지 참고","https://www.dge.go.kr ","2025-12-12","2026-01-09"
"1077 ","재단법인청도군인재육성장학회","누리장학생","지자체(출자출연기관)","장학금","지역연고","해당없음","해당없음","○ 해당없음","○ 해당없음","○ 60만원","○ 다문화가족지원법 상 가족 구성원인 자","○ 공고일 현재 청도군 관내 고등학교 재학생으로서 보호자 또는 학생 본인이 청도군에 1년 이상 계속하여주소를 두고 거주하고 있는 학생","※ 기관확인필요","○ 10명 (경북드론고 1명/금천고 1명/모계고 3명/이서고 3명/청도고 2명)","○ 다른 기관·단체로부터 본 장학회 지급 금액의 200% 이상 받은 자는 제외","○ 학교장 추천","○ 장학금지원신청서○ 재학증명서○ 장학금 수혜(비수혜) 확인서○ 주민등록등본/ 주민등록초본 각 1 부○ 가족관계증명서○ 개인정보 수집·이용·제공 동의서○ 다문화장학생추천서○ 다문화가정 증빙서류※ 자세한 사항은 첨부파일 또는 홈페이지 참고","https://www.cheongdo.go.kr","2026-03-16","2026-04-06"
"1078 ","(재)송파구 인재육성 장학재단","해외문화체험 장학생","지자체(출자출연기관)","장학금","해당없음","해당없음","해당없음","해당없음","해당없음","○ 해외문화체험 비용 전액 지원○ 지원항목 : 왕복항공권/숙식 및 체험 비용/여행자보험○ 본인부담 : 여권 발급 및 개인 경비","○ 장학생으로 선발된 학생은 오리엔테이션 및 발대식 필수 참여○ 타장학금 수혜 학생도 해외문화체험 장학생 신청 가능","○ 공고일 기준 송파구에 거주(주민등록)하며 송파구 소재 고등학교에 재학 중인 1학년 학생","○ (1차) 학교장 추천○ (2차) 서류적격심사 후 선발","○ 20명","※ 기관확인필요","○ 학교장 추천","○ 장학생 선발 신청서(증명사진 부착) 및 서약서○ 자기소개 및 활동계획서○ 개인정보 수집/이용/제공/조회 동의서","https://janghak.songpa.go.kr/","2026-05-21","2026-05-29"
"1079 ","안양시 인재육성재단","ESG 장학생","지자체(출자출연기관)","장학금","지역연고","해당없음","해당없음","해당없음","해당없음","○ 개인: 150만원○ 단체: 팀당 100~400만원※ 자세한 사항은 첨부파일 또는 홈페이지 참고","○ ESG 문화예술에 관심있는 안양시 관내 소재한 고등학교 학생(개인 또는 단체)","○ 관내 거주자","○ 일반분야: 같이해서 가치있는 행복한 삶을 주제로 ESG(환경/사회/지배구조)와 관련된 문화예술 작품 및 ESG 슬로건 제출○ 우수인재분야/특별인재분야 : 전공자 추천대상 분야 (별도추천선발/개인신청불가)※ 자세한 사항은 첨부파일 또는 홈페이지 참고","※ 기관확인필요","○ 선발된 장학생은 장학생 작품 상영회 및 수여식 필참○ 2025년 안양시 인재육성재단 장학생으로 중복 선발될 경우 장학금은 큰 금액에서 차액 지급(재능장학생과 중복 신청 가능)※ 자세한 사항은 첨부파일 또는 홈페이지 참고","해당없음","○ 작품 설명서○ 장학생 신청서○ 개인정보 수집/이용/조회 동의서○ 장학금 신청인 서약서○ 재학증명서○ 주민등록초본○ 브이로그(전분야 공통) : mp4형식/썸네일이미지 제출○ 개별 분야 제출 파일※ 자세한 사항은 첨부파일 또는 홈페이지 참고","http://www.aytalent.or.kr","2025-06-02","2025-08-08"
"1080 ","심헌문화재단","일반장학생","기타","장학금","지역연고","해당없음","해당없음","해당없음","해당없음","※ 기관확인필요","○ 품행이 단정하여 지역과 국가발전에 일익을 담당할 수 있다고 인정되는 학생○ 문화/예술/체육 등 예체능 분야에 특별한 소질이 있는 학생(입상자 우대)","○ 광주/전남 지역 거주자","○ 서류심사※ 2026년 장학생은 반드시 장학증서 수여식 참석 (보호자 동반 참석 가능/불참할 경우 지급이 정지 또는 취소됨)","※ 기관확인필요","○ 1가구 2자녀 이상일 경우 재단 장학심사위원회에서 결정※ 자세한 사항은 첨부파일 또는 홈페이지 참고","○ 추천기관장의 추천서(공문으로 추천)에 의해 재단 장학심사위원회에서 심사○ (예체능 분야 소질) 광주광역시 교육청 추천자","○ 장학금 신청서(재단 홈페이지 온라인 신청서 작성 후 추천기관 담당자에게 제출)○ 장학생 소감문 1부○ 재학증명서 원본 1부○ 학자금 지급증명서 원본 1부(한국장학재단 홈페이지에서 발급)○ 공통서류 전체○ 자기소개서 1부○ 학교생활기록부 1부(중학교분)/성적증명서 1부○ 기타서류는 추천기관 담당자에게 확인※ 자세한 사항은 첨부파일 또는 홈페이지 참고","http://simhun.or.kr","2026-01-05","2026-01-23"
"1081 ","경기도 연천군청","향토장학생(특별)","지자체(출자출연기관)","장학금","해당없음","해당없음","해당없음","해당없음","해당없음","○ 80만원","○ 고등학교 재학생 중 성적 향상도가 높은 학생","○ 공고일 현재 군 관내에 주소를 두고 1년 이상 거주하고 있는 군민 또는 그 자녀","○ 학교장 추천 인원 중 선발","○ 4명","○ 고등학교 학생 중 장학금 등을 지원 받는 학생○ 26년도 연천군 장학관 입사생/경기푸른미래관/경기도송파학사○ 26년도 경기도민회 장학생","○ 관내 고등학교장 추천자만 해당","○ 장학생 신청서○ 주민등록 등본 또는 초본(1년간 주소이력포함)○ 2026년도 1학기분 등록금 납부 영수증○ 재학증명서 1부※ 자세한 사항은 첨부파일 또는 홈페이지 참고","https://www.yeoncheon.go.kr/index.yeoncheon","2026-04-16","2026-05-06"
"1082 ","재단법인 목포인재육성재단","희망장학생(장애인)","지자체(출자출연기관)","장학금","지역연고","해당없음","해당없음","해당없음","해당없음","○ 50만원","○ 본인이나 부 또는 모가 장애가 있는 경우","○ 공고일 현재 본인 및 보호자가 목포시 내에 1년 이상 주소를 두고 목포시 소재 고등학교에 재학 중인 자","○ 장애 정도 50% / 건강보험료 50% (동점일 경우 장애 정도 우선)","○ 3명","○ 2026년 전남인재평생교육진흥원 등 타 장학금 수령자○ 선발 전형에 상관없이 1가구 1명 선발 원칙","해당없음","○ 목포장학재단 장학금 신청서○ 신청인 서약서○ 개인정보수집·이용 및 제공·조회 동의서○ 주민등록등본○ 가족관계증명서○ 건강보험 자격확인서 및 건강보험료 납부확인서○ 재학증명서○ 통장사본○ 대상자 장애인증명서※ 자세한 사항은 첨부파일 또는 홈페이지 참고","http://www.mokposaf.com/","2026-05-26","2026-06-12"
"1083 ","KT&G장학재단","발레장학생","기타","장학금","특기자","해당없음","해당없음","해당없음","해당없음","○ 500만원 및 참여형 프로그램","○ 발레에 재능이 있는 중1 ~ 고3 발레 전공생","해당없음","○ 공모 1차 오디션 2차 오디션 최종선","※ 기관확인필요","※ 기관확인필요","해당없음","○ 오디션 참가신청서○ 개인정보 수집 및 이용 동의서○ 오디션 영상 첨부 (개인 솔로 작품 영상 1개/ 기본동작 영상 1개)","https://scholarship.ktngtogether.com","2025-02-24","2025-03-05"
"1084 ","재단법인청도군인재육성장학회","다자녀장학생","지자체(출자출연기관)","장학금","지역연고","해당없음","해당없음","○ 해당없음","○ 해당없음","○ 60만원","○ 청도군 인구정책 지원조례 상 다자녀 가족 구성원인 자","○ 공고일 현재 청도군 관내 고등학교 재학생으로서 보호자 또는 학생 본인이 청도군에 1년 이상 계속하여주소를 두고 거주하고 있는 학생","※ 기관확인필요","○ 10명 (금천고 1명/ 모계고 3명/ 이서고 3명/ 청도고 2명/ 경북드론고 1명)","○ 다른 기관·단체로부터 본 장학회 지급 금액의 200% 이상 받은 자는 제외","○ 학교장 추천","○ 장학금지원신청서○ 재학증명서○ 장학금 수혜(비수혜) 확인서○ 주민등록등본/ 주민등록초본 각 1 부○ 가족관계증명서○ 장학생추천서○ 개인정보 수집·이용·제공 동의서○ 다자녀 장학생 추천서※ 자세한 사항은 첨부파일 또는 홈페이지 참고","https://www.cheongdo.go.kr","2026-03-16","2026-04-06"
"1085 ","광주남구장학회","특별장학생","지자체(출자출연기관)","장학금","지역연고","해당없음","해당없음","○ 25년 1학기 성적 전과목 평균 5등급 이내※ 고1의 경우 3등급 이내","○ 25년도 기준 중위소득 150%이하인 가구※ 직계가족의 3개월 평균 국민건강보험료 산정","○ 50만원","○ 3자녀 이상의 가구/다문화가구/본인 또는 가구원이 장애인인 가구의 고등학생","○ 공고일 현재 광주광역시 남구에 주민등록상 1년 이상 주소를 두고 있는 주민과 그 자녀","○ 서류심사 : 제출서류 신청요건 충족 및 직전학기 성적 등 확인○ 최종선발 : (재)남구장학회 장학생 선발 심사위원회 심의","○ 5명","○ 1가구당 1인 신청 가능○ 최근 2년 남구장학회 장학생으로 선발된 자※ 자세한 사항은 첨부파일 또는 홈페이지 참고","해당없음","○ 장학생 신청서○ 주민등록표등본○ 학생 명의의 가족관계증명서○ 건강보험 자격확인서○ 건강보험료 납부확인서○ 2025학년도 1학기 학교 생활기록부○ 개인정보 수집·이용·제공 및 조회 동의서○ 통장 사본○ 가정환경 세대구성 관련증명서※ 자세한 사항은 첨부파일 또는 홈페이지 참고","https://www.namgu.gwangju.kr","2025-09-29","2025-10-17"
"1086 ","경산시장학회","희망장학금","지자체(출자출연기관)","장학금","지역연고","해당없음","해당없음","해당없음","○ 생계급여/ 의료급여/ 주거급여/ 교육급여 수급자/ 차상위계층/ 한부모가정/ 경제적 빈곤 가정·장애를 가진 자 및 그 외 소외 계층으로 볼수 있는 자","○ 50만원 (등록비 및 생활비)","○ 경산시 관내 학교 재학생○ 다음 중 한 가지 이상 해당자 (생계급여/ 교육급여 수급자·차상위계층/ 한부모가정를 가진 자 및 그 외 소외 계층으로 볼수 있는 자)자세한 사항은 첨부파일 또는 홈페이지 참고","○ 공고일 현재 지원자와 보호자가 계속해서 3년이상 경산시에 주민등록이 되어있는 내국인 및 공고일 현재 계속해서 1년이상 경산시에 외국인등록이 되어 있는 자※ 자세한 사항은 첨부파일 또는 홈페이지 참고","※ 기관확인필요","○ 50명","○ 한가지 분야의 장학금만 지원가능○ 직전년도 기수혜자※ 자세한 사항은 첨부파일 또는 홈페이지 참고","○ 학교장 추천","○ 장학금 지원 신청서○ 지원 대상자 추천서(추천자)○ 주민등록등본 또는 초본○ 통장계좌 사본○ 개인정보 제공 및 이용 동의서※ 자세한 사항은 첨부파일 또는 홈페이지 참고","http://www.gsjhh.co.kr","2026-03-04","2026-03-20"
"1087 ","재단법인 당진장학회","우수장학생","지자체(출자출연기관)","장학금","성적우수","해당없음","해당없음","해당없음","해당없음","○ 50만원","○ 학교장 추천받은 학생","○ 공고일 현재 학생 또는 보호자(부모님)가 당진시에 주민등록을 두고 1년 이상 계속하여 당진에 거주하고 있는 자","○ 장학금 신청서 접수 장학생 선발심의위원회 심사. 이사회 확정○ 인원 초과 시 성적순 선발","○ 47명","※ 기관확인필요","○ 학교별 배정인원 학교장 추천","○ 신청서○ 개인정보수집동의서○ 본인 또는 부모의 주민등록등본/초본○ 지방세 완납증명서 부모 각 1부○ 통장사본※ 자세한 사항은 첨부파일 또는 홈페이지 참고","http://dangjin.go.kr/","2026-03-16","2026-03-30"
"1088 ","의왕시인재육성재단","소상공인 자녀 장학금","지자체(출자출연기관)","장학금","지역연고","해당없음","해당없음","해당없음","해당없음","○ 50만원","※ 자세한 사항은 첨부파일 또는 홈페이지 참고","○ 공고일 기준 창업 6개월 이상인 사업자로 사업장 소재지와 사업자 거주지가 모두 의왕시인 소상공인의 고등학생 자녀","○ 1차 서류심사  2차 심의위원회  3차 이사회 심의 의결","○ 20명","○ 1가구 1명 지원○ 학생 본인 사업자○ 휴/폐업 중인 사업자○ 대기업 운영 프랜차이즈 직영점○ 2025년도 의왕시인재육성재단 장학생으로 선발된 자※ 자세한 사항은 첨부파일 또는 홈페이지 참고","해당없음","○ 장학금 지원 신청서○ 사업자등록증 사본○ 주민등록등본○ 가족관계증명서○ 25년도 1~6월 부가가지체 과세표준 증명원 혹은 부가가치세 면세○ 사업자 수입금액 증명○ 상시종업원수를 확인할 수 있는 서류○ 개인정보 동의서○ 한부모 증명서 장애인증명서 (해당자)※ 자세한 사항은 첨부파일 또는 홈페이지 참고","http://www.uwinjae.or.kr","2025-10-20","2025-10-24"
"1089 ","(재)인제군장학회","예/체능특기자장학금","지자체(출자출연기관)","장학금","특기자","해당없음","1학년2학년3학년제한없음","해당없음","해당없음","○ 50만원","○ 직전 학년도에 도 공인대회 2위 이내 입상경력 또는 전국단위 공인대회 3위 이내 입상경력이 있는 자(단체전 입상자 포함)○ 복학생의 경우 휴학 기간 중에 입상한 경력까지 포함","○ 신청일 현재 군 관내에 주소를 두고 2년 이상 거주하고 있는 자/ 부모 또는 보호자 중 한 명 이상이 신청일 기준 군 관내에 2년 이상 계속하여 거주하는 자※ 자세한 사항은 첨부파일 또는 홈페이지 참고","※ 기관확인필요","※ 기관확인필요","○ (재)인제군장학회 장학금과의 중복지원 불가○ 편입/ 재입학 등의 사유로 같은 학년을 중복하여 다니게 될 경우 지원받은 학년 중복지급 불가○ 1/2부로 나뉘어진 대회/ 생활체육대회/ 학년별 대회 입상 제외※ 자세한 사항은 첨부파일 또는 홈페이지 참고","해당없음","○ 인제군에 2년 이상 계속하여 거주한 부/모의 주민등록등본○ 통장사본○ 가족관계증명서○ 재학증명서○ 전년도 수상실적 증명서류(상장 등)※ 수상실적 증명서류에 수상자명/순위/대회 규모가 전부 기재된 서류를 제출※ 자세한 사항은 첨부파일 또는 홈페이지 참고","https://www.inje.go.kr/potal","2026-01-19","2026-12-04"
"1090 ","강원인재원","미래인재 장학생","지자체(출자출연기관)","장학금","특기자","해당없음","해당없음","해당없음","해당없음","○ 자기계발을 위한 정기 장학금 지급(매년 2회 최대 7년)※ 기관확인필요","○ 과학기슬 인문사회 분야: 전국단위 이상 경시대회 상위 입상자 혹은 해당 분야 학업성적이 탁월한 자○ 문화예술 분야: 전국단위 이상 경연대회 또는 국제대회 3위 이상 입상한 자○ 체육분야: 직전 올림픽 경기종목 중 전국단위 이상 대회 3위 이상 입상 또는 국가대표 선발자","○ 공고일 기준 고등학교 재학생○ 본인 또는 친권자가 도내 3년 이상 계속 주민등록 중이거나 본인친권자 모두 등록기준지가 강원도이고 도내 5년 이상 주민등록 중이었던 자","※ 기관확인필요","○ 10명 내외외","○ 미래인재의 학적이 변동된(휴학 / 자퇴 등) 경우○ 미래인재가 전공(종목)을 변경했을 경우○ 최저임금 이상의 소득이 있는 경우○ 지원기간(7년)이 종료되었거나 선발연도 이후 10년이 경과하였을 경우※ 자세한 사항은 첨부파일 또는 홈페이지 참고","해당없음","○ 재학증명서○ 주민등록초본○ 생활기록부○ 미래인재 지원서○ 개인정보 수집 및 이용.제공 동의서○ 자기소개서○ 활동자료※ 자세한 사항은 첨부파일 또는 홈페이지 참고","http://injae.gwd.go.kr","2025-10-13","2025-10-31"
"1091 ","재단법인 목포인재육성재단","희망장학생(다문화)","지자체(출자출연기관)","장학금","지역연고","해당없음","해당없음","해당없음","해당없음","○ 50만원","○ 국내에 거주하고 있는 국제결혼 가정으로 부모 중 한 쪽이 한국인","○ 공고일 현재 본인 및 보호자가 목포시 내에 1년 이상 주소를 두고 목포시 소재 고등학교에 재학 중인 자","○ 지원 요건 충족 시 지원 (모집인원 초과 시 건강보험료 100%)","○ 3명","○ 2026년 전남인재평생교육진흥원 등 타 장학금 수령자○ 선발 전형에 상관없이 1가구 1명 선발 원칙","해당없음","○ 목포장학재단 장학금 신청서○ 신청인 서약서○ 개인정보수집·이용 및 제공·조회 동의서○ 주민등록등본○ 가족관계증명서○ 건강보험 자격 확인서 및 건강보험료 납부확인서○ 재학증명서○ 통장사본○ 한국인 부 또는 모 기준 가족관계증명서 ※ 자세한 사항은 첨부파일 또는 홈페이지 참고","http://www.mokposaf.com/","2026-05-26","2026-06-12"
"1092 ","(재)대구동구교육재단","동구사랑장학금","지자체(출자출연기관)","장학금","기타","해당없음","해당없음","○ 2026학년도 고등학교 신입생 전형을 위한 중학교 졸업생 석차 연명부 5% 이내","해당없음","○ 100만원","○ 동구 관내 중학교 졸업 후 관내 고등학교에 입학한 2026학년도 신입생※ 자세한 사항은 첨부파일 또는 홈페이지 참고","○ 공고일 현재 계속하여 1년 이상 대구 동구에 주민등록을 두고 거주하는 자○ 공고일 현재 대구시 내 고등학교에 재학 중인 자","※ 기관확인필요","○ 00명","※ 기관확인필요","○ 소속 학교장","○ 장학금 지원신청서○ 장학생 추천서○ 개인정보 수집·이용·제공 및 조회 동의서○ 신청인 서약서○ 신청자 주민등록 초본○ 재학증명서○ 성적증명서○ 장학금 지급 계좌 통장사본○ 중학교 졸업증명서※ 자세한 사항은 첨부파일 또는 홈페이지 참고","http://www.donggujhh.or.kr","2026-03-23","2026-03-27"
"1093 ","재단법인 의성군인재육성재단","선행.효행.봉사 장학금","지자체(출자출연기관)","장학금","지역연고","해당없음","해당없음","해당없음","해당없음","○ 100만원","○ 관내 고등학교 재학생 중 선행·효행·봉사자로 타의 모범을 보이는 학생","해당없음","○ 학교별 일괄신청","○ 6명 (학교별 1명)","○ 2025년도 의성군인재육성재단 입학 및 재학성적우수장학금 수혜자 제외","○ 학교장 추천※ 학교장 추천사항으로 학년/선f행/효행/봉사 분야등은 학교장 재량","○ 장학생 지원신청서○ 장학금 지급신청서○ 개인정보제공 동의서○ 각서○ 통장사본○ 학교장 추천서○ 공적조서※ 자세한 사항은 첨부파일 또는 홈페이지 참고","http://uscdream.kr","2025-11-12","2025-11-25"
"1094 ","재단법인 울산연구원","재능장학금(특기자)","지자체(출자출연기관)","장학금","지역연고","해당없음","해당없음","해당없음","해당없음","○ 100만원","○ 공고일로부터 2년 이내 광역시/도 단위 대회 또는 전국규모 이상 대회 3위 이상 입상자○ 단체 수상의 경우 학교장의 추천을 받은 1명만 신청※ 자세한 사항은 첨부파일 또는 홈페이지 참고","○ 공고일 현재 본인 또는 보호자가 주민등록상 울산 거주자○ 시 소재 고등학교 재학생","○ 서류심사(요건 및 기준 등) 이후 장학생 선발 심의위원회를 통한 대상자 확정○ 동점자의 경우 선발기준 우선순위(대회규모>순위>수상횟수>)에 따라 결정※ 자세한 사항은 첨부파일 또는 홈페이지 참고","○ 초중고대학생을 합하여 10명","○ 중복지원 각능하나 선발될 경우 장학금 중 한 종류만 수혜 가능※ 자세한 사항은 첨부파일 또는 홈페이지 참고","○ 학교장 추천※ 자세한 사항은 첨부파일 또는 홈페이지 참고","○ 장학금 지원 신청서○ 신청인 서약서○ 개인정보 수집/ 이용/ 제공 및 조회 동의서○ 재능장학생 추천서○ 대회수상 실적서○ 주민등록 등본○ 재학증명서○ 통장사본○ 상장 사본 및 대회 개최 설명자료※ 자세한 사항은 첨부파일 또는 홈페이지 참고","https://uill.uri.re.kr","2026-09-16","2026-09-23"
"1095 ","영암군미래교육재단","다문화가정학생장학금","지자체(출자출연기관)","장학금","기타","해당없음","해당없음","해당없음","○ 국민기초생활수급자 및 차상위 계층","○ 150만원","○ 다문화가정 중 국민기초생활수급자 및 차상위 계층○ 관내 고등학교 재학생","○ 부모와 본인이 장학생 선발 공고 당시 3년 이상 영암군에 주소를 두고 현재 거주하는 자","○ 선발 심사는 서류심사 원칙(분야별 심사요건·선정기준 등)으로 함○ 지원대상자 선발은 (재)영암군민장학회 이사회 심의를 거쳐 최종 결정후 확정함※ 신청자가 많을 경우 저소득계층 우선 선발","○ 13명","○ 국가 또는 지방자치단체·공공단체 및 민간단체의 장학금·직장 학자금 등 타장학금을 받은 자는 제외함 (본 장학회 지급 기준액 이하를 받은 자는 이사회 의결에 의해 자격을 득할 수 있으며 차액을 지급함)○ 각 학교 교칙에 의하여 징계 전력이 있는 자는 지원 제외","○ 학교장 추천","○ 장학금 신청서○ 개인정보 수집·이용 동의서○ 신청인 서약서○ 통장계좌 사본○ 주민등록초본○ 가족관계증명서○ 학교장(총장) 추천서○ 기초생활수급자 증명서 또는 차상위 계층 확인서※ 자세한 사항은 첨부파일 또는 홈페이지 참고","https://yeongam.go.kr ","2025-04-14","2025-05-14"
"1096 ","재단법인 전남인재평생교육진흥원","전남aT지역상생","지자체(출자출연기관)","장학금","해당없음","해당없음","해당없음","○ 직전학기 성취도 B이상인 학생","해당없음","○ 100만원","○ 공고일 기준 도내 직업계 고등학교 농업식품축산수산 관련 학과에 재학 중인 학생","○ 공고일 기준 학생 본인 또는 보호자가 전라남도에 1년 이상 연속하여 주민등록이 되어 있는 학생","○ 사회적배려대상자(기초생활수급자 차상위계층 한부모가정) 우선선발※ 자세한 사항은 첨부파일 또는 홈페이지 참고","○ 25명","○ 장학금 지원은 매년 1회로 제한하며 이중/허위 수혜자는 적발 시 장학금 회수 및 3년간 지원제외○ 동시 지원이 불가※ 자세한 사항은 첨부파일 또는 홈페이지 참고","○ 학교장 추천","○ 장학금 신청서○ 주민등록등본○ 가족관계증명서○ 재학증명서○ 개인정보 수집이용 및 제공조회 동의서○ 신청인 서약서○ 장학금 지급 통장 사본※ 자세한 사항은 첨부파일 또는 홈페이지 참고","https://www.jntle.kr/main","2025-10-01","2025-10-31"
"1097 ","아산시미래장학회","효선행 장학금","지자체(출자출연기관)","장학금","해당없음","해당없음","해당없음","해당없음","해당없음","○ 40만원","○ 품행이 바르며 타의모범이 되는 자○ 효 또는 선행을 실천하여 학교단체로부터 칭송을 받는 학생※ 국가 지방자치단체 유관기관의 표창을 받은 자 또는 선행 및 효행의 공적이 인정되어 학교장의 추천을 받은 자","○ 신청일 기준 본인 또는 부모가 2년 이상 계속하여 아산시에 주민등록이 되어 있고 거주한 자","○ 1차 선발: 학교장 추천○ 2차 선발: 심사위원 심사를 통해 최종선발","○ 25명","○ 접수일 기준 휴학 또는 학교의 징계처분을 받은 자○ 2025년도 아산시미래장학회에서 장학금을 받았거나 받을 에정인 자○ 타 기관단체로부터 최근 2년 이내 효선행 장학금을 받았거나 받을 예정인 자","○ 학교장의 추천 또는 국가 지방자치단체 공공기관 등에서 표창을 받은 학생","○ 2025년 효선행 장학금 신청서○ 2025년 효선행 장학금 신청자 공적조서○ 서약서○ 개인정보 수집이용제공 및 조회 동의서○ 주민등록초본○ 관련 증빙서류○ 통장사본※ 자세한 사항은 첨부파일 또는 홈페이지 참고","http://asanmirae.or.kr/main/","2025-10-10","2025-10-17"
"1098 ","재단법인 증평군민장학회","재학성적우수","지자체(출자출연기관)","장학금","해당없음","해당없음","해당없음","○ 관내 고등학교 재학생 중 성적우수자","해당없음","※ 자세한 사항은 첨부파일 또는 홈페이지 참고","※ 기관확인필요","※ 기관확인필요","○ 선발기준에 의거 장학생선발심의위원회에서 선발","○ 22명※ 자세한 사항은 첨부파일 또는 홈페이지 참고","○ 2026년 증평군민장학회의 다른 장학금을 수혜받는 자○ 2025년 중 휴학자/군입대자/졸업예정자○ 소속 학교에서 퇴학/휴학 및 징계처분을 받은 자※ 자세한 사항은 첨부파일 또는 홈페이지 참고","○ 관내 고등학교장 추천","○ 장학생 신청서○ 장학생 추천서○ 서약서○ 주민등록등본 또는 가족관계증명서○ 통장사본○ 중학교 내신 성적표※ 자세한 사항은 첨부파일 또는 홈페이지 참고","https://www.jp.go.kr/","2026-03-06","2026-03-16"
"1099 ","충청북도 청주시청","다자녀가정 지원금","지자체(출자출연기관)","장학금","해당없음","해당없음","해당없음","해당없음","해당없음","○ 4자녀 가구 : 가구당 연 100만원○ 5자녀 이상 가구 : 18세이하 자녀 1명당 연 100만원(연 최대 500만원 한도)○ 분기별 연 4회 청주페이로 지급","○ 가족관계등록부상 4자녀 이상 가구○ 당해연도 12월 31일 기준 18세 이하※ 자세한 사항은 첨부파일 또는 홈페이지 참고","○ 부 또는 모/자녀가 청주시에 주민등록을 두고 거주해야 함※ 자세한 사항은 첨부파일 또는 홈페이지 참고","※ 기관확인필요","※ 기관확인필요","※ 기관확인필요","해당없음","○ 가족관계증명서○ 청주페이카드 사본○ 신분증○ 주민등록등초본※ 자세한 사항은 첨부파일 또는 홈페이지 참고","https://www.cheongju.go.kr","2026-01-26","2026-12-20"
"1100 ","백운장학회(광양)","특기지도 우수학교","지자체(출자출연기관)","장학금","특기자","해당없음","해당없음","해당없음","해당없음","○ 150만원","○ 2025.8.1 ~ 2026.7.31 학술/ 기능/ 예능/ 체육 등에서 도 단위 또는 전국단위 대회에서 3위 이내 입상한 관내 소재 고등학교","○ 광양시 관내 고등학교","○ 수상실적을 기준으로 고득점 순으로 선정○ 동점일 경우 전국대회 수상실적이 많은 학교 우선 선정","○ 2개교","※ 기관확인필요","해당없음","○ 입상실적 증명서○ 장학금 신청서○ 학교명의 통장※ 자세한 사항은 첨부파일 또는 홈페이지 참고","http://www.gwangyang.go.kr/fund/","2026-08-03","2026-08-31"
"1101 ","재단법인 상주시장학회","특별장학금(학교밖청소년)","지자체(출자출연기관)","장학금","지역연고","해당없음","해당없음","해당없음","해당없음","○ 100만원","○ 2025년 고등학교 졸업 검정고시에 응시하여 전과목에서 합격한 만 19세 미만의 청소년","○ 장학생 선발 공고일 현재 1년이상 상주시 관내 거주자(부모 또는 학생)","※ 기관확인필요","○ 5명","※ 자세한 사항은 첨부파일 또는 홈페이지 참고","○ 학교밖청소년년지원센터장의 추천","○ 장학생 지원신청서○ 개인정보 제공/이용 동의서○ 검정고시 합격증○ 성적증명서○ 주민등록등본 (주소지 변동 포함)※ 자세한 사항은 첨부파일 또는 홈페이지 참고","http://www.sjjh.or.kr","2025-09-19","2025-10-13"
"1102 ","시흥시인재양성재단","시흥사랑장학생(다다마을 희망나눔)","지자체(출자출연기관)","장학금","지역연고","해당없음","해당없음","해당없음","○ 일반모집 분야○ 25년 1월 ~ 3월 부·모 건강보험료 납부 합산 평균이 ‘25년 중위소득 160% 이하인 고등학생","○ 100만원○ 금년도 재단에 운영 중인 다른 장학사업과 중복수혜 불가","○ 관내 고등학교에 재학 중인 학생(고등 1학년의 경우 관내 중학교 졸업자만 해당) 중에서 추천 또는 일반모집 분야선발 요건 및 재단의 선발기준을 모두 충족한 자○ 추천 분야 : 시흥시 사회적경제기업(다다마을관리기업 포함 등)의 추천 기준을 모두 충족한 자 (사회적경제기업 추천 공문서 기준으로 심사)○ 일반모집 분야 : 경제적으로 어려운 학생","○ 공고일 기준 학생 또는 법정보호자의 주민등록초본 상 시흥시에서 1년 이상 연속거주","○ 추천 분야 : 시흥시 사회적경제기업(다다마을관리기업 포함 등)에서 경제적으로 어려운 가정의 학생을 추천 (100%)○ 일반모집 분야 : 소득심사 70%/ 거주기간 20%/ 학업계획서 10%○ 동점자 처리기준 : 기초생활수급자·차상위계층/ 한부모가족·장애인(학생)/ 공고일 기준 시흥시 연속 거주기간","○ 일반모집 분야 : 고등학생 2명○ 추천 분야 : 5명(중학생 및 대학생 포함 인원)","○ 2024년 상반기 장학사업 신청 완료자○ 학교에서 징계처분을 받은 자○ 당해연도 1가정 2자녀 이상 장학금 수혜 불가○ 휴학 또는 자퇴 및 졸업 등을 한 자○ 국공립 및 사립 대안학교 학생은 제외","○ 추천 분야의 경우 사회적경제기업의 추천 필요","○ 일반모집 분야(재단 홈페이지 신청)○주민등록초본○소속학교 재학증명서○ 25년도 부·모 건강보험납부확인서 전체(1월 ~ 3월)○ 25년도 부·모 건강보험자격득실확인서 전체(전체 내역 발급)○ 학업계획서○ 중학교 졸업증명서(고등 1학년)○ 추천 분야(모든 제출서류는 추천기관 공문으로 제출)○ 장학생 추천서○ 장학금 신청서○ 개인정보 수집 및 활용 동의서○ 학업계획서※ 자세한 사항은 첨부파일 또는 홈페이지 참고","https://www.shinjae.or.kr","2025-04-24","2025-05-15"
"1103 ","시흥시인재양성재단","시흥사랑장학금(한전) 예체능 장학금","지자체(출자출연기관)","장학금","해당없음","해당없음","해당없음","해당없음","해당없음","○ 1인 100만원","○ 시 단위 대회 3위 이내 수상한 자○ 소속 고등학교가 관내에 없는 예체기능 학교인 경우에도 인정※ 자세한 사항은 첨부파일 또는 홈페이지 참고","※ 자세한 사항은 첨부파일 또는 홈페이지 참고","○ 동점자 처리기준: 공고일 기준 시흥시 연속 거주기간※ 자세한 사항은 홈페이지 참고","○ 초중고대 포함 에체능 48명(각 동별 16명)","○ 휴학생 및 휴학예정자 ○ 전년도 재단 장학금 수혜자○ 해당연도 관외 이사 또는 계획이 있는 자○ 당해년도 재단 장학금 수혜자 및 관내 동일목정 장학금 신청제한○ 재단 내 다른 장학사업 및 전형 중복신청 불가○ 동일한 자료 및 수상실적으로 장학금 수헤자※ 자세한 사항은 첨부파일 또는 홈페이지 참고","해당없음","○ 주민등록초본○ 재학증명서○ 수상실적증빙서류 ※ 자세한 사항은 첨부파일 또는 홈페이지 참고","https://www.shinjae.or.kr/","2025-09-15","2025-09-22"
"1104 ","백산장학재단","장학생","기타","장학금","기타","해당없음","해당없음","해당없음","해당없음","※ 기관확인필요","○ 국내 외 정규 교육기관 재학생○ 장학생은 2025년 12월 27일(토)~28일(일) 송광사가 마련한 템플스테이를 필수로 참여해야 함※ 자세한 사항은 첨부파일 또는 홈페이지 참고","해당없음","※ 자세한 사항은 첨부파일 또는 홈페이지 참고","○ 00명","○ 복수의 장학금을 수급하지 아니함○ 지난 3년 내에 백산장학재단의 장학금을 수급한 사실이 없어야 함※ 자세한 사항은 첨부파일 또는 홈페이지 참고","해당없음","○ 장학생 자기소개서(1200자 내외)○ 장학생 추천서 1부○ 장학생 정보동의서 1부○ 성적증명서 1부○ 장학생 선발에 참고가 될 만한 기타 서류○ 통장사본○ 미성년자의 경우에는 가족등본 필요※ 자세한 사항은 첨부파일 또는 홈페이지 참고","http://www.baeksan.or.kr","2025-11-10","2025-11-21"
"1105 ","사단법인남해군향토장학회","학업향상 장학금","지자체(출자출연기관)","장학금","소득구분","해당없음","해당없음","○ 해당 고등학교 자체 심사기준에 따라 학업 향상자","○ 해당 고등학교 자체 심사기준에 따라 가정형편이 어려운 자","○ 50만원","○ 관내 고등학교 재학생 중 학교장의 추천을 받은 자","○ 선발공고일 현재 부모가 남해군에 주소를 두고 있는 학생","※ 기관확인필요","○ 30명※ 해당 학교별 배정 인원 상이하므로 공고문 확인","※ 기관확인필요","○ 학교장 추천","○ 장학생 신청서○ 개인정보 수집·이용·제공 및 조회 동의서○ 학교장 추천서○ 주민등록 등본 ○ 통장 사본※ 자세한 사항은 첨부파일 또는 홈페이지 참고","http://www.namhae.go.kr","2026-01-02","2026-01-22"
"1106 ","재단법인청도군인재육성장학회","진학.우수 장학생","지자체(출자출연기관)","장학금","지역연고","해당없음","해당없음","○ 고등학교 입학생 준 학업성적 우수자(상위30% 이내)","○ 해당없음","○ 60만원","※ 기관확인필요","○ 공고일 현재 청도군 관내 고등학교 재학생으로서 보호자 또는 학생 본인이 청도군에 1년 이상 계속하여 주소를 두고 거주하고 있는 학생","※ 기관확인필요","○ 30명 (금천고 1명/ 모계고 9명/ 이서고 9명/ 청도고 7명/ 경북드론고 4명)","○ 다른 기관 단체로부터 본 장학회 지급 금액의 200%이상 받은 자는 제외","○ 학교장 추천 필요","○ 장학금지원신청서○ 재학증명서○ 장학금 수혜(비수혜)확인서○ 주민등록등본(보호자)/ 주민등록초본(학생)○ 가족관계증명서○ 개인정보 수집·이용·제공 동의서○ 진학·우수 장학생 추천서○ 성적증명서※ 자세한 사항은 첨부파일 또는 홈페이지 참고","https://www.cheongdo.go.kr","2026-03-16","2026-04-06"
"1107 ","재단법인 신안군장학재단","만학도장학금","지자체(출자출연기관)","장학금","지역연고","해당없음","해당없음","해당없음","해당없음","※ 기관확인필요","○ 만 35세 이상 군민으로 학력인정 학교에 재학중인 만학도","○ 학생 본인이 공고일 현재 신안군에 6개월 이상 주민등록 되어 있는 실거주자","○ 출석률 100%","○ 45명 (초중고 포함 인원)","해당없음","○ 학교장추천","○ 장학금신청서○ 신청인 서약서○ 개인정보 수집이용 및 제공조회 동의서○ 주민등록등본○ 가족관계증명서○ 재학증명서○ 통장사본○ 학교생활기록부○ 학교장 추천※ 자세한 사항은 첨부파일 또는 홈페이지 참고","https://www.shinan.go.kr","2025-04-21","2025-05-09"
"1108 ","용인시장학재단(학생지원)","보훈장학금","지자체(출자출연기관)","장학금","기타","해당없음","해당없음","○ 해당없음","○ 해당없음","○ 50만원","○ 독립유공자/ 국가유공자 후손","○ 공고일 현재 용인시에 주민등록을 두고 2년 이상 계속하여 거주하고 있는 시민 및 시민의 직계비속","○ 주민등록상 학생 또는 학생 직계존속의 용인시 거주기간이 긴 순으로 추천","○ 12명","○ 당해연도 타 장학금을 받은 자","○ 용인시장(복지정책과장) 추천","○ 장학금 지원신청서○ 장학금 지원대상자 추천서○ 주소이력을 포함한 주민등록 등본(주민번호 뒷자리 미포함)○ 장학금 수혜(비수혜) 확인서○ 국가유공자 확인서○ 재학증명서○ 개인정보수집에 따른 법정대리인 동의서(만 14세 미만 미성년자)※ 자세한 사항은 첨부파일 또는 홈페이지 참고 ","http://www.yijanghak.or.kr","2026-03-18","2026-04-10"
"1109 ","재단법인 기독교대한감리회장학재단","계통중/고 장학금","기타","장학금","해당없음","해당없음","3학년","해당없음","해당없음","○ 30만원","○ 기독교대한감리회 계통중학교/계통고등학교○ 졸업예정자(3학년)","해당없음","※ 기관확인필요","○ 00명","※ 기관확인필요","○ 교목 추천○ 학교장 추천","○ 학교 공문○ 장학금 신청서○ 교목 추천서○ 학교장 추천서○ 학생활기록부 사본○ 학교 통장 사본○ 주민등록등본※ 자세한 사항은 첨부파일 또는 홈페이지 참고","http://kmc.or.kr","2026-06-09","2026-07-31"
"1110 ","재단법인 충북인재평생교육진흥원","성적장학금","지자체(출자출연기관)","장학금","해당없음","해당없음","해당없음","※ 자격기준은 아니나 선발기준은 성적임임","해당없음","○ 100만원","※ 기관확인필요","○ 대한민국 국적자로서 공고일 기준 1년 이상 도내에 주소를 두고 계속 거주하는 도민 또는 도민의 자녀 중 국내 고등학교 재학생※ 자세한 사항은 첨부파일 또는 홈페이지 참고","○ 고입내신점수 + 2026년도 1학기 성적※ 자세한 사항은 첨부파일 또는 홈페이지 참고","○ 150명","○ 상반기 충북인재평생교육진흥원 장학금 수혜자 (특별지정장학금 제외)○ 중복 수혜를 금지한 기관의 장학금을 받은 자○ 충북학사 서울관·동서울관·청주관 재사생○ '고등교육법제2조'/'평생교육법제31조제4항 제33조'/'근로자 직업 능력개발법제2조제5항'에 해당하지 않는 교육기관※ 자세한 사항은 첨부파일 또는 홈페이지 참고","해당없음","○ 주민등록등본○ 학생 본인의 통장사본○ 고입내신점수 확인서○ 2026년 1학기 성적확인서","https://www.cbitle.or.kr/","2026-08-04","2026-08-27"
"1111 ","아시아발전재단","ADF최재형장학생","기타","장학금","해당없음","해당없음","해당없음","※ 자세한 사항은 첨부파일 또는 홈페이지 참고","※ 자세한 사항은 첨부파일 또는 홈페이지 참고","○ 100만원","○ 최재형 선생의 페치카 정신을 바탕으로 고려인 동포사회에 기여할 수 있는 잠재력 있는 고려인 동포 청소년※ 자세한 사항은 첨부파일 또는 홈페이지 참고","※ 자세한 사항은 첨부파일 또는 홈페이지 참고","○ 심사","○ 00명","○ 서류접수 기간이 경과된 이후 접수는 불가하며 서류제출이 지연되거나 미비한 경우 심사 대상에서 제외※ 자세한 사항은 첨부파일 또는 홈페이지 참고","○ 고려인 관련 단체 교육기관 청소년 복지시설 등에 재직하고 있는 자○ 단 부모 형제 친인척 또는 보호자 제외","○ 신청서○ 재학증명서○ 추천서※ 자세한 사항은 첨부파일 또는 홈페이지 참고","https://www.asiadf.org","2026-04-01","2026-04-30"
"1112 ","재단법인 상주시장학회","특기장학생","지자체(출자출연기관)","장학금","특기자","해당없음","해당없음","해당없음","해당없음","○ 단체 : 200만원○ 개인 : 100만원※ 자세한 사항은 첨부파일 또는 홈페이지 참고","○ 관내 고등학교 및 특수학교에 재학하고 있는 학생○ 전국단위 대회 3위 이상 입상한 자 또는 단체※ 자세한 사항은 첨부파일 또는 홈페이지 참고","○ 장학생 선발 공고일 현재 1년이상 상주시 관내 거주자(부모 또는 학생)","※ 기관확인필요","○ 예산 내 선발","※ 자세한 사항은 첨부파일 또는 홈페이지 참고","○ 학교장 추천","○ 장학생 지원신청서○ 개인정보 제공/이용 동의서○ 장학생 추천서○ 입상 및 관련 증비 서류※ 자세한 사항은 첨부파일 또는 홈페이지 참고","http://www.sjjh.or.kr","2025-09-19","2025-10-13"
"1113 ","이동우축산장학회","이동우축산장학생","지자체(출자출연기관)","장학금","지역연고","해당없음","해당없음","해당없음","해당없음","※ 기관확인필요","○ 농업·농촌 및 식품산업 기본법 제3조에 따른 관내 축산농업인의 자녀로 장학회에서 선발된 사람","○ 관내 고등학교 입학생 및 재학생","※ 기관확인필요","※ 기관확인필요","○ 양록장학금/ 농어민자녀장학금/ 이반장자녀장학금/ 의용소방대자녀장학금/ 축협황소장학금 등 관내 타 장학금 수혜자는 지급대상 제외○ 재학 중 1회만 지급※ 자세한 사항은 첨부파일 또는 홈페이지 참고","해당없음","○ 이동우 축산장학회 지원서 및 서약서○ 개인(신용)정보 수집·이용·제공 동의서○ 합격통지서(입학생)/ 재학증명서(재학생)○ 학업성적을 증명하는 서류 (예체능 특기자 제외)○ (예체능 특기자) 입상을 확인할 수 있는 서류○ 교육비 납입증명(서)○ 기타 장학회 요구서류※ 자세한 사항은 첨부파일 또는 홈페이지 참고","http://www.yanggu.go.kr","2025-03-17","2025-03-31"
"1114 ","사단법인 점프","우아한 사장님 자녀 장학금","기타","장학금","기타","해당없음","해당없음","해당없음","○ 건강보험료 소득판정기준 130% 이하○ 또는 기초생활수급자/ 차상위계층","○ 연간 300만원 학기별 분할지급","○ 1년 이상 외식업(음식업/ 일반음식업/ 휴게음식업/ 프랜차이즈체인화음식점 4개 중 하나)을 운영하고 있는 부모의 자녀 (외식업주인 조부모가 주 양육자인 조손가정일 경우 한부모가정 증명서 제출 시 인정)○ 국내 고등학교 신입·재학생","해당없음","※ 기관확인필요","○ 000명","※ 기관확인필요","해당없음","○ 자기소개서○ 고등학교 재학증명서○ 사업자등록증명○ 가족관계증명서○ 가정 경제상황 증명서(중위소득 구간 확인 서류 / 기초생활수급자/ 법정차상위계층 증명서)○ 기타 증명서류 (해당자)※ 자세한 사항은 첨부파일 또는 홈페이지 참고","https://woowa.janghak.org","2025-02-25","2025-03-11"
"1115 ","영암군미래교육재단","한부모가정 및 조손소년소녀가정장학금","지자체(출자출연기관)","장학금","기타","해당없음","해당없음","해당없음","해당없음","○ 150만원","○ 한부모가정 및 조손소년소녀가정","○ 부 또는 모와 학생 본인이 장학금 선발 공고 당시 3년 이상 영암군에 주소를 두고 현재 거주하는 관내 고등학교 재학생","○ 선발 심사는 서류심사 원칙(분야별 심사요건·선정기준 등)으로 함○ 지원대상자 선발은 (재)영암군민장학회 이사회 심의를 거쳐 최종 결정후 확정함※ 신청자가 많을 경우 저소득계층 우선 선발","○ 12명","○ 국가 또는 지방자치단체·공공단체 및 민간단체의 장학금·직장 학자금 등 타장학금을 받은 자는 제외함 (본 장학회 지급 기준액 이하를 받은 자는 이사회 의결에 의해 자격을 득할 수 있으며 차액을 지급함○ 각 학교 교칙에 의하여 징계 전력이 있는 자는 지원 제외","해당없음","○ 장학금 신청서○ 개인정보 수집·이용 동의서○ 신청인 서약서○ 통장계좌 사본○ 한부모가정증명서 또는 가정위탁확인서○ 주민등록초본○ 가족관계증명서※ 자세한 사항은 첨부파일 또는 홈페이지 참고","https://yeongam.go.kr ","2026-04-13","2026-05-12"
"1116 ","순천시인재육성장학회","다자녀장학금","지자체(출자출연기관)","장학금","지역연고","해당없음","해당없음","해당없음","해당없음","○ 100만원","○ 순천시 관내 소재 학교의 재학생○ 다자녀 가정(본인을 포함한 형제자매가 3명 이상)의 학생","○ 공고일 현재 보호자(부 또는 모/후견인) 또는 학생 본인이 순천시에 주민등록을 두고 6개월 이상 계속 거주 하고 있는 고등학생","○ 자녀 수가 많은 가정(50%)과 소득 평가(50%)를 기준에 따른 배점을 합하여 선발하고 자녀수가 같은 경우 소득 평가 기준에 의해 선발","○ 50명","○ 1가구 1인※ 자세한 사항은 첨부파일 또는 홈페이지 참고","해당없음","○ 순천시인재육성장학금 신청서○ 개인정보 수집·이용 및 제공·조회 동의서○ 주민등록등본○ 가족관계증명서○ 재학증명서○ 통장사본○ 건강보험료 납부확인서○ 건강보험료 자격확인서○ 장학금 수혜 확인서※ 자세한 사항은 첨부파일 또는 홈페이지 참고","http://www.scij.kr/","2025-09-29","2025-10-24"
"1117 ","(재)강릉시 미래인재육성재단","우수장학금","지자체(출자출연기관)","장학금","지역연고","해당없음","해당없음","○ 입학생 및 재학생으로 성적이 상위 3% 이내(재학생은 직전 두 학기 평균 성적)","해당없음","○ 100만원","해당없음","○ 관내 고등학교에 재학중이며 공고일 현재 주민등록 주소지가 1년 이상 강릉시에 등록된 시민 또는 그 자녀","○ 학업성적 85%/ 거주기간 10%/ 생활수준 5%","○ 10명","※ 기관확인필요","○ 장학금지원대상자 추천서(학교장) 필요","○ 장학금 지원신청서○ 재학증명서○ 성적증명서○ 자기소개서○ 장학금 지원대상자 추천서○ 개인정보 제공 동의서○ 가족관계증명서○ 주민등록등본/초본○ 신청자 명의 통장사본○ 건강보험료 납부확인서 또는 건강보험자격득실확인서※ 자세한 사항은 첨부파일 또는 홈페이지 참고","https://www.gninjae.or.kr","2026-03-11","2026-03-25"
"1118 ","(재)무안군승달장학회","다문화장학금","지자체(출자출연기관)","장학금","지역연고","해당없음","해당없음","해당없음","해당없음","○ 50만원","○ 고등학교 재학생 중 다문화가정으로 확인된 학생","○ 공고일 현재 부모가 무안군에 주소를 두고 1년 이상 계속 거주하거나 부모 중 한 사람이 무안군에 주소를 두고 5년 이상 계속 거주한 군민의 자녀 (보호자(부/모)가 사망한 경우 학생 본인의 주소 확인)","○ 생활정도 70%/성적 30% (동점 시 학업 성적 순으로 순위 결정)","○ 2명","○ 2025년 하반기/2026년 상반기 승달장학금 수혜자○ 학생 본인이 소득자(직장/사업자)인 경우(파트타임 제외)○ 방송통신대/사이버대학 등 원격대학 재학생○ [초/중등교육법] 제2조에 해당하지 아니한 초/중/고등학교에 재학 중인 학생○ 외국 소재 학교에 재학 중인 학생※ 자세한 사항은 첨부파일 또는 홈페이지 참고","해당없음","○ 장학금 지원신청서○ 개인정보 수집·이용 및 제3자 제공·조회 동의서(학생/부모 각각)○ 주민등록등·초본(주소이력 포함)○ 가족관계증명서○ 건강보험료 납부확인서(2025.07.~ 2026.06)○ 건강보험 자격확인서 또는 자격득실확인서○ 지방세 세목별 과세증명서(2025.07.~ 2026.06)○ 재학증명서※ 자세한 사항은 첨부파일 및 홈페이지 참고","http://www.muan.go.kr","2026-08-31","2026-09-11"
"1119 ","(재)한국장학재단","현장실습 지원금","한국장학재단","장학금","해당없음","해당없음","해당없음","해당없음","해당없음","○ 현장실습 1일당 국고보조금 3만 원·교육청 재원 3만 원씩 최대 60일 지원(최대 360만 원)","○ 국내 직업계고 3학년 학생(외국인 재학생 포함)○ 산업체 채용형 현장실습에 참여하고 '현장실습 표준 협약서'를 작성한 현장 실습생","해당없음","○ 수혜 자격 심사 직업계고 재학 여부·현장실습 유형 등 확인○ 지원금 산정 학생별 현장실습 일수(60일)를 기준으로 현장실습 지원 금액을 최종 산정※ 최종 확정된 실습일수 등 특성화고·마이스터고 포털(hifive.go.kr) 데이터 기준으로 심사","○ 15000명","※ 기관확인필요","해당없음","○ 현장실습 표준 협약서※ 특성화고·마이스터고 포털(hifive.go.kr)에 등록 필요","https://www.kosaf.go.kr/ko/scholar.dopg=scholarship05_19_01","2026-09-01","2027-02-25"
"1120 ","재단법인 거창군장학회","만학도장학생","지자체(출자출연기관)","장학금","지역연고","해당없음","해당없음","해당없음","해당없음","○ 30만원","○ 거창군 아림고등학교에 재학 중인 3학년 만학도","○ 공고일 기준 학생 본인이 거창군에 주소를 두고 아림고등학교 3학년 진학 예정인 만학도","○ 서류심사","○ 10명","○ 각 학제 안에서 1회에 한하여 선발 (학제를 달리해서는 신청 가능)○ 거창군장학회 장학금 기수혜자는 신청할 수 없음(수혜장학금을 전액 반환한 경우 신청 가능)※ 자세한 사항은 첨부파일 또는 홈페이지 참고","○ 아림고등학교장 추천(학생 본인 신청 불가)","○ 장학생 신청서 1부○ 추천서 1부(학교장)○ 개인정보 수집·이용 및 제공·조회 동의서 1부○ 주민등록등본 1부(공고일 이후 발급)○ 통장사본 1부○ 자격 확인 서류(해당자)※ 자세한 사항은 첨부파일 또는 홈페이지 참고","http://www.geochang.go.kr/portal/index.do","2026-01-14","2026-01-30"
"1121 ","부산사상구장학회","성적향상장학금","지자체(출자출연기관)","장학금","성적우수","해당없음","해당없음","○ 고등학생(1/2학년) : 직전학기 내신 성적 중 국어·수학·영어 교과목 등급 평균 9등급제 중 5등급 이내 또는 5등급제 중 3등급 이내인 자로서 직전 학기 내신 성적 중 국어·수학·영어 교과목 등급 평균이 전학기 대비 2등급 이상 향상되거나 고2 내신 성적 중 국어·수학·영어 교과목 등급 평균이 고1 내신 성적 대비 2등급 이상 향상된 학생","해당없음","○ 100만원","해당없음","○ 세대주 또는 보호자가 사상구 관내에 주소를 두고 장학금 신청일 현재 거주하고 있는 구민의 자녀","※ 기관확인필요","○ 고1/2 : 3명","○ 타기관등으로 부터 연간 200만원 이상 장학금을 받은 학생(단 생활이 극히 어려운 경우에는 신청가능)","○ 학교장 추천","○ 장학생신청서○ 장학생추천서○ 주민등록등본○ 재학증명서○ 학교생활기록부○ 장학금수혜여부확인서○ 가점대상자 증명서※ 자세한 사항은 첨부파일 또는 홈페이지 참고","http://www.sasang.go.kr/index.sasang ","2025-11-28","2026-01-06"
"1122 ","사직2동 장학회","장학생","지자체(출자출연기관)","장학금","해당없음","해당없음","1학년2학년3학년제한없음","해당없음","해당없음","○ 1인당 70만원","※ 기관확인필요","○ 공고일 현재 사직2동에 1년 이상 주민등록이 되어 있으며 사실상 거주하고 있는 고등학생","○ 선발기준 : 학업성적(30%)/재산(20%)/소득수준(30%)/심의회(15%)/추천서(5%)","○ 0명","○ 타 장학회 및 단체로부터 장학금 받은 학생·휴학생 및 국외 학생 제외","○ 학교장 추천 학교장 추천서 첨부 시 가점 5점 부여","○ 장학생 선발 신청서 1부○ 자기소개서 1부○ 개인정보 수집 및 이요에 관한 동의서○ 주민등록등본 1부○ 성적증명서 1부(2025년도 기준)○ 보호자 소득확인○ 재산(부동산) 소유 확인○ 학교장 추천서 1부(해당자만)○ 부채 증명서 1부(해당자만)○ 장애인증명서 또는 복지카드 사본 1부(해당자만)※ 자세한 사항은 첨부파일 또는 홈페이지 참고","https://www.dongnae.go.kr/index.dongnaemenuCd=DOM_000001111000000000","2026-07-13","2026-07-22"
"1123 ","한국장애인재활협회","KB두드림스타장학생","공공기관","장학금","장애인","해당없음","해당없음","해당없음","○ 중위소득 70% 이내","○ 교육/체육장학금 : 월 최대 40만원○ 음악/미술장학금 : 월 최대 50만원○ 단 6개월마다 성장컨설팅을 통해 재심사하여 지속여부 결정","○ 현재 중고등학교에 재학중인 청소년○ 교육/체육/음악/미술에 재능이 있거나 꿈을 가진 장애가정 청소년○ 장애 청소년 또는 부모/ 조부모 및 형제 등 가족이 장애가 있는 비장애 청소년※ 자세한 사항은 첨부파일 또는 홈페이지 참고","해당없음","○ 본인장애청소년/ 내·외부 수상 실적이 있는 청소년 가산점 부여","○ 6명","해당없음","해당없음","○ 신청서○ 개인정보 수집이용 및 활용 동의서○ 주민등록등본○ 본인 또는 형제/ (조)부모의 장애인증명서 또는 복지카드 사본○ 수급자/차상위 증명서 혹은 건강보험료 납입 확인서○ 2023년 2학기 생활기록부 및 성적표○ 해당자 제출 서류※ 자세한 사항은 첨부파일 또는 홈페이지 참고","https://www.dodreamfund.com/","2024-05-14","2024-05-31"
"1124 ","재단법인 김해시미래인재장학재단","성적향상장학금","지자체(출자출연기관)","장학금","성적우수","해당없음","해당없음","해당없음","해당없음","○ 50만원","○ 중/하위권 (5등급이하) 고등학생 중 2024년 2학기 종합성적 등급이 2024년 1학기 종합성적과 비교하여 향상된 학생○ 관내 고등학교에 재학중인 자","○ 공고일 현재 보호자가 김해시에 만 1년 이상 거주하고 있는 자","○ 서류심사(1차심사) 결과 김해시미래인재장학재단 장학생심의위원  최종심의를 거쳐 대상자 최종 선발","○ 30명","○ 2021년부터 2024년 장학생으로 선발된 경우 신청 불가○ 주소기간 1년 내에 잠깐이라도 관외 진출한 사실에 있으면 제외○ 2024년 1학기 성적이 5등급을 초과(1~4등급)한 자","○ 학교장 추천","○ 장학생 지원서○ 장학생 추천서○ 개인정보동의서○ 성적증명서○ 재학증명서○ 부(모) 주민등록초본○ 주민등록등본○ 보호자 통장사본※ 자세한 사항은 첨부파일 또는 홈페이지 참고","http://www.ghjanghak.kr/","2025-02-03","2025-02-21"
"1125 ","재단법인 파주시행복장학회","재능장학생","지자체(출자출연기관)","장학금","특기자","해당없음","해당없음","해당없음","해당없음","○ 100만원","○ 관내 소재 학교 학생○ 2025년도 인문/사회/과학/예체능의 국제대회나 전국 국내대회에서 3위이상/ 시 또는 도 대회에서 1위로 수상한 실적이 있는 학생","○ 장학생 선발 공고일 현재 주민등록상 부/모 세대주와 학생이 3년 이상 파주시에 계속 거주하고 있는 시민의 자녀","※ 기관확인필요","○ 15명","해당없음","○ 관련단체장 추천 필요","○ 장학금 지급대상자 추천서○ 장학금 신청서○ 개인정보 제공 동의서○ 가족관계증명서○ 수상 실적 증빙서류※ 자세한 사항은 첨부파일 또는 홈페이지 참고","http://www.happypaju.or.kr","2026-02-02","2026-03-10"
"1126 ","재단법인청양사랑인재육성장학회","예체능장학","지자체(출자출연기관)","장학금","특기자","해당없음","1학년2학년3학년제한없음","○ 직전학년 예체능부분 성적이 전국규모대회에서 3위이상 입상한 자와 체육부문은 도 대회 1위 입상자※ 체육종목은 광역시·도 체육대회/ 대한체육회 국내종합대회 경기종목에 한함","○ 해당없음","○ 40만원","○ 군내 초/중/고대학 재학생 및 군내 초등학교나 중학교 또는 고등학교를 졸업한 군외 중/고/대학생","○ 장학생 선발 공고일 1년전부터 계속하여 부모 또는 본인이 청양군에 주소를 두고 거주한 자","※ 기관확인필요","※ 기관확인필요","○ 신청일 현재 휴학생 및 휴학예정자○ 이장자녀장학금/ 새마을지도자녀장학금/ 의용소방대원자녀장학금 수혜자/ 농업인자녀 학자금 등 장학금 중복 수혜○ 재학 중 학교폭력 등으로 징계를 받은 사실이 있는 자※ 자세한 사항은 첨부파일 또는 홈페이지 참고","해당없음","○ 장학금지원신청서○ 개인정보동의서○ 재학증명서○ 입상증명서류(직전학년)○ 주민등록등본○ 군내 초·중 졸업증명서(관외 재학생)※ 자세한 사항은 첨부파일 또는 홈페이지 참고","http://www.cylove.kr","2026-03-03","2026-03-31"
"1127 ","(재)고창군장학재단","장학생(성적우수)","지자체(출자출연기관)","장학금","지역연고","해당없음","해당없음","○ 전과목 평점 평균이 석차등급을 산출하는 과목은 평균 3등급 이내 산출하지 않는 과목은 원점수 평균 80점 이상※ 자세한 사항은 첨부파일 또는 홈페이지 참고","해당없음","○ 50만원","해당없음","○ 본인 또는 보호자의 주민등록이 1년이상 계속하여 고창군으로 되어있는 학생○ 고창군 관내학교(초중고)의 재학생※ 자세한 사항은 첨부파일 또는 홈페이지 참고","○ 성적 60% 생활정도 40%","○ 60명","○ 학교에서 징계(제적 및 정학) 처분을 받은 사실이 있는 학생○ 학생의 본분을 벗어난 행동으로 사회적 몰의를 야기한 학생○ 기타 장학금 지급이 부적당하다고 이사장이 인정할 때※ 자세한 사항은 첨부파일 또는 홈페이지 참고","해당없음","○ 장학생 신청서○ 개인정보제공동의 및 활용승낙서○ 주소확인 증빙서류 ○ 통장사본○ 재학증명서○ 건강보험 납부확인서○ 성적증명서※ 자세한 사항은 첨부파일 또는 홈페이지 참고","https://www.gochang.go.kr/","2025-10-27","2025-11-14"
"1128 ","재단법인 증평군민장학회","바른 인성 장학금","지자체(출자출연기관)","장학금","해당없음","해당없음","해당없음","해당없음","해당없음","○ 40만원","○ 효행/선행/ 봉사활동 등 품행이 단정하고 인성이 우수한 자","○ 공고일 현재 증평군 관내 고등학교 재학중인 자","○ 선발기준에 의거 장학생선발심의위원회에서 선발","○ 12명※ 자세한 사항은 첨부파일 또는 홈페이지 참고","○ 2026년 증평군민장학회의 다른 장학금을 수혜받는 자○ 2025년 중 휴학자/군입대자/졸업예정자○ 소속 학교에서 퇴학/휴학 및 징계처분을 받은 자※ 자세한 사항은 첨부파일 또는 홈페이지 참고","○ 관내 고등학교장 추천","○ 장학생 신청서○ 장학생 추천서○ 서약서○ 주민등록등본 또는 가족관계증명서○ 통장사본※ 자세한 사항은 첨부파일 또는 홈페이지 참고","https://www.jp.go.kr/","2026-03-06","2026-03-16"
"1129 ","재단법인김제사랑장학재단","꿈키움장학금","지자체(출자출연기관)","장학금","지역연고","해당없음","해당없음","해당없음","○ 생활 형편 자격 기준에 해당되는 자※ 자세한 사항은 첨부파일 또는 홈페이지 참고","○ 100만원","○ 김제 관내 고등학교 재학생으로○ 적성과 소질을 개발하여 꿈을 실현하고자 자기 계발을 통해 재능을 키우고 있는 사람○ 전년도 국제 및 전국 대회 3위 이내 수상자로 생활형편이 어려운 사람○ 농업관련 고등학교에 재학하면서 농업의 꿈을 키우는 학생으로 학업성젹이 우수하거나 생활 형편이 어려운 사람※ 자세한 사항은 첨부파일 또는 홈페이지","○ 장학생 선발 공고일 기준 김제시에 1년 이상 주소를 두고 거주하는 김제시민의 자녀","○ 재능키움 : 생활형편 50% + 자기계발 계획서 50%○ 예체기능 : 성적 또는 특기 50% + 생활형편 50%○ 농업꿈나무 : 성적 또는 특기 50% + 생활형편 50%※ 자세한 사항은 첨부파일 또는 홈페이지 참고","○ 신청자 수 및 지급 예산을 감안하여 장학생 선발 심의위원회에서 결정함","※ 자세한 사항은 첨부파일 또는 홈페이지 참고","해당없음","○ 장학생 지원서○ 개인정보제공동의 및 활용승낙서○ 주민등록초본/주민등록등본/가족관계증명서○ 장학금 지급통장 사본○ 건강보험료 납부확인서 또는 자격득실 확인서 부모학생 각각 1부○ 신청 분야에 따라 필요 서류 제출※ 자세한 사항은 첨부파일 또는 홈페이지 참고","http://www.gimjelove.kr","2026-04-06","2026-04-10"
"1130 ","여주시 인재육성장학회","특기","지자체(출자출연기관)","장학금","지역연고","해당없음","해당없음","해당없음","해당없음","○ 100만원","○ (특기우수장학생) 2025년도 광역시/도 단위이상 공공기관이 주최하는 예술/ 체육/기능 등의 대회에서 3위 이상 입상자","○ 보호자나 본인이 계속하여 공고일 현재 여주에 거주하고 있으며 거주한 기간 합산이 총 3년 이상인 학생","※ 기관확인필요","○ 특기우수장학생 12명/ 여주장학생은 해당자 선발로 인원 미정","○ 1세대 1명에 한하여 지급○ 장학금을 지급받는 동안 주소요건을 유지해야 함※ 자세한 사항은 첨부파일 또는 홈페이지 참고","○ 학교장 추천","○ 장학금지원신청서 및 개인정보동의서○ 주민등록초본○ 가족관계증명서○ 재학증명서○ 특기실적증명서○ 통장사본○ 기타 생계곤란 관련 증명서※ 자세한 사항은 첨부파일 또는 홈페이지 참고","https://www.yeojulove.or.kr/","2026-03-09","2026-03-31"
"1131 ","재단법인 목포인재육성재단","희망장학생(만학도)","지자체(출자출연기관)","장학금","지역연고","해당없음","해당없음","해당없음","해당없음","○ 20만원","○ 목포제일정보고 / 목포고부설방송통신고 학교장 추천","○ 공고일 현재 목포시에 1년이상 주소를 둔 학생","※ 기관확인필요","○ 20명 (중고등학생 포함 인원)※ 장학금별 선발인원은 예산규모에 맞게 탄력적으로 운영영","○ 2026년 전남인재평생교육진흥원 장학금 수령자 제외○ 1가구 1명 선발○ 재학기간 중 1회만 지원","○ 학교장 추천","○ 목표인재육성재단 장학금 신청서○ 신청인 서약서○ 개인정보 수집이용 및 제공조회 동의서○ 주민등록등본○ 가족관계증명서○ 건강보험 자격확인서 및 건강보험료 납부확인서○ 재학증명서○ 통장 사본○ 학교장 추천 공문※ 자세한 사항은 첨부파일 또는 홈페이지 참고","http://www.mokposaf.com/","2026-05-26","2026-06-12"
"1132 ","재단법인 대구광역시인재육성장학재단","선행봉사 장학금","지자체(출자출연기관)","장학금","기타","해당없음","해당없음","해당없음","해당없음","○ 100만원","○ 사회적 귀감이 되는 선행 및 봉사활동을 적극적으로 한 고등학생","해당없음","○ 학교 및 시설에서 장학생 선발 심사위원회를 개최하여 시교육청 담당부서로 학생 추천 후 시교육청 담당부서에서 적부심사위원회 개최하여 선발○ 선행봉사 장학금 담당부서 : 중등교육과","○ 4명","○ 장학금 수령자가 학업을 중단(휴학자퇴)할 때○ 징계처분을 받았거나 품행이 불량할 때○ 중복 지원 제외 (2025년 대구인재육성장학재단 장학금 기지원자 제외)※ 자세한 사항은 첨부파일 또는 홈페이지 참고","○ 학교장 추천서","○ 학교장추천서○ 개인정보 수집이용 동의서○ 사유서 (학교 세외계좌일 경우만 제출)○ 통장사본※ 자세한 사항은 첨부파일 또는 홈페이지 참고","https://www.dge.go.kr ","2025-09-19","2025-10-24"
"1133 ","순천시인재육성장학회","청향(서정현)장학금","지자체(출자출연기관)","장학금","지역연고","해당없음","해당없음","해당없음","해당없음","○ 400만원","○ 선발 공고일 현재 순천시에 주민등록을 두고 5년 이상 계속 거주하고 있는 자로 사리사욕 없이 지역사회를 위해 10년 이상 헌신/봉사하고 있는 지역사회봉사자의 자녀 1명","○ 공고일 현재 보호자(부 또는 모/후견인) 또는 학생 본인이 순천시에 주민등록을 두고 6개월 이상 계속 거주 하고 있는 고등학생","※ 자세한 사항은 첨부파일 또는 홈페이지 참고","○ 2명 (초등~대학생 포함 인원)","○ 1가구 1인※ 자세한 사항은 첨부파일 또는 홈페이지 참고","○ 주소지 읍/면/동장 추천","○ 순천시인재육성장학금 신청서○ 개인정보 수집·이용 및 제공·조회 동의서○ 주민등록등본○ 가족관계증명서○ 재학증명서○ 통장사본○ 추천서○ 사회봉사 실적 인증서(봉사자)○ 공적조사 및 공적 요약서○ 현지조사 확인서(필요 시)※ 자세한 사항은 첨부파일 또는 홈페이지 참고","http://www.scij.kr/","2025-09-29","2025-10-24"
"1134 ","사단법인 고령군교육발전위원회","학업능력우수장학생","지자체(출자출연기관)","장학금","지역연고","해당없음","해당없음","○ 학년별 재학생 학업능력이 5/100 이내인 학생","해당없음","○ 1인당 100만원","해당없음","○ 고령군 관내 고등학교에 재학 중인 학생","※ 기관확인필요","※ 기관확인필요","※ 자세한 사항은 첨부파일 또는 홈페이지 참고","○ 재학 고등학교장 추천에 의하여 신청·접수","○ 장학생 추천서○ 학업능력 우수 증빙서류○ 통장사본※ 자세한 사항은 첨부파일 또는 홈페이지 참고","http://www.gredu.or.kr","2026-02-19","2026-02-25"
"1135 ","(사)개벽장학회","꿈드림(복지) 장학생","기타","장학금","소득구분","해당없음","해당없음","해당없음","○ 기초생활법상 수급자/ 차상위 계층/ 경제적으로 어려운 학생/ 읍·면·동장의 추천을 받은 학생 중 해당자","○ 장학금 총 금액 2천만원 지원(생활비성 장학금)","○ 고등학교 재학생○ 학교생활에 충실한 자","○ 공고일 기준 본인 또는 보호자가 전라북도에 3년 이상 주민등록 주소지를 두고 거주하고 있는 자","○ 장학생 선발심사위원회 1차 심의를 거쳐 장학회 의사회 의결로 장학생 최종 선발 결정","○ 총 26명(개벽장학회 하반기 장학생 전체 인원)","○ 학교로부터 징계(정학/제적 등) 처분을 받은 학생○ 학생으로서 현저하게 어긋난 행동으로 사회적 물의를 일으킬 경우○ 그 밖에 장학금의 지급결정을 취소할  필요가 있다고 인정될 경우","○ 학교장 또는 거주지 읍·면·동장의 추천","○ 장학생 신청서○ 장학생 추천서○ 건강보험료납부확인서 (해당자)○ 꿈드림 장학생 대상자 가정임을 증명하는 서류 (해당자)○ 주민등록초본○ 가족관계등록부○ 개인정보 수집 이용 조회 제공 등에 대한 동의서※ 자세한 사항은 첨부파일 또는 홈페이지 참고","http://www.kaebyok.co.kr/view/index","2025-11-17","2025-11-20"
"1136 ","재단법인 수원시장학재단","사랑장학생","지자체(출자출연기관)","장학금","기타","해당없음","해당없음","해당없음","해당없음","○ 70만원","○ 다문화 가정의 학생","○ 공고일 현재 2년이상 계속하여 수원시에 주민등록을 두고 거주하는 수원시 소재한 고등학교에 재학 중인 학생","※ 기관확인필요","○ 11명 ※ 자세한 사항은 첨부파일 또는 홈페이지 참고","○ 1가구 1명 선정○ 장학생 선발 및 지급관련 서류에서 부정한 방법으로 선발 된 경우에는 장학생 선발 취소 및 장학금을 환수 조치 할 수 있음※ 자세한 사항은 첨부파일 또는 홈페이지 참고","○ 학교장 추천","○ 추천공문○ 사랑장학금 신청서○ 주민등록 초본○ 통장사본○ 개인(신용)정보 수집/이용/제공 및 조회 동의서※ 자세한 사항은 첨부파일 또는 홈페이지 참고","https://suwon4u.or.kr/v","2026-09-07","2026-09-14"
"1137 ","한국중부발전 보령발전본부","보화장학금(성적우수자예체능특기자)","공공기관","장학금","지역연고","해당없음","해당없음","○ 성적우수자○ 9등급제 대상자: 가중평균 4등급 이내○ 5등급제 대상자: 가중평균 2등급 이내","해당없음","○ 80만원","○ 성적우수자: 상기 성적기준 충족○ 예체능특기자: 공신력있는 주최기관 시대회 1위/도대회 2위 이내/전국대회 3위 이내○ 수상 인정기간: 2024.9.10 ~ 2025.9.15","○ 오천/주교/주포/천북면 및 웅천읍 성동 1~3리에 실제 거주하는 주민 및 주민의 자녀 중 주민등록초본상 2024.9.15 이전 전입자","※ 기관확인필요","※ 기관확인필요","○ 당사 직원 및 직원 자녀○ 1/2학기 모두 휴학한 학생○ 공무원 수당 등에 관한 규정에 의해 자녀의 학비 보조 수당을 받고 있는 공뭔의 자녀○ 타 장학금 수혜자 중 장학금을 지급한 기관에서 중복 수혜를 금지하는 경우※ 자세한 사항은 첨부파일 또는 홈페이지 참고","해당없음","○ 장학금 신청서○ 장학금 신청을 위한 개인정보 수집·이용·제공 동의서○ 서약서○ 재학증명서○ 입금통장 사본○ 거주기간 확인용 서류: 주민등록초본 / 가족관계증명서○ 직전학기 성적증명서 담임확인서 (성적우수자)○ 입상 증빙 서류 (예체능 특기자)※ 자세한 사항은 첨부파일 또는 홈페이지 참고","https://www.komipo.co.kr","2025-09-15","2025-09-29"
"1138 ","재단법인 전남인재평생교육진흥원","학교 밖 청소년 장학생","지자체(출자출연기관)","장학금","해당없음","해당없음","해당없음","○ 해당없음","○ 소득인정액 기준 중위소득 150% 이하","○ 100만원※ 학업장려금(생활비 재능개발비 등 등록금 이외의 교육비)으로 이중수혜 가능","해당없음","○ 공고일 기준 학생 본인 또는 보호자(부 또는 모 후견인)가 1년 이이상 전라남도에 주민등록 되어 있는 학생","○ 소득(50%) 에세이(50%) 지역공헌활동(가점 10점) 평가○ 진흥원 심사(서류) > 장학위원회 심사(에세이) 결정","○ 25명(도내 학교 밖 청소년)","※ 1가구 2명 이상이 선발대상자일 경우 1인만 선발※ 자세한 사항은 첨부파일 또는 홈페이지 참고","○ 전남 도내 학교밖청소년지원센터 등의 기관장 추천서","○ 장학금신청서 1부○ 주민등록등본 1부○ 가족관계증명서○ 재학증명서 1부○ 개인정보 수집 이용 및 제공 조회 동의서 1부○ 신청인 서약서※ 자세한 사항은 첨부파일 또는 홈페이지 참고","https://www.jntle.kr/main","2026-04-17","2026-05-15"
"1139 ","(재)보성군장학재단","아름드리장학생","지자체(출자출연기관)","장학금","지역연고","해당없음","해당없음","○ 인문계고※ 신입생: 중학교 3학년 전체 학기 성적 상위 10% 이내※ 재학생: (재)보성군장학재단 아름드림 장학생으로 기 선정된 학생이며 직전 학기 성적 상위 10% 이내 또는 모의고사(평가) 3등급 이내","해당없음","○ 100만원(고등학교 재학 3년간 매년 지급)","○ 타 지역 중학교 졸업생 중 우수 학생이 관내 고등학교에 진학한 자※ 자세한 사항은 첨부파일 또는 홈페이지 참고","○ 공고일 현재 본인이 보성군에 주소를 두고 실제 거주하고 있는 자","○ 성적 90% 에세이 10%※ 자세한 사항은 첨부파일 또는 홈페이지 참고","○ 관내 고등학교 입학생 24명 (인원은 탄력적 운영)○ 인문계고: 24명","○ 중복 신청 불가※ 자세한 사항은 첨부파일 또는 홈페이지 참고","○ 학교장 추천","○ 장학금지원 신청서○ 주민등록등본○ 가족관계증명서○ 직전학기 성적증명서○ 졸업증명서(중학교)○ 장학생 추천서○ 신청인 서약서○ 개인정보 수집·이용 및 제공·조회 동의서○ 통장사본○ 에세이○ 기타 가점서류※ 자세한 사항은 첨부파일 또는 홈페이지 참고","http://www.boseong.go.kr/","2026-03-17","2026-03-31"
"1140 ","강원랜드사회공헌위원회","멘토링장학하이디","기타","장학금","지역연고","해당없음","해당없음","해당없음","※ 아래 3개 소득기준 중 1개 이상 충족하는 자○ 기초생활수급자○ 차상위계층○ 일반 저소득층(중위소득 120%이하)○ 갑작스러운 가정·경제 위기상황(모집일 기준 1년 이내)","○ 240만원※ 연 2회 분할지급/ 강원랜드 에듀카드(전용 체크카드) 개별 발급","○ 대학생 멘토와 매주 온라인 멘토링 필수 참여○ 월 1회 성장 포트폴리오 필수 작성성○ 장학생 성장 프로그램 참여","○ 전국 폐광지역 소재 고등학생 (정선/태백/영월/삼척/문경/보령/화순)","※ 기관확인필요","※ 기관확인필요","○ 장학생 활동 기간 중 타 장학금 100만원 이상 수혜자 신청 불가 (학비 장학금 제외)","○ 교육지원청(학교장)추천※ 개인신청 불가","○ 장학생 신청서○ 자기소개서○ 경제상황/위기상황황 증빙서류○ 개인정보 수집 및 이용 동의서※ 자세한 사항은 첨부파일 또는 홈페이지 참고","http://csr.high1.com","2025-04-21","2025-05-08"
"1141 ","(재)고창군장학재단","장학생(성적향상)","지자체(출자출연기관)","장학금","지역연고","해당없음","해당없음","○ 전년도 성적대비 성적 향상된 학생","해당없음","○ 30만원","해당없음","○ 본인 또는 보호자의 주민등록이 3년이상 계속하여 고창군으로 되어있는 학생○ 고창군 관내학교(초중고)의 재학생","※ 기관확인필요","○ 20명","○ 학교에서 징계(제적 및 정학) 처분을 받은 사실이 있는 학생○ 학생의 본분을 벗어난 행동으로 사회적 몰의를 야기한 학생○ 기타 장학금 지급이 부적당하다고 이사장이 인정할 때※ 자세한 사항은 첨부파일 또는 홈페이지 참고","○ 학교장 추천필요","○ 장학생신청서 1부(붙임 1) ○ 개인정보제공동의 및 활용승낙서 1부○ 주소확인 증빙서류: 주민등록초본(주소이력 포함)○ 부 모/ 학생의 주민등록이 따로 되어 있을 경우 각각의 주민등록등본과 가족관계증명서(학생기준) 제출○ 통장사본 1부 (부모 우선 또는 학생)○ 재학증명서(공고일로부터 1개월 이내) 1부※ 자세한 사항은 첨부파일 또는 홈페이지 참고","https://www.gochang.go.kr/","2024-10-23","2024-11-08"
"1142 ","(재)한국태양유전교통사고유자녀장학회","장학생","기타","장학금","기타","해당없음","해당없음","해당없음","해당없음","○ 180만원(1년에 2회 나누어 지급)","○ 교통사고유자녀 또는 교통사고로 부양 능력이 없는 자의 자녀로서 품행이 단정하고 장래가 촉망되는 자","○ 경상남도 내 소재 고등학교 재적","○ 전년도 기수혜자 우선 선발 ○ 교통사고 사망 및 중증자애인 우선 선발 ○ 지방세 세목별과세증명서에 의하여 과세액이 소액인자부터 우선 선발","○ 0명","○ 단순 교통사고 또는 학생본인사고","해당없음","○ 장학금지급신청서○ 교통사고사실확인원○ 가족관계증명서○ 장애인증명서(해당자)○ 재학증명서(요청시)○ 지방세세목별 과세증명서(요청시)○ 학생본인통장사본※ 자세한 사항은 첨부파일 또는 홈페이지 참고","http://tyjanghak.co.kr","2026-03-03","2026-03-31"
"1143 ","아이들과 미래재단","LH주거복지 장학생","기타","장학금","기타","해당없음","해당없음","해당없음","○ 기준 중위소득 100% 이하의 저소득 가정 고교생","○ 100만원","○ 거주지 인근의 LH단지 내 사회복지 유관시설에서 사례관리 가능한 아동만 신청가능","해당없음","※ 기관확인필요","○ 91명","○ 분양전환 임대주택 입주민 제외○ 최근 5년 이내 LH 장학금 수혜대상자 제외","해당없음","○ 지원신청서○ 개인정보 활용동의서○ 재학증명서○ 주민등록등본 ○ 가족관계증명서○ 법정저소득층 증명서○ 건강보험자격확인서○ 건강보험료 납부 확인서※ 자세한 사항은 첨부파일 또는 홈페이지 참고","https://www.kidfuture.or.kr","2023-11-13","2023-11-24"
"1144 ","한국수력원자력(주)","고리원자력본부장학(특별장학생)","공공기관","장학금","지역연고","해당없음","해당없음","해당없음","○ 기초생활수급자/한부모가정/차상위본인부담경감대상자","○ 70만원 1회성 포상성격의 생활지원금 명목","※ 자세한 사항은 첨부파일 또는 홈페이지 참고","○ 기장군 관내에 거주하며 발전소 주변지역 고등학교(부산장안고등학교/장안제일고등학교)에 재학중인 고등학생 또는 발전소 주변지역(기장군 장안읍/일광읍) 거주 고등학생","○ 신청자격 충족 시 전원 선발○ 배점표(접수인원 초과 시 적용) 원천소재지 및 반경 5km 이내 거주 40점/거주기간 30점/평점평균 30점","○ 40명","※ 기관확인필요","○ 주변지역 소재학교 재학생인 경우 학교장 추천서 필요","○ 공통서류 신청자 가족의 건강보험 자격득실확인서 가족관계증명서 신청자 본인 통장 사본 신분증 사본 각서※ 자세한 사항은 첨부파일 또는 홈페이지 참고","http://www.khnp.co.kr/","2026-07-27","2026-07-31"
"1145 ","울산광역시 남구장학재단","우듬지 인재 키움 사업 영재 장학생","지자체(출자출연기관)","장학금","해당없음","해당없음","해당없음","※ 자세한 사항은 첨부파일 또는 홈페이지 참고","○ 다자녀 가정","○ 300만원","※ 자세한 사항은 첨부파일 또는 홈페이지 참고","○ 공고일 기준 가족의 전부 또는 일부가 울산 남구에 1년이상 거주(주민등록기준)○ 울산 남구 소재 초중고등 중 1개교 이상 졸업한 학생","○ 심사 면접","○ 15명(중고대학생 및 학교밖청소년)","○ 휴학생","※ 자세한 사항은 첨부파일 또는 홈페이지 참고","○ 지원신청서○ 자기소개서○ 자기계발게획서※ 자세한 사항은 첨부파일 또는 홈페이지 참고","https://www.unsf.or.kr","2025-06-04","2025-06-13"
"1146 ","사천시인재육성장학재단","성적향상장학생","지자체(출자출연기관)","장학금","지역연고","해당없음","해당없음","○ 성적 10%이상 향상자","해당없음","○ (20% 이상 향상) 50만원○ (10% 이상 ~ 20% 미만 향상) 20만원","○ 해당 연도 관내 고등학교 재학생","○ 공고일 기준 사천시에 주소를 둔 자","○ 서류심사 후 재단이사회의 최종 심의·결정○ 전 과목(또는 국·영·수) 평균 또는 석차 비교○ 학년 또는 학기 비교","※ 당해 연도 예산 범위에서 인원 제한※ 기관확인필요","○ 지급 유형별 중복신청 불가(예체능 장학금은 제외)○ 2025년 사천시 타 부서 장학금 수혜자○ 타지역 학교로 전학하거나 퇴학/자퇴할 경우 지급 중지○ 징계처분 받은 자※ 자세한 사항은 첨부파일 또는 홈페이지 참고","○ 재학중인 고등학교장 추천","○ 장학생 추천서○ 장학생 서약서○ 개인정보 수집·이용 및 제공·조회 동의서○ 주민등록표초본 (주소이력 및 주민등록번호 전체 포함)※ 자세한 사항은 첨부파일 또는 홈페이지 참고","http://www.sacheon.go.kr","2025-01-20","2025-01-24"
"1147 ","(재)보성군장학재단","희망나래장학생","지자체(출자출연기관)","장학금","특기자","해당없음","해당없음","해당없음","해당없음","○ 전국단위대회 이상/보성소리축제 : 1위 70만원 2위 60만원 3위 50만원○ 도단위대회/전국연합회 및 연맹대회 : 1위 60만원 2위 50만원 3위 40만원※ 학업장려금으로 이중수혜 가능","○ 신청일 기준 1년 이내에 음악·미술·무용·기능올림픽·체육·문학 등 예체능과 관련하여 국제대회·광역자치단체 이상의 단체나 기관에서 주관한 전국대회 또는 도 단위 대회에서 3위 이내의 성적을 거둔 학생","○ 본인 및 부모(친권자)가 공고일 현재 보성군에 1년 이상 주소를 두고 실제 거주하고 있는 세대의 손자녀로 중고등학생은 보성군에 주소를 두고 있어야 함","○ 동점일 경우 대회 규모/순위/수상 횟수 순으로 선정○ 국가 유공자 자녀/장애인 및 그 자녀 1점 가점","○ 12명(중고등학생)","○ 개인별 중복지원 불가","○ 해당 학교장 추천","○ 장학금 지원 신청서○ 주민등록등본○ 가족관계증명서○ 장학생 추천서○ 건강보험료 납부확인서 및 건강보험 자격확인서○ 신청인 서약서○ 개인정보 수집·이용 및 제공·조회 동의서○ 통장사본○ 에세이○ 기타 가점서류○ 수상실적 증명서(상장)※ 자세한 사항은 첨부파일 또는 홈페이지 참고","http://www.boseong.go.kr/","2026-03-17","2026-03-31"
"1148 ","시흥시인재양성재단","희망장학생","지자체(출자출연기관)","장학금","지역연고","해당없음","해당없음","○ 고 2.3학년: 직전 학년 전 과목(원점수) 평균 50점 이상○ 장애인(학생)은 성적심사 제외","○ 기초생활수급자·차상위계층·한부모가정의 자녀","○ 100만원","○ 관내 고등학교 재학생 중 소득요건 및 성적요건 등 기본자격 요건 충족한 자○ 소속 고등학교가 시흥시 관내에 없는 예·체·기능 학교일 경우 인정(공문서 등 확인 필요)","○ 공고일 기준 학생 또는 법정보호자의 주민등록초본 상 시흥시에서 1년 이상 연속거주","○ 소득심사 60점/ 성적 심사 30점/ 거주기간 심사 10점○ 동점자 처리기준 : 기초생활수급자·차상위계층/ 한부모가족·장애인(학생)/ 공고일 기준 시흥시 연속 거주기간","○ 중고등 50명","○ 당해연도 1가정 2자녀 이상 장학금 수혜 불가○ 학교에서 징계처분을 받은 자○ 관외 이사○ 동일한 성적증명서로 장학금을 수혜한 자","해당없음","○ 가족관계증명서(상세)○ 주민등록초본○ 재학증명서○ 기초생활수급자 증명서/차상위계층 확인서/법정 한부모가족 증명서 중 택1○ 직전 학년 전체 성적증명서○ 장애인증명서(해당자)※ 자세한 사항은 첨부파일 또는 홈페이지 참고","https://www.shinjae.or.kr/","2025-04-24","2025-05-15"
"1149 ","송파월드장학재단","성적우수 장학생","기타","장학금","해당없음","해당없음","해당없음","○ 전교 상위 10%이내인 학생 중 근면하고 성실하여 타의 모범이 되는 학생","해당없음","○ 50만원","○ 서울특별시 송파구 관내 학교에 재학중인 고등학생 또는 그에 준하는 곳에 재적중인 학생 및 성적우수자 ","○ 공고일 기준 학생 본인 또는 보호자가 서울특별시 송파구에 6개월 이상 거주","○ 추천권자 추천 또는 사무국 접수○ 실태조사 / 서류심사 등","○ 0명","※ 기관확인필요","○ 학교장이나 기타기관(주민센터장등)의 추천","○ 장학금 신청서(추천기관장의 직인 날인)○ 개인정보 수집/이용/제공/조회 동의서○ 장학생의 주민등록등본○ 재학증명서○ 통장사본(학부모명의 계좌)○ 성적을 증명할 수 있는 서류※ 자세한 사항은 첨부파일이나 홈페이지 참고","songpaworld.co.kr","2026-03-10","2026-03-26"
"1150 ","재단법인 구미시장학재단","다자녀장학금","지자체(출자출연기관)","장학금","지역연고","해당없음","해당없음","○ 직전학년 성적이 100분의 30이내","○ 해당없음","○ 50만원","○ 관내 고등학교 재학생 중 다자녀(3명이상) 가정 자녀※ 장학금 지급은 1가구당 1명에 한함","○ 공고일 현재 본인 또는 구미시에 1년 이상 주소를 두고 있는 시민의 자녀 중 관내 고등학생","○ 학교장 추천 선발","○ 21명(관내 21개 고등학교/학교별 1명 추천)","○ 1인당 1종류의 장학금 신청만 가능○ 26년 서울 구미학숙 입사생은 선발대상에서 제외","○ 학교장 추천","※ 기관확인필요","http://www.gumi/go.kr","2026-04-27","2026-05-08"
"1151 ","재단법인 금산교육사랑장학재단","재능장학금","지자체(출자출연기관)","장학금","특기자","해당없음","해당없음","해당없음","해당없음","○ 100만원","○ 2025년도에 예체능 또는 기능 분야에서 해당 학교장이 정하는 기준 이상의 성적을 거둬 소속 학교장의 추천을 받은 학생","○ 공고일 기준 1년 전부터 현재까지 보호자의 주민등록이 금산군으로 되어있는 자○ 관내 고등학교에 재학중인 학생","○ 관내 고등학교 선발인원 배정 후 학교장 추천에 의한 선발","○ 18명","※ 기관확인필요","○ 학교장 추천","○ 장학금 지원신청서○ 서약서○ 개인정보동의서○ 소속 학교 재학증명서○ 보호자의 주민등록등본○ 학생통장 사본○ 학교장 추천서※ 자세한 사항은 첨부파일 또는 홈페이지 참고","http://geumsanedu.or.kr/","2025-03-24","2025-03-28"
"1152 ","재단법인청도군인재육성장학회","희망장학생","지자체(출자출연기관)","장학금","지역연고","해당없음","해당없음","○ 해당없음","○ 기초생활 수급자/ 법정차상위 계층/ 한부모 가족","○ 60만원","○ 해당없음","○ 공고일 현재 청도군 관내 고등학교 재학생으로서 보호자 또는 학생 본인이 청도군에 1년 이상 계속하여주소를 두고 거주하고 있는 학생","※ 기관확인필요","○ 46명 (금쳔고 2명/ 모계고 13명 / 이서고 13명/ 청도고 11명/ 경북드론고 7명)","○ 해당없음","○ 학교장의 추천 필요","○ 장학금지원신청서○ 재학증명서○ 장학금 수혜(비수혜)확인서○ 주민등록등본(보호자)/ 주민등록초본(학생) ○ 가족관계증명서○ 개인정보 수집·이용·제공 동의서○ 희망 장학생 추천서○ 저소득 증빙서류※ 자세한 사항은 첨부파일 또는 홈페이지 참고","https://www.cheongdo.go.kr","2026-03-16","2026-04-06"
"1153 ","재단법인구지면장학회","장학생","지자체(출자출연기관)","장학금","지역연고","해당없음","해당없음","해당없음","해당없음","○ 100만원","○ 학업성적이 우수하거나 예·체·기능의 특기가 있으며 경제적 이유로 수학이 곤란한 자","○ 달성군 구지면에 주소를 3년 이상 계속 두고 거주하고 있는 면민과 그의 자녀 (주민등록만 되어 있고 실제 거주하지 않는 경우 제외)","○ 학교장이 선발 추천(심사 제외)※ 재단이 학교측에 장학생을 추천받아 선발하는 장학금으로 자세한 사항은 학교 장학부서에 문의","○ 2명","※ 기관확인필요","○ 학교장 추천","○ 장학생 선발신청서○ 학교장 추천서○ 면장·이장추천서○ 주민등록등본 및 초본(주소이력 포함)○ 성적증명서○ 교육비 납입증명서○ 2025년 지방세 세목별과세증명서(부모 모두)○ 건강보험료 납부영수증(공고일 이전 3개월/부모 모두)○ 개인정보 수집·이용·제공 및 조회 동의서○ 신청인 서약서○ 관내 초·중학교 졸업생일 경우 졸업장 또는 졸업증명서○ 기타 필요한 서류※ 자세한 사항은 첨부파일 또는 홈페이지 참고","https://www.dalseong.daegu.kr/","2026-03-03","2026-03-13"
"1154 ","청송양수발전소장학회","성적우수장학생","기타","장학금","지역연고","해당없음","해당없음","○ 직전학기 성적 3.0 이상인 자","해당없음","○ 100만원","※ 기관확인필요","○ 공고일 기준 대상지역 실거주기간이 연속 2년 이상인 주민의 자녀○ 대상지역 : 청송읍/ 파천면 / 안덕면/ 길안면 (발전기 및 댐으로부터 반지름 5km 이내의 읍·면 지역)","○ 성적순 선발○ 성적 순에 한하여 사회적 배려 전형을 우선 선발 후 일반 성적우수자 순으로 선발","○ 60명 (사회적배려 / 성적우수 장학생 포함)○ 읍/면별로 인구비례 배분 선발","○ 대상지역 내 재학 중일지라도 대상지역 외 부모 거주 시 선정 불가※ 자세한 사항은 첨부파일 또는 홈페이지 참고","해당없음","○ 장학생 선발 신청서○ 주민등록등본○ 재학증명서○ 성적증명서○ 개인정보 수집·이용·조회·제공 동의서○ 신청자 또는 학생명의 통장사본※ 자세한 사항은 첨부파일 또는 홈페이지 참고","https:/www.cs.go.kr","2026-09-01","2026-09-14"
"1155 ","재단법인 춘천인재육성장학재단","플러스 클래스 화상영어 장학금","지자체(출자출연기관)","장학금","해당없음","해당없음","해당없음","해당없음","해당없음","○ 일반전형 17.5만원○ 사회적배려대상전형 35만원○ 다자녀전형 28만원※ 자세한 사항은 첨부파일 또는 홈페이지 참고","○ 2026년도~신청일까지 화상영어 3개월 이상 수강 경험이 있는 학생※ 타사 화상영어 수강이력도 인정되며 증빙 자료 제출 필요","○ 춘천시 관내 거주 중인 초/중/고등학생/학교밖 청소년","※ 기관확인필요","※ 기관확인필요","※ 기관확인필요","해당없음","※ 기관확인필요","http://www.ccbomnae.or.kr/","2026-04-17","2026-12-31"
"1156 ","금왕장학회","성적장학생","기타","장학금","지역연고","해당없음","해당없음","○ 신입생 : 중학교 내신석차 연명부 점수 280점 이상인 자○ 재학생 : 직전학년 과목별 석차등급 평균 3등급 이내인 자 (반도체고교의 경우 4등급 이내)","○ (우선선발) 기초생활수급자의 경우 성적 충족 시 우선선발","○ 100만원","○ 금왕읍 관내 고교(대금고)/ 음성군 관내 고교(반도체고/ 음성고/ 매괴고) 재학생","○ 공고일 현재 1년 이상 금왕읍에 거주하고 있는 읍민 또는 읍민의 자녀","○ 장학생은 심의위원회의 심의를 거쳐 이사회 의결 확정","○ 6명※ 대금고 학생 3명※ 반도체고/ 음성고/ 매괴고 각 1명","○ 음성장학회 장학금 수여자 중복신청 불가","○ 학교장 추천","○ 장학생 신청서/ 개인정보제공동의서○ 주민등록등본○ 통장사본○ 학교장 추천서 (공문으로 대체)○ (해당자) 기초생활수급자 증명서○ (신입생) 내신석차연명부○ (재학생) 생활기록부※ 자세한 사항은 첨부파일 또는 홈페이지 참고","http://eumseong.go.kr/","2026-02-05","2026-03-06"
"1157 ","(재)고창군장학재단","장학생(특기)","지자체(출자출연기관)","장학금","특기자","해당없음","해당없음","해당없음","해당없음","※ 개인/단체○ 전국대회 1~3위 이상 : 70만원 ~ 150만원○ 도 대회 1~3위 이상 : 50만원 ~ 100만원○ 군 대회 1위 : 50만원","※ 예술/체육분야○ 국가·지방자치단체/ 공공기관/ 분야별협회가 주최·주관하는 군 대회 이상의 경기·경연에서 수상한 학생 및 단체○ 수상내역 중 가장 최고위의 입상부문 최대2개(개인1 단체1)만 신청 가능※ 자세한 사항은 첨부파일 또는 홈페이지 참고","○ 본인 또는 보호자의 주민등록이 1년이상 계속하여 고창군으로 되어있는 학생○ 고창군 관내학교(초중고)의 재학생※ 자세한 사항은 첨부파일 또는 홈페이지 참고","○ 자격증 또는 수상실적※ 자세한 사항은 첨부파일 또는 홈페이지 참고","○ 00명(심사 후 확정)","○ 학교에서 징계(제적 및 정학) 처분을 받은 사실이 있는 학생○ 학생의 본분을 벗어난 행동으로 사회적 몰의를 야기한 학생○ 기타 장학금 지급이 부적당하다고 이사장이 인정할 때※ 자세한 사항은 첨부파일 또는 홈페이지 참고","해당없음","○ 장학생 신청서○ 개인정보제공동의 및 활용승낙서○ 주소확인 증빙서류 ○ 통장사본○ 재학증명서○ 예체분야 입상관련 자료 사본 ○ 기능분야 자격증 자료 사본※ 자세한 사항은 첨부파일 또는 홈페이지 참고","https://www.gochang.go.kr/","2025-10-27","2025-11-14"
"1158 ","빛고을장학재단","이주배경청소년 장학생","지자체(출자출연기관)","장학금","해당없음","해당없음","해당없음","해당없음","해당없음","○ 80만원","○ 다문화가족 / 고려인 / 북한이탈 주민 / 외국인 등의 자녀","○ 공고일 현재 1년 이상 광주광역시에 주민등록이 되어 있는 자로서 광주광역시 지역 내 소재 재학중인 고등학생","※ 기관확인필요","○ 11명","○ 이전에 빛고을장학금을 수혜받은 대상자○ 항목 간 중복지급하지 않음※ 자세한 사항은 첨부파일 또는 홈페이지 참고","○ 시(관련기관) 추천","○ 장학금 지원 신청서○ 재학증명서○ 주민등록등본○ 개인정보 수집·이용과 제공에 대한 안내 및 동의서○ 신청금 본인 예금통장 사본○ 분야별로 추천 대상임을 증빙할 수 있는 서류※ 자세한 사항은 첨부파일 또는 홈페이지 참고","https://www.gwangju.go.kr","2025-10-27","2025-11-07"
"1159 ","시흥시인재양성재단","예체능장학생","지자체(출자출연기관)","장학금","특기자","해당없음","해당없음","○ 해당없음","○ 해당없음","○ 150만원","○ 수상실적 인정 기준일 시단위 대회 이상 3위 이내 수상한 자○ 관내 고등학교 재학생○ 소속 고등학교가 시흥시 관내에 없는 예·체·기능 학교일 경우 인정(공문서 등 확인 필요)※ 자세한 사항은 첨부파일 또는 홈페이지 참고","○ 공고일 기준 학생 또는 법정보호자의 주민등록초본 상 시흥시에서 1년 이상 연속거주","○ 수상실적 심사 90점 + 거주기간 심사 10점○ 동점자 처리기준 : 공고일 기준 시흥시 연속 거주기간","○ 80명(초/중학생 포함)","○ 당해연도 1가정 2자녀 이상 장학금 수혜 불가○ 학교에서 징계처분을 받은 자○ 관외 이사○ 동일한 수상실적 증명서로 장학금을 수혜한 자","○ 학교장 추천","○ 가족관계증명서(상세)○ 주민등록초본○ 학교장 추천서○ 소속학교 재학증명서○ 수상실적 증빙서류○ 미래계획서○ 취약계층 증빙서류※ 자세한 사항은 첨부파일 또는 홈페이지 참고","https://www.shinjeae.or.kr","2026-04-13","2026-05-15"
"1160 ","진주시청","복지장학생","지자체(출자출연기관)","장학금","소득구분","해당없음","해당없음","○ 직전학기 평균 석차등급 6등급 이내","○ 법정저소득층 (기초생활보장가구/ 차상위가구/ 한부모가족)","○ 50만원","○ 공고일 기준 고등학교 재학중인 자","○ 공고일 기준 학생 또는 보호자가 진주시에 1년 이상 주소를 두고 계속하여 거주 중인 자","○ 대상자의 학업성적/ 가구유형/ 자녀수/ 대회성적/ 거주기간 등을 종합적으로 고려","○ 20명","해당없음","○ 학교장 추천","○ 장학생 선발 신청서○ 학교장 또는 읍면동장 추천서○ 재학증명서○ 주민등록초본○ 개인정보 수집 및 이용 동의서○ 성적증명서○ 법정 저소득 자격을 확인할 수 있는 증명서※ 자세한 사항은 첨부파일 또는 홈페이지 참고","https://www.jinju.go.kr/","2025-10-13","2025-10-17"
"1161 ","아산시미래장학회","다문화장학금","지자체(출자출연기관)","장학금","해당없음","해당없음","해당없음","해당없음","○ 기초생활수급자 차상위게층 한부모가정 2025년 기준 중위소득 130% 이하 중 1가지 이상 해당하는 자","○ 50만원","○ 다문화가족지원법에 의거한 다문화가족인 자","○ 공고일 기준 본인 또는 부모가 주민등록상 1년 이상 아산시에 계속 거주한 자○ 아산시 관재 고등학교 재학중인 자","○ 1차 선발: 학교장 및 자치행정과 추천○ 2차 선발: 심사위원 심사를 통해 최종선발※ 심사기준: 경제상황이 어려운 가정 자녀 수가 많은 가정 고학력 순으로 선발","○ 30명 ※ 자치행정과 추천 2명(북한이탈주민 자녀) 포함","○ 접수일 기준 휴학 도는 학교의 징계처분을 받은 자○ 2025년도 아산시미래장학회에서 장학금을 받았거나 받을 예정인 자","○ 학교장 및 자치행정과 추천","○ 2025년 다문화 장학금 신청서○ 2025년 다문화 장학금 장학생 추천서○ 개인정보 수집이용제공 및 조회 동의서○ 주민등록등본○ 가족관계증명서○ 다문화 학생임을 입증할 수 있는 서류※ 자세한 사항은 첨부파일 또는 홈페이지 참고","http://asanmirae.or.kr/main/","2025-10-13","2025-10-17"
"1162 ","용산구청","꿈나무(일반장학생)","지자체(출자출연기관)","장학금","지역연고","해당없음","1학년2학년3학년제한없음","해당없음","○ 국민기초생활보장법 제2조 제11호의 기준중위소득 이하의 가구의 자녀로 학비 지원이 필요한 학생 ","○ 70만원","해당없음","○ 공고일 현재 용산구 관내 주민등록자","○ 국민기초생활보장법 제2조제11호의 기준중위소득 이하 가구의 자녀로 학비 지원이 필요한 학생※ 자세한 사항은 첨부파일 또는 홈페이지 참고","○ 40명","○ 용산구 관외로 거주지를 이전하였을 때○장학생이 퇴학 정학 휴학 또는 그 밖의 사유로 학업을 중단하였을 때○ 학교장 또는 추천권자의 정지 신청이 있을 때※ 자세한 사항은 첨부파일 또는 홈페이지 참고","○ 동장 추천 필요","○ 장학생 신청서○ 장학기금 장학생 지금 신청서○ 서약서○ 주민등록표 등본○ 저소득 입증 서류※ 자세한 사항은 첨부파일 또는 홈페이지 참고","http://www.yongsan.go.kr","2025-09-01","2025-09-12"
"1163 ","재단법인 대구광역시인재육성장학재단","특기생 장학금","지자체(출자출연기관)","장학금","기타","해당없음","해당없음","해당없음","해당없음","○ 100만원","○ 특정분야(과학예술체육문화(외국어 포함) 등 재능이 뛰어난 인재로 알려진 고등학교","해당없음","○ 학교 및 시설에서 장학생 선발 심사위원회를 개최하여 시교육청 담당부서로 학생 추천 후 시교육청 담당부서에서 적부심사위원회 개최하여 선발○ 특기생 장학금 담당부서 : 중등교육과","○ 72명 (6교 각12명)○ 과학고 외국어고 체육고 예담학교 경북예술고 국제고","○ 장학금 수령자가 학업을 중단(휴학/자퇴)할 때○ 징계 처분을 받았거나 품행이 극히 불량할 때○ 중복 지원 제외 (2025년 대구인재육성장학재단 장학금 기지원자 제외)※ 자세한 사항은 첨부파일 또는 홈페이지 참고","○ 학교장 추천 필요","○ 학교장 추천서○ 개인정보 수집/이용 동의서○ 사유서 (학교 세외계좌일 경우만 제출)○ 통장사본※ 자세한 사항은 첨부파일 또는 홈페이지 참고","https://www.dge.go.kr ","2025-09-19","2025-10-24"
"1164 ","(재)대구동구교육재단","장기후원장학금","지자체(출자출연기관)","장학금","기타","해당없음","해당없음","해당없음","해당없음","○ 100만원","○ 동구 관내 고등학교 재학생","○ 공고일 현재 대구시 내 고등학교에 재학 중인 자","○ 매년 학교 성적 확인 후 장기후원 여부 심사위원회에서 결정○ 기존 장기후원 선발 장학생은 고교 3학년까지 선발연도의 기준 충족시 지급","○ 00명","※ 기관확인필요","○ 소속 학교장","○ 장학금 지원신청서○ 장학생 추천서○ 개인정보 수집 이용제공 및 조회동의서○ 신청인 서약서○ 신청자 주민등록 초본○ 재학증명서○ 성적증명서(특기장학생 제외)○ 장학금 지급계좌 통장사본(신청인 또는 보호자)","http://www.donggujhh.or.kr","2026-03-23","2026-03-27"
"1165 ","임실군애향장학회","지역으뜸인재 장학금","지자체(출자출연기관)","장학금","해당없음","해당없음","해당없음","해당없음","해당없음","○ 온라인 수강권 지원 : 연간 50만원 이내○ 학생 필요 맞춤형 교육비 지원 : 연간 50만원 이내※ 학습 진도율 80% 이상 충족 시 사후 환급","○ 학생 필요 맞춤형 교육비 지원 : 학원소재지 전북 도내로 한정○ 임실군 주소 도내 타시군 학교 고교생/학교 밖 청소년","해당없음","※ 기관확인필요","※ 기관확인필요","○ 기타 타 사업(임실봉황인재학당/학원위탁프로그램지원)과 중복 지원 불가○ 진도율 미달성 시 지원불가※ 자세한 사항은 첨부파일 또는 홈페이지 참고","해당없음","○ 임실군 지역으뜸인재 육성사업 참여신청서○ 학생 주민등록초본○ 수강권 결제 영수증※ 자세한 사항은 첨부파일 또는 홈페이지 참고","https://www.imsil.go.kr/","2026-07-02","2026-07-31"
"1166 ","충남평생교육진흥원","예체능특기장학생","지자체(출자출연기관)","장학금","지역연고","해당없음","해당없음","해당없음","해당없음","○ 100만원","○ 1년간(2022.10.01.∼2023.09.30.) 각 분야별 아래의 공인된 국내대회 또는 국제대회 입상자","○ 공고일(2023.10.10.) 기준 본인 또는 부모가 충청남도에 1년 이상계속하여 주민등록상 주소지를 둔 충남소재 고등학교 재학생","○ 학교장 추천 후 선발위원회 심사를 통한 선발","○ 20명","○ 2023년도 본 진흥원 및 타 기관·조직 장학금 수혜자","○ 단체의 경우 소속단체에서 기여도가 높은 학생 중에서 소속단체 지도자의 추천을 받은 1인만 장학생 지원 가능○ 학교장 추천 필요","○ 2023년도 예체능특기 장학생 신청서○ 장학생 추천서○ 자기소개 및 미래계획서○ 실적증명(신청자격에 해당하는 실적증명 서류)○ 개인정보 수집동의서○ 신청자 또는 부모의 주민등록 초본○ 도내 고등학교 재학증명서※ 자세한 사항은 첨부파일 또는 홈페이지 참고","http://www.cninjae.or.kr/","2023-10-10","2023-11-09"
"1167 ","사단법인 고령군교육발전위원회","고등학교 입학성적우수 장학생","지자체(출자출연기관)","장학금","지역연고","해당없음","해당없음","○ 중학교 3학년 1년간 학업능력이 상위 10% 이내","해당없음","○ 중학교 3학년 1년간 학업능력 상위 5% 이내 : 150만원○ 중학교 3학년 1년간 학업능력 상위 6~10% : 100만원","해당없음","○ 고령군 관내 중학교 졸업생으로서 관내 고등학교 진학생","※ 기관확인필요","※ 기관확인필요","※ 기관확인필요","○ 진학 고등학교장 추천에 의하여 신청·접수","○ 장학생 추천서○ 통장사본※ 자세한 사항은 첨부파일 또는 홈페이지 참고","http://www.gredu.or.kr","2026-02-19","2026-02-25"
"1168 ","한국세무사회공익재단","생활비 장학금","기타","장학금","소득구분","해당없음","해당없음","해당없음","○ 개인: 기초생활수급자/ 차상위계층/ 청소년한부모급여지원자 등/ 가사·간병방문지원자 등/ 청소년한부모자립지원패키지긴급복지지원자 등○ 단체: 사회복지 시설 등 비영리 공익기관으로 등록단체 또는 전국 자원봉사센터 및 자원봉사 등록 단체/ 구호단체 등자세한 사항은 첨부파일 또는 홈페이지 참고","○ 개인: 50만원 ~ 99만원○ 단체: 90만원 ~ 200만원","※ 자세한 사항은 첨부파일 또는 홈페이지 참고","해당없음","※ 자세한 사항은 첨부파일 또는 홈페이지 참고","○ 00명(생활비 지원대상자 및 장학금 지원대상자 포함)","○ 1가구 1명만 신청가능○ 당 재단으로부터 2024년에 지원대상자로 지원받은 경우※ 자세한 사항은 첨부파일 또는 홈페이지 참고","해당없음","○ 개인○ 지원신청서○ 주민등록등본○ 통장 사본○ 개인정보 수집 및 제공 동의서○ 기초생활수급자 : 기초생활수급자증명서(해당자)○ 차상위계층 : 차상위계층관련증명서(해당자)○ 차상위계층 : 청소년/ 한부모가정증명서/ 장애인등록증명서(해당자)○ 단체○ 지원신청서○ 신청단체 설립허가서○ 개인정보 수집 및 제공 동의서○ 통장 사본※ 자세한 사항은 첨부파일 또는 홈페이지 참고","http://www.kacptaf.or.kr","2025-10-28","2025-11-03"
"1169 ","재단법인고성향토장학회","희망드림 장학생","지자체(출자출연기관)","장학금","지역연고","해당없음","해당없음","해당없음","○ 국민기초생활보장법 상 수급자/ 차상위계층/ 한부모가정의 복지급여가구에 해당하는 고등학생","○ 100만원","○ 고성군 관내·외 고등학생","○ 선발 공고일 기준 1년 전부터 계속해서 본인 또는 친권자(후견인)가 고성군에 주민등록이 되어있는 자","※ 기관확인필요","○ 45명","해당없음","해당없음","○ 장학생 지원서○ 개인정보 수집 이용 및 제공 조회 동의서○ 가족관계 증명서○ 주민등록등본 또는 초본○ 주택 임대차 계약서○ 수급자증명서/ 차상위계층 확인증명서/ 한부모가족 증명서(해당자별)※ 자세한 사항은 첨부파일 또는 홈페이지 참고","http://www.gwgs.go.kr/","2025-02-19","2025-03-15"
"1170 ","재단법인 안산인재육성재단","안산사랑장학생","지자체(출자출연기관)","장학금","지역연고","해당없음","해당없음","○ 해당없음","○ 해당없음","○ 연 50만원","※ 기관확인필요","○ 선발 공고일 현재 안산시에 주소를 두고 거주하고 있는 대부고등학교에 재학 중인 학생","○ 선발 심사표에 따라 배점 순위로 선발(생활상황 50 / 안산시거주 50)※ 자세한 사항은 첨부파일 또는 홈페이지 참고","○ 70명","○ 퇴학/ 정학/ 휴학처분을 받거나 자퇴/ 건강 장애 등 기타 사유로 학업을 중단하거나 계속할 수 없을 경우※ 자세한 사항은 첨부파일 또는 홈페이지 참고","○ 대부 고등학교 학교장이 추천한 자로 학교를 통한 일괄 신청","○ 장학생 추천서○ 개인정보 수집/ 이용동의서○ 서약서○ 학생 본인 주민등록표 초본○ 통장 사본○ 생활상황 증빙서류(해당자)※ 자세한 사항은 첨부파일 또는 홈페이지 참고","http://www.ansanfys.go.kr","2026-05-18","2026-05-29"
"1171 ","재단법인 드림파크장학회","학업우수 장학생","기타","장학금","성적우수","해당없음","1학년2학년","○ 고등학생(1/2학년) : 2025년도 성적이 산출되는 과목 중 1~2등급 이내인 과목의 비율이 80% 이상인 자","해당없음","○ 100만원","※ 기관확인필요","○ 본인 또는 보호자가 수도권매립지 주변영향지역 2년 이상 거주 또는 관련 분야에 2년 이상 종사자","○ 서류심사○ 위원회 심의○ 결과발표","○ 10명","※ 기관확인필요","해당없음","○ 장학생 신청서○ 성적증명서(대학생은 4.5점 기준으로 발급)○ 주민등록 등/초본 각1통(주변영향지역 거주기간 모두 포함)○ 개인정보 수집/이용 및 제 3자 제공 동의서※ 자세한 사항은 첨부파일 또는 홈페이지 참고","https://blog.naver.com/slcsholar","2026-01-05","2026-01-16"
"1172 ","백운장학회(광양)","선행장학생","지자체(출자출연기관)","장학금","지역연고","해당없음","해당없음","해당없음","해당없음","○ 70만원","○ 관내 고교에 재학 중인 자로 봉사 및 선행 실적이 우수한 자","○ 공고일 기준 부모 또는 보호자가 광양시에 1년 이상 주소를 두고 있는 학생 (부·모 모두가 주소를 광양시에 두고 있어야함)","※ 기관확인필요","○ 3명","○ 장학금 신청자와 그 부모가 지방세를 체납 중인 경우○ 장학금의 이중/허위 수혜 등 기타 부정행위가 적발된 경우","○ 광양교육지원청교육장이 추천한 자","○ 해당 학교를 통해 신청※ 자세한 사항은 첨부파일 또는 홈페이지 참고","http://www.gwangyang.go.kr/fund/","2026-08-03","2026-08-31"
"1173 ","재단법인 부천교육문화재단(미사용)","희망키움 장학생","기타","장학금","기타","해당없음","해당없음","해당없음","○ 보호자(부/모 합산) 월 국민건강보험료 15만원 미만 대상자","○ 100만원","○ 기초생활수급자/ 차상위계층/ 기타 저소득층 가정 학생○ 부천관내 고등학교 1~3학년 재학생","해당없음","※ 기관확인필요","○ 35명","※ 기관확인필요","해당없음","○ 장학금신청서○ 교사추천서○ 자기소개서○ 학업계획서○ 개인정보 동의서○ 신청인 서약서○ 학부모 서약서○ 기타 저소득층※ 자세한 사항은 첨부파일 또는 홈페이지 참고","http://www.bucheonfoundation.or.kr","2023-08-21","2023-09-08"
"1174 ","재단법인 부여군굿뜨래장학회","굿뜨래장학생","지자체(출자출연기관)","장학금","지역연고","해당없음","해당없음","○ (성적우수) 직전학기 전 과목별 성적 평균 등급이 4등급 이내 학생○ 신입생 : 고교입학 석차가 40% 이내 학생 ","해당없음","○ 50만원(생활비 장학금)","○ (장애인) 장애인 학생○ (다문화) 다문화 가정 자녀","○ 공고일 1년 전부터 부여군에 주소를 둔 군민 또는 군민의 자녀로 고등학교 진학/ 재학 학생","○ (성적우수) 성적50 / 경제적여건40 / 교내수상실적5 / 다자녀5 / 재난재해 피해가정5○ (장애인) 장애의 정도 경제적 여건 성적 다자녀○ (다문화) 경제적 여건 성적 다자녀※ 자세한 사항은 첨부파일 또는 홈페이지 참고","○ 38명 ○ 성적우수 32명○ 장애인 3명○ 다문화가정 3명","○ 국가/학교 장학금 외 부여군 장학금 중복지원자○ 한 세대 한 명/하나의 분야만 신청 가능○ 재학기간 중 1번만 선발※ 자세한 사항은 첨부파일 또는 홈페이지 참고","해당없음","○ 신청서○ 주민등록등본 또는 초본(주소이력 포함)○ 가족관계증명서(신청자 본인 기준 발급)○ 다자녀 가산점 필요시 부 또는 모 기준 가족관계증명서 추가 제출○ 재학증명서○ 직전학기 성적증명서○ 2024년 건강보험료 납부확인서 2통(부·모 각 1통)○ 교내 수상실적 증명자료(해당자)○ 재난재해 피해가정 증명자료(해당자)○ 피해사실확인서(24년도 기준)○ (성적우수 신입생) 고등학교 입학석차 40% 이내 증빙자료○ (장애인) 장애인증명서 또는 장애인 등록증○ (다문화) 귀화 가족의 기본증명서○ 가족관계증명서(귀화 가족과의 관계가 나타나야 함)※ 자세한 사항은 첨부파일 또는 홈페이지 참고","http://buyeo.go.kr","2025-01-31","2025-02-14"
"1175 ","부산중구장학회","특기 장학생","지자체(출자출연기관)","장학금","해당없음","해당없음","해당없음","해당없음","해당없음","○ 100만원","○ 품행이 단정하고 문화·예술·체육·과학·기능분야에 소질과 재능이 뛰어난 학생○ 광역시 및 도단위 이상의 대회 및 경진대회에서 1위 입상자(전국대회는 3위 이상)※ 자세한 사항은 첨부파일 또는 홈페이지 참고","○ 신청일 현재 학부모 또는 학생이 중구에 3년 이상 주소가 되어 있으며 사실상 계속 거주하고 있는 자","○ 장학생 선발배점표에 의거 고득점 순으로 선발하고 동점자는 생활정도가 낮은 자가 우선하며 재단법인 중구장학회 이사회에서 최종 확정함","○ 2명","○ 2025년도 (재)중구장학회 장학생으로 선발된 이력이 있는자○ 1세대 1명※ 자세한 사항은 첨부파일 또는 홈페이지 참고","○ 학교장 추천","○ 장학금 신청서○ 개인정보 수집·이용 제공 및 조회동의서○ 장학생 추천서○ 서약서○ 주민등록등본○ 학부모 또는 보호자 증명 서류○ 보호자의 건강보험료 납부확인서○ '25년도 보호자(부·모)의 지방세 세목별 과세증명서○ 특기를 증명할 서류※ 자세한 사항은 첨부파일 또는 홈페이지 참고","http://www.bsjunggu.go.kr/","2025-12-12","2026-01-09"
"1176 ","재단법인 대구광역시인재육성장학재단","대구교육인재육성장학금(자기관리)","지자체(출자출연기관)","장학금","지역연고","해당없음","해당없음","해당없음","○ 기준 중위소득 100% 이하 가정 학생※ 자세한 사항은 첨부파일 또는 홈페이지 참고","○ 400만원○ 매년 재심사를 거쳐 고등학교 졸업시까지 지속 지원","○ 대구 소재 고등학교 1학년 재학생○ 평소 행실이 바르며 모범적인 학생○ 학교장이 추천하는 '자기관리역량' 우수 인재 및 성장가능성이 있다고 판단되는 자○ 자기 진로 도전/ 성실성/ 리더십/ 독서 인문교육(학생 책 저자 등) 특정부야 우수자 및 성장가능한 자○ 관련활동 참여자","○ 대구 소재 고등학교 재학생","○ 1차 서류평가○ 2차 면접평가","○ 대구교육인재육성장학학금 모든 분야 포함 총 1명","○ 징계 처분 받은 경우○ 학업 중단한 경우○ 타 시도로 전학(진학) 시○ 민간을 제외한 정부/ 지자체 및 공공기관의 장학금 이중수혜시 (단 일회성장학금 제외) ※ 자세한 사항은 첨부파일 또는 홈페이지 참고","○ 학교장 추천","○ 건강보험료 납부확인서○ 주민등록등본○ 개인정보 수집.이용동의서○ 성장계획서※ 자세한 사항은 첨부파일 또는 홈페이지 참고","https://www.dge.go.kr","2026-07-13","2026-08-21"
"1177 ","수도권매립지주민지원협의체","자립장학생","기타","장학금","소득구분","해당없음","해당없음","해당없음","○ 국민기초생활수급자 및 차상위계층(중위소득 50%이내)","○ 100만원","○ 조손가정/한부모가정 자녀로서 관할 동(면)장이 인정한 자","○ 수도권매립지 주변영향지역에 공고일 기준 현재 2년 이상 거주한 주민 또는 주민의 자녀","※ 기관확인필요","※ 기관확인필요","○ 2025년도 검단장학재단 및 2026년도 드림파크 장학재단 장학금 수여자 제외○ 동일 세대 지원자 2인 이상일 경우 1인만 지급○ 외국 유학생 및 교환학생※ 자세한 사항은 첨부파일 또는 홈페이지 참고","해당없음","○ 장학생신청서○ 재학증명서○ 성적증명서○ 개인정보 수집 등 동의서○ 주민등록 등·초본 각 1통씩○ 저소득장학생 확인서○ 수급자 증명서○ 장학금 지급 통장사본※ 자세한 사항은 첨부파일 또는 홈페이지 참고","https://www.slc.or.kr/","2026-01-07","2026-01-20"
"1178 ","사단법인 고령군교육발전위원회","불우가정 장학생","지자체(출자출연기관)","장학금","지역연고","해당없음","해당없음","해당없음","해당없음","○ 1인당 100만원 이내","○ 천재지변 등 가정의 불행으로 장학금이 없으면 학업을 계속할 수 없는 학생","○ 고령군 관내 중.고등학교에 재학 중인 학생","※ 기관확인필요","※ 기관확인필요","○ 학년별 동일분야 1회에 한해 지급대상 결정","○ 재학 중·고등학교장 추천에 의하여 신청·접수","○ 장학생 추천서○ 장학금 추천사유 증빙서류○ 통장사본※ 자세한 사항은 첨부파일 또는 홈페이지 참고","http://www.gredu.or.kr","2026-02-19","2026-02-25"
"1179 ","군포사랑장학회","다문화","지자체(출자출연기관)","장학금","기타","해당없음","해당없음","○ 직전년도 전체과목 내신 원점수 평균 60점 이상","해당없음","○ 80만원","○ 군포시에 거주하는 다문화 가정의 자녀 및 본인○ 관내 고등학교 또는 관외(특수목적) 고등학교에 재학 중인 2~3학년","○ 공고일 현재 군포시에 계속하여 1년 이상 주소를 두고 거주하는 자","※ 기관확인필요","○ 11명(관내 8명 / 관외 3명)","○ 신입생 제외","해당없음","○ 장학금 지원신청서○ 가족사항이 기록된 주민등록등본○ 거주지변동사항이 기록된 신청자 본인의 초본○ 외국인등록사실증명서○ 2025년도 건강보험료 납부확인서 및 건강보험 자격 확인서○ 개인정보 수집이용 제공 및 조회 동의서○ 지급받을 통장 사본(신청자 본인)○ 장애인증명서(해당자/본인)○ 학교생활기록부※ 자세한 사항은 첨부파일 또는 홈페이지 참고","http://gunpolove.or.kr","2026-03-16","2026-03-20"
"1180 ","수도권매립지주민지원협의체","예체능특기생","기타","장학금","특기자","해당없음","해당없음","해당없음","해당없음","○ 접수상황 및 적격자 심사결과에 따라 결정","○ 2025년도 전국 규모의 대회에서 3위 이상 입상한 개인 또는 단체로서 해당 학교장이 추천한 자○ 또는 예체능 분야에서 발전가능성/ 장래성이 있는 학생으로 인재육성지원이 타당하다고 판단되는 예체능 특기자","○ 수도권매립지 주변영향지역에 공고일 기준 현재 2년 이상 거주한 주민 도는 주민의 자녀","※ 기관확인필요","※ 기관확인필요","○ 고등학교 졸업생 제외○ 2025년도 검단장학재단 및 2026년도 드림파크 장학재단 장학금 수여자 제외○ 동일 세대 지원자 2인 이상일 경우 1인만 지급※ 자세한 사항은 첨부파일 또는 홈페이지 참고","○ 마을발전협의회 추천","○ 장학생신청서○ 재학증명서○ 성적증명서○ 개인정보 수집 등 동의서○ 주민등록 등·초본 각 1통씩○ 추천서○ 장학금 지급 통장사본○ 대회 참가내역/입상내역※ 자세한 사항은 첨부파일 또는 홈페이지 참고","https://www.slc.or.kr/","2026-01-07","2026-01-20"
"1181 ","재단법인 안산인재육성재단","행복이음장학생","지자체(출자출연기관)","장학금","지역연고","해당없음","해당없음","○ 해당없음","○ 생활상황(저소득/ 장애/ 다자녀/ 다문화 등)에 따라 배점 순위선발","○ 50만원※ 학생 명의 통장이나 지역화폐 카드로 지급","※ 기관확인필요","○ 선발 공고일 현재 안산시에 3년이상 계속하여 주민등록을 두거나 합산 10년 이상 주민등록을 두고 거주하고 있는 자 중 4대(학생/ 부모/ 조부모/ 증조부모)가 안산에 거주하고 있는 29세 이하","○ 생활상황 50%/ 안산시거주 50%※ 자세한 사항은 첨부파일 또는 홈페이지 참고","○ 20명 (초/중/고/대 포함)","○ 장학금 지급일 기준 시 관외로 이주한 경우○ 퇴학/ 정학/ 휴학처분을 받거나 자퇴/ 건강 장애 등 기타 사유로 학업을 중단하거나 계속할 수 없는 경우","○ 해당없음","○ 장학생 신청서○ 서약서○ 개인정보 수집/이용 동의서○ 주민등록등본/초본○ 4대 확인가능한 증명서○ 지역화폐카드 사본○ 생활상황 증빙서류 (해당자)※ 자세한 사항은 첨부파일 또는 홈페이지 참고","http://www.ansanfys.go.kr","2026-03-30","2026-04-10"
"1182 ","송파월드장학재단","특기 장학생","기타","장학금","해당없음","해당없음","해당없음","해당없음","해당없음","○ 50만원","○ 최근 2년 이내 전국대회 이상 규모의 수상실적 소지자로 예체능 및 영/수/과학 등 각 분야에서 재능이 뛰어난 학생※ 정부/지방자치단체 및 공공기관 등이 주최하는 전국 규모 이상의 경기대회에서 3위권 이내 입상자 (선발분야는 교과관련/창의성/문화/예술/올림픽경기에 포함된 체육분야로 한정)","○ 공고일 기준 학생 본인 또는 보호자가 서울특별시 송파구에 6개월 이상 거주하며 관내 학교에 재학중인 고등학생 또는 그에 준하는 곳에 재적중인 특기가 있는 학생","○ 추천권자 추천 또는 사무국 접수○ 실태조사 / 서류심사 등","○ 0명","※ 기관확인필요","○ 학교장이나 기타기관(주민센터장등)의 추천","○ 장학금 신청서 (추천기관장의 직인 날인)○ 개인정보 수집/이용/제공/조회 동의서○ 장학생의 주민등록등본○ 재학증명서○ 통장사본 (학부모명의 계좌)○ 전국대회 이상 규모 입상 수상자료 (추천일 기준 최근 2년 이내)※ 자세한 사항은 첨부파일이나 홈페이지 참고","songpaworld.co.kr","2026-03-10","2026-03-26"
"1183 ","한국재활재단","장학생","기타","장학금","해당없음","해당없음","해당없음","해당없음","해당없음","※ 기관확인필요","○ 국내 거주하는 고등학생으로(2026년 입학예정자 포함) 본인이 장애인이거나 부모 / 형제 중 등록 장애인이 있는 경우 신청 가능","해당없음","※ 기관확인필요","○ 00명 예정","※ 기관확인필요","○ 사회복지단체나 동사무소의 사회복지사 또는 학교 선생님의 추천","○ 추천서○ 주민등록등본○ 장애인증명서 또는 복지카드 사본○ 재학증명서○ 건강보험료납입증명서(2025년)※ 자세한 사항은 첨부파일이나 홈페이지 참고","https://www.krfund.or.kr","2026-01-12","2026-02-13"
"1184 ","(재)보성군장학재단","보성 향교 명륜학당 장학금","지자체(출자출연기관)","장학금","해당없음","해당없음","해당없음","해당없음","해당없음","○ 10만원","○ 선발 공고일 현재 보성 향교 명륜학당에 수강 중인 자","○ 본인 및 부 또는 모(친권자)가 공고일 현재 보성군에 1년 이상 주소를 두고 실제 거주하고 있는 고등학생","※ 기관확인필요","○ 10명","○ 2026년도 상반기 장학금 수혜자 및 귀뚜라미 문화재단 장학금 수혜자※ 자세한 사항은 첨부파일 또는 홈페이지 참고","○ 보성 향교 명륜학당 유도회장 추천","○ 장학금지원 신청서○ 주민등록초본○ 장학생 추천서○ 개인정보 수집이용 및 제공조회 동의서○ 통장사본※ 자세한 사항은 첨부파일 또는 홈페이지 참고","http://www.boseong.go.kr/","2026-08-24","2026-09-11"
"1185 ","재단법인 대구광역시인재육성장학재단","사례관리학생지원 장학금","지자체(출자출연기관)","장학금","지역연고","해당없음","해당없음","해당없음","해당없음","○ 100만원","○ 고등학교 학생 중 학업이나 특기 등 우수한 성적이 증빙되지 않으나 지원이 필요한 학생 / 가정형편이 어려운 평범한 학생 중 사례관리를 통해 추천하는 학생","해당없음","○ 학교장이 시교육청 교육복지과로 학생 추천하여 선발","○ 40명","○ 장학금 수령자가 학업을 중단(휴학/자퇴 등) 할 때○ 중복 지원 제외 (2025년 대구인재육성장학재단 장학금 기지원자도 제외)※ 자세한 사항은 첨부파일 또는 홈페이지 참고","○ 학교장 추천","○ 학교장 추천서○ 개인정보 수집/이용 동의서○ 사유서 (학교 세외계좌일 경우만 제출)○ 통장사본※ 자세한 사항은 첨부파일 또는 홈페이지 참고","https://www.dge.go.kr","2025-09-19","2025-10-24"
"1186 ","재단법인 목포인재육성재단","희망장학생(다자녀)","지자체(출자출연기관)","장학금","지역연고","해당없음","해당없음","해당없음","해당없음","○ 50만원","○ 본인 포함 형제자매 3명 이상 (상위학교 재학생 1명 지원)○ 만 25세 이하 자녀에 한함(단 대학 재학생은 포함)","○ 공고일 현재 본인 및 보호자가 목포시 내에 1년 이상 주소를 두고 목포시 소재 고등학교에 재학 중인 자","○ 자녀수 50% / 건강보험료 50% (동점일 경우 자녀수 우선)","○ 9명","○ 2026년 전남인재평생교육진흥원 등 타 장학금 수령자○ 선발 전형에 상관없이 1가구 1명 선발 원칙","해당없음","○ 목포장학재단 장학금 신청서○ 신청인 서약서○ 개인정보수집·이용 및 제공·조회 동의서○ 주민등록등본○ 가족관계증명서○ 건강보험 자격확인서 및 건강보험료 납부확인서○ 재학증명서○ 통장사본○ 부 또는 모 기준 가족관계증명서 ※ 자세한 사항은 첨부파일 또는 홈페이지 참고","http://www.mokposaf.com/","2026-05-26","2026-06-12"
"1187 ","대전광역시 동구차세대인재육성장학재단","특기장학생","지자체(출자출연기관)","장학금","특기자","해당없음","해당없음","해당없음","해당없음","○ 100만원","○ 최근 1년 이내에 전국대회 이상의 대회에서 입상한 자※ 대회기준은 전국대회 이상으로 한정○ 그 외 분야에서 국가 또는 대전 동구의 위상을 크게 빛낸 자","○ 선발공고일 현재 대전광역시 동구에 주소를 두고 1년 이상 계속 거주하고 있는 자 또는 1년 이상 계속 거주하는 자의 자녀○ 대전광역시 소재 고등학교 재학생","○ 대회 규모 수상 횟수 등을 종합 고려하여 장학생선발심의위원회심의를 거쳐 고득점자순으로 선발○ 우선순위 : 상위 입상자국가유공자소득고학년 순으로 결정","○ 고등학생 10명 / 학교별 2명 이내 추천","○ 2025년도 타 장학금 수혜자는 제외※ 자세한 사항은 첨부파일 또는 홈페이지 참고","○ 학교장 추천","○ 장학금 지원 신청서○ 장학생 추천서○ 생활기록부 사본○ 주민등록등본○ 각종 대회 입상(수상)증명서○ 대회 수상 실적서○ 보호자 통장사본○ 국가유공자·장애인 등 증명서(필요시)○ 개인정보 제공 동의서※ 자세한 사항은 첨부파일 또는 홈페이지 참고","https://www.donggu.go.kr","2025-09-15","2025-09-26"
"1188 ","울진군장학재단","특기장학금(관내)","지자체(출자출연기관)","장학금","특기자","해당없음","해당없음","해당없음","해당없음","○ 개인전 : 1등 100만원 / 2등 70만원/ 3등 50만원※ 자세한 사항은 첨부파일 또는 홈페이지 참고","○ 관련 대회 1~3등 입상자※ 2024.11.01 ~ 2025.10.31 입상자만 신청대상 ※ 자세한 사항은 첨부파일 또는 홈페이지 참고","○ 공고일 기준 울진군에 1년 이상 주소를 둔 고등학교 재학생","※ 기관확인필요","○ 정해진 인원 없음※ 자세한 사항은 첨부파일 또는 홈페이지 참고","○ 공고일 현재 휴학중이거나 정학/ 퇴학 등 징계처분을 받은 학생※ 자세한 사항은 첨부파일 또는 홈페이지 참고","해당없음","○ 장학금 신청서○ 고등학교 재학증명서○ 특기장학생추천서○ 예체능 대회 입상 실적증명 또는 상장 사본○ 개인정보 수집·이용 및 제공·조회 동의서○ 보호자의 계좌사본○ 부모 또는 보호자 명의 가족관계증명서○ 학생 주민등록 초본※ 자세한 사항은 첨부파일 또는 홈페이지 참고","http://www.uljinsf.kr/albino/index1.php","2025-11-05","2025-11-19"
"1189 ","공주시한마음장학회","예체능 인재 장학금","지자체(출자출연기관)","장학금","해당없음","해당없음","해당없음","○ 해당없음","○ 해당없음","○ 200만원","○ 예체능 분야(체육/음악/미술/기타분야)에서 전년도 기준 아래의 대회에서 3위 이내 입상자 또는 체육분야 국가(청소년)대표/상비군에 선발된 학생 중 가정형편이 어려운 학생※ 자세한 사항은 첨부파일 또는 홈페이지 참고","○ 장학생 선발 공고일 기준 장학생 또는 장학생의 보호자(부모/조부모/외조부모/실양육자)가 공주시에 1년 이상 계속해서 주민등록을 둔 자","○ (재)공주시한마음장학회 시행세칙 내 선발기준에 의거 (재)공주시한마음장학회 이사회에서 선발","○ 10명","○ 장학금 지급 전 예체능 진로 포기가 확인된 경우 장학금 지원 중단","○ 학교장 (교사/참가기관) 추천","○ 장학금 추천·신청서○ 개인정보 수집·이용·제공 및 조회 동의서○ 주민등록 초본○ 예체능 인재 장학금※ 자세한 사항은 첨부파일 또는 홈페이지 참고","http://www.gongju.go.kr","2026-04-08","2026-04-28"
"1190 ","재단법인 김해시미래인재장학재단","공익인재 장학생","지자체(출자출연기관)","장학금","지역연고","해당없음","해당없음","해당없음","해당없음","○ 50만원 (생활비 지원 장학금)","○ 김해시 소재 고등학교에 재학 중인 자○ 총 누적 봉사시간이 200시간 이상이며 공고일 현재 2023년 1년간 50시간 이상인 자","○ 공고일 현재 보호자가 김해시에 만 1년 이상 거주하고 있는 자○ 혹은 보호자가 타시도에 거주하고 있어도 본인이 1년 이상 김해시에 주민등록 되어있는 자","※ 기관확인필요","○ 20명 (고등학생/대학생 포함)","○ 2022/2023년 김해시미래인재장학재단 선발자 신청 제외○ 학생의 본분을 벗어난 행동으로 사회적 물의를 야기하였을 경우○ 공고일 기준 만 1년 전부터 장학금 수령일까지 관외 진출한 사실이 있으면 제외※ 자세한 사항은 첨부파일 또는 홈페이지 참고","○ 김해시자원봉사센터장 추천","○ 장학생 지원서○ 장학생 추천서○ 개인정보동의서○ 고등학교  재학증명서○ 자원봉사실적 확인서○ 주민등록 초본○ 주민등록등본○ 본인 또는 보호자 통장사본※ 자세한 사항은 첨부파일 또는 홈페이지 참고 ","https://www.ghjanghak.kr/","2024-09-10","2024-09-25"
"1191 ","재단법인 세종연구원","다문화가정·북한이탈주민 장학생","지자체(출자출연기관)","장학금","지역연고","해당없음","해당없음","해당없음","○ 국민기초생활 보장법 제2조 제11호에 따른 기준 중위소득(150%) 이하 가정","○ 90만원","○ 아래 두 조건 중 하나 이상 충족자*다문화가족지원법 제2조 및 제14조의2에 해당하는 다문화 가정*북한이탈주민의 보호 및 정착지원에 관한 법률 제2조제1항에 해당하는 북한이탈주민","○ 공고일 기준 1년 이상 세종시 계속 거주자(부·모 또는 본인) 혹은 세종시 관내 고등학교 재학생※ 자세한 사항은 첨부파일 또는 홈페이지 참고","○ 선발기준 : 소득배점 고득점자 선발○ 동점자 처리 기준*1순위 : 세종시 관내 학교 재학/세종시 거주 모두 충족한 신청자*2순위 : 세종시 거주기간이 긴 자*3순위 : 나이(학년) 높은 자","○ 초/중/고/대학생 포함 31명","○ 신청 자격을 장학금 수혜 시기까지 지속 유지하여야 함※ 자세한 사항은 첨부파일 또는 홈페이지 참고","해당없음","○ 신청서 / 개인정보 활용 동의서 / 서약서 / 행정정보 공동이용 사전동의서○ 통장사본○ 주민등록등본(반드시 선택발급)○ 가족관계증명서 (해당자만)○ 기타 대상 증빙서류 (혼인관계증명서/북한이탈주민 등록확인서)○ 건강보험료 납입확인서 / 건강보험 자격확인(통보)서○ 국민기초생활수급자 증명서/차상위계층 확인서/한부모가족 증명서※ 자세한 사항은 첨부파일 또는 홈페이지 참고","https://www.sri.re.kr","2026-05-06","2026-07-10"
"1192 ","용산구청","꿈나무(지역사회봉사장학생)","지자체(출자출연기관)","장학금","지역연고","해당없음","1학년2학년3학년제한없음","해당없음","해당없음","○ 70만원","○ 1년 이내 10시간 이상 봉사 실적이 있고 봉사 정신이 투철하여 지역 사회 발전에 공이 큰 학생으로 동장 추천을 받은 학생","○ 공고일 현재 용산구 관내 주민등록자","※ 기관확인필요","○ 20명","○ 당해연도 타 기관 등에서 장학금 수혜를 받았거나 받을 예정인 자○학교장 또는 추천권자의 정지 신청이 있을 때○용산구 관외로 거주지를 이전하였을 때※ 자세한 사항은 첨부파일 또는 홈페이지 참고","○ 동장 추천 필요","○ 장학생 신처서○ 장학기금 장학생 지급 신청서○ 서약서○ 주민등록표 등본○ 1365포털 자원봉사활동 확인서 또는 지역사회봉사 장학생 추천 사유서※ 자세한 사항은 첨부파일 또는 홈페이지 참고","http://www.yongsan.go.kr","2025-09-01","2025-09-12"
"1193 ","재단법인 금산교육사랑장학재단","다자녀장학생","지자체(출자출연기관)","장학금","기타","해당없음","해당없음","해당없음","해당없음","○ 100만원","○ 3자녀 이상의 다자녀 가정 중 2025년 관내 고교에 신입학 한 학생으로 첫째/ 둘째/ 셋째 등에 관계없이 해당 학생이 있을 경우 전부 신청가능※ 자세한 사항은 첨부파일 또는 홈페이지 참고","○ 공고일 기준 1년 전부터 현재까지 보호자의 주민등록이 금산군으로 되어있는 자","※ 기관확인필요","○ 100명","※ 기관확인필요","해당없음","○ 장학금 지원신청서○ 서약서○ 개인정보동의서○ 소속 학교 재학증명서○ 보호자의 주민등록등본 (주소지 다를경우 가족관계 증명서 제출)○ 학생통장 사본○ 가족관계증명서※ 자세한 사항은 첨부파일 또는 홈페이지 참고","http://geumsanedu.or.kr/","2026-03-23","2026-03-27"
"1194 ","진주시청","지역특성화장학생","지자체(출자출연기관)","장학금","지역연고","해당없음","해당없음","해당없음","해당없음","○ 50만원","○ 전통공예 및 민속예술에 기반한 전시 및 공연/ 교육활동에 참여한 학생○ 3년이내 실적이 6건 이상이면서 해당분야 단체 추천을 받은 자※ 자세한 사항은 첨부파일 또는 홈페이지 참고","○ 학생 또는 보호자가 진주시에 1년 이상 주소를 두고 계속하여 거주하는 자","○ 대상자의 학업성적/ 가구유형/ 자녀수/ 대회성적/ 거주기간/ 활동실적 등을 종합적으로 고려하여 장학금 유형별 심의 및 선발","○ 초/중/고/대 중 20명","○ 당해연도 다른 기관으로부터 장학금 받은 경우 ○ 미래세대행복기금 장학금 기 수령자※ 자세한 사항은 첨부파일 또는 홈페이지 참고","○ 해당분야 단체 및 진주시 유네스코 공예 및 민속예술 창의도시 운영위원회","○ 장학생 선발 신청서○ 장학생 추천서○ 단체추천서○ 재학증명서○ 주민등록초본○ 개인정보 수집 및 이용 동의서○ 전통공예 및 민속예술에 기반한 활동참여실적 증빙 자료○ 통장사본※ 자세한 사항은 첨부파일 또는 홈페이지 참고","https://www.jinju.go.kr/","2025-10-13","2025-10-17"
"1195 ","금왕장학회","다문화장학생","기타","장학금","지역연고","해당없음","해당없음","해당없음","○ 기초생활수급자/ 차상위 등 저소득 순으로 선발","○ 100만원","○ 다문화가족지원법 제2조에 따른 가정의 고등학생○ 음성군 관내 고등학교 소재의 학생","○ 공고일 현재 1년 이상 금왕읍에 거주하고 있는 읍민 또는 읍민의 자녀","○ 장학생은 심의위원회의 심의를 거쳐 이사회 의결 확정","○ 2명","○ 음성장학회 장학금 수여자 중복신청 불가","○ 학교장 추천","○ 장학생 신청서/ 개인정보제공동의서○ 주민등록등본○ 통장사본○ 학교장 추천서 (공문으로 대체)○ (해당자) 기초생활수급자 증명서○ 건강보험 납부확인서○ 기본증명서/ 혼인증명서※ 자세한 사항은 첨부파일 또는 홈페이지 참고","http://eumseong.go.kr/","2026-02-05","2026-03-06"
"1196 ","재단법인 증평군민장학회","예체능특기 장학금","지자체(출자출연기관)","장학금","해당없음","해당없음","해당없음","해당없음","해당없음","○ 70만원","※ 기관확인필요","○ 공고일 현재 증평군 관내 고등학교 재학중인 자","○ 선발기준에 의거 장학생선발심의위원회에서 선발","○ 18명(팀)","○ 2026년 증평군민장학회의 다른 장학금을 수혜받는 자○ 2025년 중 휴학자/군입대자/졸업예정자○ 소속 학교에서 퇴학/휴학 및 징계처분을 받은 자※ 자세한 사항은 첨부파일 또는 홈페이지 참고","○ 관내 고등학교장 추천","○ 장학생 신청서○ 장학생 추천서○ 서약서○ 주민등록등본 또는 가족관계증명서○ 통장사본※ 자세한 사항은 첨부파일 또는 홈페이지 참고","https://www.jp.go.kr/","2026-03-06","2026-03-16"
"1197 ","경기도민회장학회","예능.체육특기장학생","지자체(출자출연기관)","장학금","특기자","해당없음","해당없음","해당없음","해당없음","○ 150만원","○ 예체능 특기생은 25년도 전국 및 광역 시/ 도단위 이상 대회 수상한 실적이 반드시 있는 학생","○ 2026년 6월 12일 접수마감일 기준 현재까지 주민등록상 부 또는 모(기혼자는 본인)가 3년이상 연속하여 경기도내에서 거주(2023.6.13.이전)하고 있는 경기도민의 자녀","※ 기관확인필요","○ 체육 : 26명○ 예능 : 24명","※ 기관확인필요","○ 체육 : 경기도체육회장○ 예능 : 예총경기도연합회장※ 자세한 사항은 첨부파일 또는 홈페이지 참고","○ 신청서○ 주민등록표 등본○ 대회 입상 상장 사본○ 재학증명서※ 자세한 사항은 첨부파일 또는 홈페이지 참고","http://ggdm.kr/board4/bbs/board.phpbo_table=gong&wr_id=383","2026-06-01","2026-06-12"
"1198 ","(재)고창군장학재단","장학생(농어촌활력)","지자체(출자출연기관)","장학금","지역연고","해당없음","해당없음","해당없음","해당없음","※ 식품가공·농림어업 분야 자격증 취득○ 기사급 이상: 각 50만원○ 산업기사·기능사급: 각 30만원※ 관련분야 연구논문 등 수상자○ 1위: 100만원○ 2위: 70마원○ 3위: 50만원","○ 국가기술자격법 시행규칙 제3조의 기술 기능 분야 중 식품가공분야 및 농림어업분야 기능사급 이상 자격증 취득학생○ 관련분야의 도단위 이상 공인기관에서 주최 1~3위 수상자※ 자세한 사항은 첨부파일 또는 홈페이지 참고","○ 본인 또는 보호자의 주민등록이 1년이상 계속하여 고창군으로 되어있는 학생○ 고창군 관내학교(초중고)의 재학생※ 자세한 사항은 첨부파일 또는 홈페이지 참고","○ 자격증 또는 수상성적 ※ 자세한 사항은 첨부파일 참고","○ 00명(심사 후 확정)","○ 학교에서 징계(제적 및 정학) 처분을 받은 사실이 있는 학생○ 학생의 본분을 벗어난 행동으로 사회적 몰의를 야기한 학생○ 기타 장학금 지급이 부적당하다고 이사장이 인정할 때※ 자세한 사항은 첨부파일 또는 홈페이지 참고","해당없음","○ 장학생 신청서○ 개인정보제공동의 및 활용승낙서○ 주소확인 증빙서류 ○ 통장사본○ 재학증명서○ 자격증·입상관련 자료 사본※ 자세한 사항은 첨부파일 또는 홈페이지 참고","https://www.gochang.go.kr/","2025-10-27","2025-11-14"
"1199 ","양주시 희망장학재단","특정지원(효/선행다자녀생산직)장학생","지자체(출자출연기관)","장학금","지역연고","해당없음","해당없음","해당없음","해당없음","○ 50만원","○ 효(선)행 학생○ 정부산하기관의 효(선)행상 및 봉사상 수여자(2023년)○ 중소기업 생산직 근로자 자녀○ 관내 중소기업 사업장 생산직 근로자의 자녀(관리직 제외)○ 다자녀○ 3자녀 이상 세대○ 다문화○ 양주시에 거주 중인 다문화 가정의 자녀","○ 2023년 1월 1일 부터 공고일 기준 주민등록상 양주시에 주소를 두고 거주하는 고등학생※ 자세한 사항은 첨부파일 또는 홈페이지 참고","※ 자세한 사항은 첨부파일 또는 홈페이지 참고","○ 효(선)행 학생: 1명○ 중소기업 생산직 근로자 자녀: 10명○ 다자녀: 30명○ 다문화: 10명○ 사회배려대상자: 20명※ 대학생 포함 인원","○ 각 세대별 1명만 신청 및 접수 가능○ 분야별 중복하여 신청서 제출 불가○ 제19기 장학생 및 전년도 특정지원장학생 신청 불가※ 자세한 사항은 첨부파일 또는 홈페이지 참고","해당없음","○ 공통서류○ 장학금 지원 신청서 1부○ 재학증명서 1부○ 주민등록등본 1부○ 통장사본○ 효(선)행 학생○ 입상을 확인할 수 있는 상장 또는 증명서 사본○ 장학생 추천서○ 중소기업 생산직 근로자 자녀○ 보호자의 재직증명서 원본○ 보호자의 고용보험 가입사실확인서○ 신청자의 전년도(2023년) 성적증명서 원본○ 다자녀·다문화○ 신청자의 전년도(2023년) 성적증명서 원본○ 가족관계증명서 원본(해당자)○저소득층증명서 원본(해당자)※ 자세한 사항은 첨부파일 또는 홈페이지 참고","http://www.yjdream.kr","2025-10-27","2025-11-07"
